uf,week,date,pred,lower_95,lower_90,lower_80,lower_50,upper_50,upper_80,upper_90,upper_95
AC,1,2026-10-11,1,0,0,0,0,4,8,12,18
AC,2,2026-10-18,2,0,0,0,0,4,8,12,18
AC,3,2026-10-25,2,0,0,0,0,4,9,13,18
AC,4,2026-11-01,2,0,0,0,0,4,9,14,19
AC,5,2026-11-08,2,0,0,0,0,5,10,15,21
AC,6,2026-11-15,2,0,0,0,0,5,10,14,18.024999999999864
AC,7,2026-11-22,2,0,0,0,0,5,10,15,22
AC,8,2026-11-29,2,0,0,0,1,5,10,16,23.049999999999727
AC,9,2026-12-06,2,0,0,0,1,6,11,16,22.024999999999864
AC,10,2026-12-13,2,0,0,0,1,6,12,17,24
AC,11,2026-12-20,3,0,0,0,1,6,13,20,28
AC,12,2026-12-27,3,0,0,0,1,7,15,22,34
AC,13,2027-01-03,3,0,0,0,1,8,16,22,32
AC,14,2027-01-10,3,0,0,0,1,9,17,25,37
AC,15,2027-01-17,4,0,0,0,1,9,19,30,38
AC,16,2027-01-24,4,0,0,0,1,9,18,26,37
AC,17,2027-01-31,4,0,0,0,2,11,21,31,43
AC,18,2027-02-07,4,0,0,0,1,10,21,30,43
AC,19,2027-02-14,4,0,0,0,1,11,20,31,45
AC,20,2027-02-21,5,0,0,0,2,11,21,31,44
AC,21,2027-02-28,4,0,0,0,2,11,21,31.049999999999955,49
AC,22,2027-03-07,4,0,0,0,1,10,19,28,37
AC,23,2027-03-14,4,0,0,0,1,9,18,26,37
AC,24,2027-03-21,3,0,0,0,1,8,16,24,32
AC,25,2027-03-28,3,0,0,0,1,7,14,21,30.024999999999864
AC,26,2027-04-04,2,0,0,0,1,6,13,19,26
AC,27,2027-04-11,2,0,0,0,1,6,11,16,23
AC,28,2027-04-18,2,0,0,0,1,5,11,16,21
AC,29,2027-04-25,2,0,0,0,0,5,10,15,22
AC,30,2027-05-02,2,0,0,0,0,5,9,14,22
AC,31,2027-05-09,2,0,0,0,0,4,9,14,19
AC,32,2027-05-16,2,0,0,0,0,5,9,13,18.024999999999864
AC,33,2027-05-23,2,0,0,0,0,4,8,12,19
AC,34,2027-05-30,2,0,0,0,0,4,8,12,18
AC,35,2027-06-06,2,0,0,0,0,4,9,12,17
AC,36,2027-06-13,1,0,0,0,0,4,8,12,17
AC,37,2027-06-20,2,0,0,0,0,4,8,13,19
AC,38,2027-06-27,1,0,0,0,0,4,8,11,17
AC,39,2027-07-04,2,0,0,0,0,4,8,12,16
AC,40,2027-07-11,1,0,0,0,0,4,8,12,16.024999999999864
AC,41,2027-07-18,1,0,0,0,0,3,7,11,15.024999999999864
AC,42,2027-07-25,1,0,0,0,0,3,6.100000000000136,10,13.024999999999864
AC,43,2027-08-01,1,0,0,0,0,3,6,10,13
AC,44,2027-08-08,1,0,0,0,0,3,6,9,13
AC,45,2027-08-15,1,0,0,0,0,3,6,8,12
AC,46,2027-08-22,1,0,0,0,0,3,5,8,10
AC,47,2027-08-29,1,0,0,0,0,2,5,7,11.024999999999864
AC,48,2027-09-05,1,0,0,0,0,2,5,8,11.024999999999864
AC,49,2027-09-12,1,0,0,0,0,3,5,8,10
AC,50,2027-09-19,1,0,0,0,0,3,6,8,12
AC,51,2027-09-26,1,0,0,0,0,3,6,9.049999999999955,13.024999999999864
AC,52,2027-10-03,1,0,0,0,0,3,7,10,13
AL,1,2026-10-11,23,0,1,3,8,64,172.10000000000014,321.0999999999999,581.0249999999999
AL,2,2026-10-18,19,0,1,2,6,56,152.10000000000014,264.04999999999995,528.0249999999999
AL,3,2026-10-25,18,0,1,2,6,49,129,276,525
AL,4,2026-11-01,15,0,0,1,5,43,113.10000000000014,212.0999999999999,419.0499999999997
AL,5,2026-11-08,13,0,0,1,4,39,103,197,366.0499999999997
AL,6,2026-11-15,12,0,0,1,4,33,90,167,336
AL,7,2026-11-22,11,0,0,1,4,31,84,151,261.02499999999986
AL,8,2026-11-29,10,0,0,1,3,28,74,138.04999999999995,237.09999999999945
AL,9,2026-12-06,9,0,0,1,3,27,65,122,214.09999999999945
AL,10,2026-12-13,9,0,0,1,3,27,63.20000000000027,116,200.02499999999986
AL,11,2026-12-20,8,0,0,1,3,24,60,121,226.02499999999986
AL,12,2026-12-27,8,0,0,1,3,24.25,67,117,197.04999999999973
AL,13,2027-01-03,9,0,0,1,3,24,64,121.04999999999995,195.02499999999986
AL,14,2027-01-10,9,0,0,1,3,24,59,117,218.09999999999945
AL,15,2027-01-17,9,0,0,1,3,25,65.10000000000014,130.0999999999999,209.0749999999996
AL,16,2027-01-24,9,0,0,1,3,25,69,129,218
AL,17,2027-01-31,10,0,0,1,3,28,78.10000000000014,142.04999999999995,241.14999999999918
AL,18,2027-02-07,10,0,0,1,3,31,79,133,271.02499999999986
AL,19,2027-02-14,10,0,0,1,3,29.25,76.10000000000014,154.14999999999986,269.02499999999986
AL,20,2027-02-21,11,0,0,1,3,32,82,143.0999999999999,253.0749999999996
AL,21,2027-02-28,11,0,0,1,4,35,85,154.0999999999999,310.29999999999836
AL,22,2027-03-07,12,0,0,1,4,36,94,166.29999999999973,308.09999999999945
AL,23,2027-03-14,13,0,1,1,4,37,97,182.04999999999995,286.1249999999993
AL,24,2027-03-21,13,0,0,1,5,37,98.10000000000014,201.19999999999982,370.02499999999986
AL,25,2027-03-28,15,0,0,1,5,45,128,232.04999999999995,367.02499999999986
AL,26,2027-04-04,16,0,1,2,5,46,135.10000000000014,235.14999999999986,416.1249999999993
AL,27,2027-04-11,19,0,1,2,6,55,133,244.29999999999973,462.1249999999993
AL,28,2027-04-18,20,0,1,2,6,60,145,286.04999999999995,494.09999999999945
AL,29,2027-04-25,21,0,1,2,7,62,169.10000000000014,302.04999999999995,562.1999999999989
AL,30,2027-05-02,24,0,1,3,8,68.5,200.10000000000014,336.04999999999995,527.1249999999993
AL,31,2027-05-09,28,1,1,3,9,78.25,194.10000000000014,375.04999999999995,664
AL,32,2027-05-16,30.5,0,1,3,10,83.25,230.20000000000027,431.04999999999995,770.1499999999992
AL,33,2027-05-23,33,1,2,4,11,97,238.10000000000014,430.59999999999945,793.0999999999995
AL,34,2027-05-30,36,1,2,4,11,101,259,476.04999999999995,965.1249999999993
AL,35,2027-06-06,37,1,2,4,12,113,275,478.3499999999997,1021.1249999999993
AL,36,2027-06-13,42,1,2,5,15,123.25,322.2000000000003,583.3999999999996,981.0249999999999
AL,37,2027-06-20,42,1,2,5,14,123,340.10000000000014,619.4499999999996,1010.174999999999
AL,38,2027-06-27,48,1,2.950000000000003,5,17,140.25,392.40000000000055,737,1250.0249999999999
AL,39,2027-07-04,49,1,2.950000000000003,6,17,140,355,630,1225.174999999999
AL,40,2027-07-11,50,1,3,6,17,144,380,691.049999999999,1168.299999999993
AL,41,2027-07-18,53,1,3,7,17.75,151.25,405.40000000000055,729.3499999999997,1284.3249999999982
AL,42,2027-07-25,53,2,3,6,17,143,384.2000000000003,730.099999999999,1282.0499999999997
AL,43,2027-08-01,54,1,3,6,19,141,398.10000000000014,769.5999999999995,1495.274999999993
AL,44,2027-08-08,50,1,3,6,17,143,391.10000000000014,765.3999999999996,1494.924999999995
AL,45,2027-08-15,47,1,2,6,16,133,355.3000000000004,682.2499999999998,1204.2999999999984
AL,46,2027-08-22,45,1,3,5,15,132,365,600.3999999999996,1135.2749999999985
AL,47,2027-08-29,42,1,2,5,15,111,284.10000000000014,493.39999999999964,933.1499999999992
AL,48,2027-09-05,37,1,2,4,13,101,274.2000000000003,488.04999999999995,937.1999999999989
AL,49,2027-09-12,34,1,2,4,12,92,258.2000000000003,470.1999999999998,898.0249999999999
AL,50,2027-09-19,32,1,2,4,11,84,236.10000000000014,420.14999999999986,857.374999999998
AL,51,2027-09-26,27,1,2,3,10,80,210.20000000000027,405.1999999999998,689.4999999999973
AL,52,2027-10-03,25,0,1,3,8,74,187.3000000000004,339.39999999999964,661
AM,1,2026-10-11,2,0,0,0,1,4,7,9.049999999999955,13.024999999999864
AM,2,2026-10-18,2,0,0,0,1,3,7,10,14
AM,3,2026-10-25,2,0,0,0,1,4,7,10,14
AM,4,2026-11-01,2,0,0,0,1,4,6.100000000000136,9,12
AM,5,2026-11-08,2,0,0,0,0,4,7,10,13
AM,6,2026-11-15,2,0,0,0,0.75,4,6,10,14
AM,7,2026-11-22,2,0,0,0,1,4,7,9,13
AM,8,2026-11-29,2,0,0,0,1,4,7,10,15
AM,9,2026-12-06,2,0,0,0,1,4,7,10,14.024999999999864
AM,10,2026-12-13,2,0,0,0,1,4,8,11,15
AM,11,2026-12-20,2,0,0,0,1,4,8,11,14
AM,12,2026-12-27,2,0,0,0,1,4,8,12,17
AM,13,2027-01-03,2,0,0,0,1,5,9,12,18
AM,14,2027-01-10,2,0,0,0,1,5,9,13,17
AM,15,2027-01-17,3,0,0,0,1,6,10,15,23
AM,16,2027-01-24,3,0,0,0,1,6,11,16,22
AM,17,2027-01-31,3,0,0,0,1,6,11,16,22
AM,18,2027-02-07,3,0,0,0,1,7,13,19,25.024999999999864
AM,19,2027-02-14,4,0,0,0,2,7,13,19,27.024999999999864
AM,20,2027-02-21,4,0,0,1,2,7,13,19,26
AM,21,2027-02-28,4,0,0,1,2,8,15,22,30
AM,22,2027-03-07,4,0,0,0,2,8,14,21,29
AM,23,2027-03-14,4,0,0,1,2,8,14,21,30
AM,24,2027-03-21,4,0,0,1,2,8,14,22,31
AM,25,2027-03-28,4,0,0,1,2,8,16,24,32
AM,26,2027-04-04,4,0,0,1,2,8,15,21,31
AM,27,2027-04-11,4,0,0,1,2,8,15,22,32
AM,28,2027-04-18,4,0,0,0,2,8,15,22,30
AM,29,2027-04-25,4,0,0,1,2,8,15,21,30.024999999999864
AM,30,2027-05-02,4,0,0,1,2,8,14,21,30
AM,31,2027-05-09,4,0,0,0,2,7,14,21,29
AM,32,2027-05-16,4,0,0,0,2,7,13,20,27
AM,33,2027-05-23,3,0,0,0,1,7,13,18,28
AM,34,2027-05-30,3,0,0,0,1,7,13,18,25.024999999999864
AM,35,2027-06-06,3,0,0,0,1,7,12,18,26
AM,36,2027-06-13,3,0,0,0,1,6,11,17,24
AM,37,2027-06-20,3,0,0,0,1,6,11,15,24.024999999999864
AM,38,2027-06-27,3,0,0,0,1,6,11,16,24
AM,39,2027-07-04,3,0,0,0,1,6,11,15,22
AM,40,2027-07-11,3,0,0,0,1,6,10,15,22
AM,41,2027-07-18,3,0,0,0,1,5,11,16,22
AM,42,2027-07-25,3,0,0,0,1,5,9,14,19
AM,43,2027-08-01,2,0,0,0,1,5,10,14,19
AM,44,2027-08-08,3,0,0,0,1,5,9,13,19.024999999999864
AM,45,2027-08-15,2,0,0,0,1,5,9,12,15.024999999999864
AM,46,2027-08-22,2,0,0,0,1,5,8,12,17.024999999999864
AM,47,2027-08-29,2,0,0,0,1,5,9,12,19
AM,48,2027-09-05,2,0,0,0,1,4,8,12,16
AM,49,2027-09-12,2,0,0,0,1,4,8,11.049999999999955,17.024999999999864
AM,50,2027-09-19,2,0,0,0,1,4,8,11,16
AM,51,2027-09-26,2,0,0,0,1,4,7,11,15
AM,52,2027-10-03,2,0,0,0,1,4,7,10,13.024999999999864
AP,1,2026-10-11,1,0,0,0,0,2,6,10,16.024999999999864
AP,2,2026-10-18,1,0,0,0,0,2,5,9,15
AP,3,2026-10-25,1,0,0,0,0,2,5,8.049999999999955,13.024999999999864
AP,4,2026-11-01,1,0,0,0,0,2,5,8,13
AP,5,2026-11-08,1,0,0,0,0,2,4,7,10
AP,6,2026-11-15,0,0,0,0,0,2,4,6.0499999999999545,11
AP,7,2026-11-22,0,0,0,0,0,2,4,6,10
AP,8,2026-11-29,0,0,0,0,0,2,4,7,11
AP,9,2026-12-06,0,0,0,0,0,1,4,6,11
AP,10,2026-12-13,0,0,0,0,0,2,4,7,11
AP,11,2026-12-20,0,0,0,0,0,2,4,7,13
AP,12,2026-12-27,1,0,0,0,0,2,5,8,13
AP,13,2027-01-03,1,0,0,0,0,2,5,9,15.024999999999864
AP,14,2027-01-10,1,0,0,0,0,3,6,11,18
AP,15,2027-01-17,1,0,0,0,0,3,8,13,23.024999999999864
AP,16,2027-01-24,1,0,0,0,0,3,8,14,24.024999999999864
AP,17,2027-01-31,1,0,0,0,0,4,9,15.049999999999955,22
AP,18,2027-02-07,2,0,0,0,0,5,10,18.049999999999955,29
AP,19,2027-02-14,2,0,0,0,0,5,11,19,36
AP,20,2027-02-21,2,0,0,0,0,6,13,20,35
AP,21,2027-02-28,2,0,0,0,0,5,12,23,36.024999999999864
AP,22,2027-03-07,2,0,0,0,1,5,13,22,34
AP,23,2027-03-14,2,0,0,0,0,6,12,20,33
AP,24,2027-03-21,2,0,0,0,0,5,12,20,38.024999999999864
AP,25,2027-03-28,2,0,0,0,0,5,12,22.049999999999955,36
AP,26,2027-04-04,2,0,0,0,0,5,12,22,33.024999999999864
AP,27,2027-04-11,2,0,0,0,0,5,12,19,32.024999999999864
AP,28,2027-04-18,2,0,0,0,0,5,11,18,28
AP,29,2027-04-25,2,0,0,0,0,5,11,18,31.024999999999864
AP,30,2027-05-02,1,0,0,0,0,5,11,18,29
AP,31,2027-05-09,1,0,0,0,0,4,10,16,28.024999999999864
AP,32,2027-05-16,1,0,0,0,0,4,9,15,26
AP,33,2027-05-23,1,0,0,0,0,4,9,14,24
AP,34,2027-05-30,1,0,0,0,0,3,8,14,25
AP,35,2027-06-06,1,0,0,0,0,3,8,13,21
AP,36,2027-06-13,1,0,0,0,0,3,8,13,22
AP,37,2027-06-20,1,0,0,0,0,3,8,13,21
AP,38,2027-06-27,1,0,0,0,0,3,8,14,21
AP,39,2027-07-04,1,0,0,0,0,3,8,13,20.024999999999864
AP,40,2027-07-11,1,0,0,0,0,4,8,14,25.049999999999727
AP,41,2027-07-18,1,0,0,0,0,4,9,16.049999999999955,26.024999999999864
AP,42,2027-07-25,1,0,0,0,0,4,10,17,28
AP,43,2027-08-01,1,0,0,0,0,4,9,15,25
AP,44,2027-08-08,1,0,0,0,0,4,9.100000000000136,16,29
AP,45,2027-08-15,1,0,0,0,0,4,9,15,24.024999999999864
AP,46,2027-08-22,1,0,0,0,0,3,8,13,23
AP,47,2027-08-29,1,0,0,0,0,3,7,12,20.024999999999864
AP,48,2027-09-05,1,0,0,0,0,3,7,13,21
AP,49,2027-09-12,1,0,0,0,0,3,6,11,16
AP,50,2027-09-19,1,0,0,0,0,3,6,11,17.024999999999864
AP,51,2027-09-26,1,0,0,0,0,2,6,12,17
AP,52,2027-10-03,1,0,0,0,0,3,6,10,17
BA,1,2026-10-11,108,21,29,39,61,196,364.2000000000003,609.7499999999993,1013
BA,2,2026-10-18,110,23,30,40,63,204,395.40000000000055,663,1029.2999999999984
BA,3,2026-10-25,113,26,31,40.900000000000006,65,202,422.10000000000014,644.6999999999994,1135.0999999999995
BA,4,2026-11-01,113,23,29,41,64.75,204,372.10000000000014,584.1999999999998,932.0999999999995
BA,5,2026-11-08,114,24,31,41,66,217,405.5000000000007,656.05,1054.349999999998
BA,6,2026-11-15,114,26,32,43,67,209,383,634.1499999999999,1072.2749999999985
BA,7,2026-11-22,112,24,32,40,66,199,398.10000000000014,677.1499999999999,976.3249999999982
BA,8,2026-11-29,111,26.975,32,41,67,203,392.3000000000004,625.1499999999999,922.2249999999988
BA,9,2026-12-06,109,23,31.950000000000003,41.900000000000006,64,200.25,370.5000000000007,557,974.374999999998
BA,10,2026-12-13,109,25,31.950000000000003,41,65,209,394.2000000000003,627.1499999999999,997.1499999999992
BA,11,2026-12-20,111,23,29,41,65.75,208.25,410,704.0999999999999,1021.3749999999925
BA,12,2026-12-27,119,25,33,44,69,219,399,621.1999999999998,952.374999999998
BA,13,2027-01-03,132,29,36,50,78,245,475,783.9499999999991,1440.4499999999975
BA,14,2027-01-10,153,35,44,56,89,277,529.700000000001,994.2499999999998,1623.0999999999885
BA,15,2027-01-17,179,40,51,68,105,326.25,647,993.5499999999995,1620.3999999999978
BA,16,2027-01-24,206,45,59,78,123.75,372.25,745.1000000000001,1207.05,1784.2499999999986
BA,17,2027-01-31,245,49.975,68,89,140,434,849.4000000000005,1372.1999999999998,2154.199999999999
BA,18,2027-02-07,273,60,76,101,159,507,989.4000000000005,1499.2499999999998,2428.075
BA,19,2027-02-14,314.5,70,85.95,114,178.75,589,1140.2000000000016,1782.3499999999988,2972.549999999997
BA,20,2027-02-21,347,76,97,128,204,654.25,1211.4000000000033,1935.6999999999985,3516.4999999999864
BA,21,2027-02-28,365.5,86.95000000000002,110,147,219,685.25,1343.3000000000004,2228,3667.2749999999983
BA,22,2027-03-07,406,93,120,158,241.75,746.25,1427.4000000000005,2264.549999999999,3741.1749999999774
BA,23,2027-03-14,431.5,98,121.95,162,256,794,1566.1000000000015,2443.8999999999996,3785.3999999999924
BA,24,2027-03-21,438.5,98,127,166,252,767,1487.1000000000001,2405.2499999999995,3957.2749999999987
BA,25,2027-03-28,449,105,131,168,268.75,806.75,1504.9000000000012,2396.3999999999996,4312.474999999998
BA,26,2027-04-04,449,96.975,129.85000000000002,173,270.75,808.25,1509.2000000000003,2373.0499999999997,4050.5999999999913
BA,27,2027-04-11,420.5,93.975,128.9,164.9,260,753.5,1517.5000000000007,2335.2,3919.899999999984
BA,28,2027-04-18,438,95,127.95,166,264,767.25,1405.9000000000012,2168.3499999999995,3588.5999999999967
BA,29,2027-04-25,430,97.95,119,157.9,253,795.5,1522.3000000000004,2356,3521.374999999998
BA,30,2027-05-02,435,94.97500000000001,125,165,259,784,1464.1000000000001,2384.5499999999993,4225.699999999991
BA,31,2027-05-09,444,102.97500000000001,128.95,166,266,796.5,1462.3000000000004,2327.7499999999995,3526.4249999999975
BA,32,2027-05-16,440,107.975,131,164.9,257.75,786.75,1446,2269.2499999999995,3648.0999999999995
BA,33,2027-05-23,418,101.95,130,165,249,753.25,1368.3000000000004,2059.749999999999,2820.324999999987
BA,34,2027-05-30,396.5,89.95,116,150.9,238,708,1433.2000000000003,2190.749999999998,3682.0749999999944
BA,35,2027-06-06,374.5,83,108.95,142.9,220,685.25,1378.3000000000004,2036.199999999999,3349.149999999978
BA,36,2027-06-13,346,76.975,102,130,206.75,599.5,1127.1000000000001,1764.7999999999993,2903.9249999999947
BA,37,2027-06-20,310,71.975,90.95,119,186.75,559.75,1098.3000000000004,1768.149999999999,2868.0499999999997
BA,38,2027-06-27,284.5,64,82,106,168,516.25,987,1641.2999999999997,2647.0499999999993
BA,39,2027-07-04,261.5,57.975,74,99,158,455.5,835.1000000000001,1408.2999999999997,2311.3499999999976
BA,40,2027-07-11,241,56,67,92,138,430,832.3000000000004,1236.1999999999998,2328.224999999993
BA,41,2027-07-18,213,51.975,63,81,126,399,725.1000000000001,1149.5499999999995,1745.0749999999996
BA,42,2027-07-25,194,43,55,72,115,352,678.1000000000001,1160.4499999999996,1743.2999999999984
BA,43,2027-08-01,180,40,49,67,103,329.25,635.2000000000003,1000.1499999999999,1604.5249999999971
BA,44,2027-08-08,167,37,46.95,63,95.75,298,539,848,1396.1499999999992
BA,45,2027-08-15,151,30.975,41,55,86,268,496.10000000000014,795.7499999999993,1318.374999999998
BA,46,2027-08-22,134.5,30,38,48,81,254.25,491.3000000000004,749,1153.2749999999985
BA,47,2027-08-29,124,28,36,47,75,224,428.3000000000004,637.2499999999998,942.4499999999975
BA,48,2027-09-05,120,26,33,44,69,221.25,419.2000000000003,661.05,1068.1499999999992
BA,49,2027-09-12,115,24,32,40,68,218,392.3000000000004,620.1499999999999,942.174999999999
BA,50,2027-09-19,112,23,28.950000000000003,40,64,197,380.10000000000014,655.0999999999999,921.3499999999981
BA,51,2027-09-26,108,23,29,38,62,200.25,375.10000000000014,607.0999999999999,1018.1249999999993
BA,52,2027-10-03,104,21,27,38,62,196,391.10000000000014,678.0999999999999,978.1249999999993
CE,1,2026-10-11,37,3,5,8,17,84,203.10000000000014,379.4499999999996,771.174999999999
CE,2,2026-10-18,36,3,5,8,17,85,228.10000000000014,430.0999999999999,832.174999999999
CE,3,2026-10-25,35,3,5,8,16,86.25,199,408.3499999999997,886.1499999999992
CE,4,2026-11-01,34,3,5,8,16,80.25,204.10000000000014,424.04999999999995,812.2249999999988
CE,5,2026-11-08,33,3,5,8,16,82.25,204.40000000000055,401.14999999999986,689.2499999999986
CE,6,2026-11-15,33,4,5,8,15,74,192.10000000000014,381,720.724999999996
CE,7,2026-11-22,32,2.9750000000000014,4,7,14.75,77,198,369.2499999999998,653.174999999999
CE,8,2026-11-29,30,3,4,6,13,72,173.10000000000014,347.2999999999997,760.0749999999996
CE,9,2026-12-06,28,2,4,6,13,66,170,305.0999999999999,590.374999999998
CE,10,2026-12-13,27,2,4,6,12,63,162.3000000000004,305.49999999999955,590.1249999999993
CE,11,2026-12-20,27,2,4,6,12,65,160.10000000000014,301.04999999999995,649.1249999999993
CE,12,2026-12-27,28,2,4,6,13,64,157,291.3499999999997,620.2249999999988
CE,13,2027-01-03,30,2.9750000000000014,4,6,14,71,176.3000000000004,306.14999999999986,664.0749999999996
CE,14,2027-01-10,35,3,5,7,15.75,78,185.20000000000027,354,727.6999999999962
CE,15,2027-01-17,38,3,5,9,18,88,216.10000000000014,396,1013.6499999999965
CE,16,2027-01-24,48,4,7,11,21,105,242,472.59999999999945,1154.4249999999977
CE,17,2027-01-31,56,6,9,13,26,131.25,319,594.1499999999999,1129.5999999999967
CE,18,2027-02-07,67,8,10,16,31,156.5,378,710,1312.199999999999
CE,19,2027-02-14,80,7,12,19,37,180,414.10000000000014,745.4999999999995,1592.2249999999988
CE,20,2027-02-21,96,11,17,23,45,222,509.70000000000095,943.05,1935.649999999991
CE,21,2027-02-28,109,14,19,28,53,240,536.2000000000003,1047.2499999999998,1954.1999999999935
CE,22,2027-03-07,128,17,21,31.900000000000006,59,280,628,1216.1999999999998,2246.8249999999953
CE,23,2027-03-14,147,17.975,24.950000000000003,38,67,339.25,750.1000000000001,1334.3999999999996,2537.025
CE,24,2027-03-21,161,21.975,29,40,76,369,840.2000000000003,1450.7999999999993,3129.0499999999943
CE,25,2027-03-28,187,22,32,46.900000000000006,90,409.25,929,1874.3499999999997,3650.349999999993
CE,26,2027-04-04,217,26,35,55,108,467.25,1130.5000000000007,1993.4499999999996,3551.3999999999487
CE,27,2027-04-11,236,31,41,62,112,517,1177.1000000000001,2187.8999999999996,4226.699999999991
CE,28,2027-04-18,256,29,41,62.900000000000006,124,590,1425.2000000000003,2551.2,5271.224999999993
CE,29,2027-04-25,275,35,49,67,132.75,589.25,1319.2000000000003,2377.3499999999995,4895.624999999964
CE,30,2027-05-02,293,37,48,75,145,615.25,1481.7000000000023,2565.5999999999985,4817.125
CE,31,2027-05-09,301.5,36,52,76,147,670.25,1503.800000000001,2773.0999999999995,4888.374999999982
CE,32,2027-05-16,275,35,49,71,134,601.25,1458.9000000000012,2565.949999999999,5629.09999999994
CE,33,2027-05-23,272,33,46,68,134,595.25,1428.400000000002,2602.8499999999995,5011.4499999999925
CE,34,2027-05-30,253.5,32,43,64.9,124,549.25,1180.2000000000003,2222.0999999999963,3966.9249999999897
CE,35,2027-06-06,236,30,42,62,116,526.5,1209.700000000001,2288.2999999999997,4703.599999999986
CE,36,2027-06-13,205,26,35,54,99,479,1178.3000000000004,2064.5999999999995,3758.349999999998
CE,37,2027-06-20,190,25,33,50,92.75,431.5,957.2000000000003,1751.2999999999997,3230.4499999999807
CE,38,2027-06-27,174,22,30,42,83,388,912.4000000000005,1762.9499999999991,3318.4499999999925
CE,39,2027-07-04,152.5,19,27.950000000000003,39,74,328.5,791.1000000000001,1373.1999999999998,2664.199999999999
CE,40,2027-07-11,131,16,23,33.900000000000006,65,303.25,696.5000000000007,1352.1,2423.1499999999887
CE,41,2027-07-18,119,15,20,31,57.75,266,620.2000000000003,1140.1999999999998,1993.049999999978
CE,42,2027-07-25,112,14,18,27,53,241,597.700000000001,1047.4999999999995,2088.0999999999995
CE,43,2027-08-01,97,12,16,24,46,206,465.3000000000004,854.049999999999,1753.174999999999
CE,44,2027-08-08,82.5,10,14,21,40,178,400,893.1499999999999,1664.9499999999948
CE,45,2027-08-15,72,8,13,18,36,155,378,676.2999999999997,1267.2249999999988
CE,46,2027-08-22,65,7,11,16,29,139,327,562,1205.349999999998
CE,47,2027-08-29,52,6,9,14,26,113.25,275,552.05,1150.2249999999933
CE,48,2027-09-05,48,5,7,12,23,109.25,238,445.0999999999999,1004.549999999997
CE,49,2027-09-12,45,4,7,10,20,100,217.20000000000027,373,725.0749999999941
CE,50,2027-09-19,40,4,6,9.900000000000006,19,92,214.10000000000014,426.04999999999995,934.4749999999974
CE,51,2027-09-26,38,3,5,8,18,87,206.10000000000014,394.04999999999995,773.374999999998
CE,52,2027-10-03,35,3.9750000000000014,5,8,17,82.25,193,357.04999999999995,766.0749999999996
DF,1,2026-10-11,2,0,0,0,1,5,9,13,18
DF,2,2026-10-18,2,0,0,0,1,5,9,13,17
DF,3,2026-10-25,2,0,0,0,1,5,9,13,17.024999999999864
DF,4,2026-11-01,2,0,0,0,1,5,10,14,19.024999999999864
DF,5,2026-11-08,2,0,0,0,1,5,10,14,18
DF,6,2026-11-15,3,0,0,0,1,6,11,16,24
DF,7,2026-11-22,3,0,0,0,1,6,11,16,23
DF,8,2026-11-29,3,0,0,0,1,6,12,17,24
DF,9,2026-12-06,3,0,0,0,1,7,12,17,23.024999999999864
DF,10,2026-12-13,3,0,0,0,1,7,13,18,25
DF,11,2026-12-20,4,0,0,0,1,8,14,20.049999999999955,28
DF,12,2026-12-27,4,0,0,0,2,8,14,21.049999999999955,29
DF,13,2027-01-03,4,0,0,1,2,9,16,25,34
DF,14,2027-01-10,5,0,0,1,2,10,19,27,36
DF,15,2027-01-17,5,0,0,1,2,11,19,28,37
DF,16,2027-01-24,6,0,0,1,3,12,24,32,43
DF,17,2027-01-31,7,0,0,1,3,13,24,36,48
DF,18,2027-02-07,7,0,0,1,3,14.25,26,40,52
DF,19,2027-02-14,7,0,1,2,3,15,28,40,61
DF,20,2027-02-21,8,0,1,1,4,17,30.100000000000136,45.049999999999955,64
DF,21,2027-02-28,8,0,1,2,4,17,32.100000000000136,46,64
DF,22,2027-03-07,9,0,1,2,4,19,33,48,68
DF,23,2027-03-14,9,0,1,2,4,19,35,49,67.02499999999986
DF,24,2027-03-21,9,0,1,2,4,19,34.100000000000136,52,74.02499999999986
DF,25,2027-03-28,9,0,1,2,4,19,36.100000000000136,53,71.02499999999986
DF,26,2027-04-04,9,0,1,2,4,20,36,54,79
DF,27,2027-04-11,10,1,1,2,5,19.25,35,52,75
DF,28,2027-04-18,9,0,1,2,5,19,35,48,67
DF,29,2027-04-25,9,0,1,2,4,19,34,52,73
DF,30,2027-05-02,10,0,1,2,4,19,35,53,73.02499999999986
DF,31,2027-05-09,9,0,1,2,4,19,33,50,70.02499999999986
DF,32,2027-05-16,9,0,1,2,4,18,32,45,67
DF,33,2027-05-23,8,0,1,2,4,17,30,43.049999999999955,57
DF,34,2027-05-30,7,0,1,1,3,15,28.100000000000136,39,54.024999999999864
DF,35,2027-06-06,7,0,0,1,3,14,25,35,48
DF,36,2027-06-13,6,0,0,1,3,12,22,33,46.024999999999864
DF,37,2027-06-20,6,0,0,1,2,11,19,28,39.024999999999864
DF,38,2027-06-27,5,0,0,1,2,10,19,27,36
DF,39,2027-07-04,4,0,0,0,2,9,16,22.049999999999955,30
DF,40,2027-07-11,4,0,0,0,1,8,16,22,30
DF,41,2027-07-18,3,0,0,0,1,8,14,20,28
DF,42,2027-07-25,3,0,0,0,1,7,12,18,27
DF,43,2027-08-01,3,0,0,0,1,6,11,17,24
DF,44,2027-08-08,3,0,0,0,1,6,10,15,22
DF,45,2027-08-15,2,0,0,0,1,6,10,15,21.024999999999864
DF,46,2027-08-22,3,0,0,0,1,5,10,15,21
DF,47,2027-08-29,2,0,0,0,1,5,10,14,19
DF,48,2027-09-05,2,0,0,0,1,5,9,14,19
DF,49,2027-09-12,2,0,0,0,1,5,9,12,16.024999999999864
DF,50,2027-09-19,2,0,0,0,1,5,9,12.049999999999955,18
DF,51,2027-09-26,2,0,0,0,1,5,9,12,17
DF,52,2027-10-03,2,0,0,0,1,5,9,13,18.024999999999864
ES,1,2026-10-11,2,0,0,0,1,6,17,30.049999999999955,64
ES,2,2026-10-18,2,0,0,0,1,6,15,29,56
ES,3,2026-10-25,2,0,0,0,1,6,17,32,57.024999999999864
ES,4,2026-11-01,2,0,0,0,1,6,15,31,57.024999999999864
ES,5,2026-11-08,2,0,0,0,0,5,14,25,43.024999999999864
ES,6,2026-11-15,2,0,0,0,1,6,17,33,56.024999999999864
ES,7,2026-11-22,2,0,0,0,1,6,16,33,60
ES,8,2026-11-29,2,0,0,0,1,6.25,20,39,81
ES,9,2026-12-06,2,0,0,0,1,7,21,48.049999999999955,83.02499999999986
ES,10,2026-12-13,3,0,0,0,1,9,25,54.049999999999955,122.14999999999918
ES,11,2026-12-20,3,0,0,0,1,9,29,58,110.02499999999986
ES,12,2026-12-27,4,0,0,0,1,12,39,82.09999999999991,165.12499999999932
ES,13,2027-01-03,4,0,0,0,2,15,51,97.04999999999995,177.17499999999905
ES,14,2027-01-10,5,0,0,0,2,17,58.100000000000136,126.04999999999995,247
ES,15,2027-01-17,6,0,0,1,2,19,65,142.04999999999995,251.04999999999973
ES,16,2027-01-24,7,0,0,1,2,21,71,158.14999999999986,320.1499999999992
ES,17,2027-01-31,7,0,0,1,2,22,77,159.04999999999995,286.02499999999986
ES,18,2027-02-07,8,0,0,1,3,24,85,197.19999999999982,369.29999999999836
ES,19,2027-02-14,8,0,0,1,3,25.25,92,196.14999999999986,410.1999999999989
ES,20,2027-02-21,9,0,0,1,3,27.25,76,166.0999999999999,338.0499999999997
ES,21,2027-02-28,9,0,0,1,3,25,91,186.04999999999995,355.1249999999993
ES,22,2027-03-07,9,0,0,1,4,28,86,164.14999999999986,324.0499999999997
ES,23,2027-03-14,9,0,0,1,3,25,77.10000000000014,157.24999999999977,302.0749999999996
ES,24,2027-03-21,9,0,0,1,4,26,70.10000000000014,152.0999999999999,290.0749999999996
ES,25,2027-03-28,9,0,0,1,3,24,69,146,253.09999999999945
ES,26,2027-04-04,9,0,0,1,3,23,73,155.04999999999995,302.1499999999992
ES,27,2027-04-11,8,0,0,1,3,21,61,122.04999999999995,247.09999999999945
ES,28,2027-04-18,8,0,0,1,3,21,58,122.19999999999982,229.09999999999945
ES,29,2027-04-25,8,0,0,1,3,21,61.100000000000136,123.04999999999995,256.02499999999986
ES,30,2027-05-02,8,0,0,1,3,21,56,115,233.1999999999989
ES,31,2027-05-09,8,0,0,1,3,21,60,121,225.14999999999918
ES,32,2027-05-16,8,0,0,1,3,21,62,123.09999999999991,232.02499999999986
ES,33,2027-05-23,7,0,0,1,3,21,55,121,250.04999999999973
ES,34,2027-05-30,7,0,0,1,3,19,55.100000000000136,113,203.0749999999996
ES,35,2027-06-06,7,0,0,1,3,19,52,93,218.02499999999986
ES,36,2027-06-13,7,0,0,1,3,18,57,106.04999999999995,201.02499999999986
ES,37,2027-06-20,6,0,0,1,2,16,48,92.04999999999995,165.12499999999932
ES,38,2027-06-27,6,0,0,1,2,15,43.100000000000136,95.09999999999991,162
ES,39,2027-07-04,5,0,0,1,2,14,40.100000000000136,83.04999999999995,150.04999999999973
ES,40,2027-07-11,5,0,0,0,2,14,41.100000000000136,79,143.04999999999973
ES,41,2027-07-18,4,0,0,0,1,12,32,60.049999999999955,105.07499999999959
ES,42,2027-07-25,4,0,0,0,1,11,32,70.04999999999995,133.04999999999973
ES,43,2027-08-01,3,0,0,0,1,10,31,61,114.02499999999986
ES,44,2027-08-08,3,0,0,0,1,9,26,53,99
ES,45,2027-08-15,3,0,0,0,1,9,25,50,87.09999999999945
ES,46,2027-08-22,3,0,0,0,1,8,23,40,69.02499999999986
ES,47,2027-08-29,2,0,0,0,1,8,22,46,88.07499999999959
ES,48,2027-09-05,2,0,0,0,1,7,21,38.049999999999955,76.02499999999986
ES,49,2027-09-12,2,0,0,0,1,6,18,38,76
ES,50,2027-09-19,2,0,0,0,1,7,19,41.049999999999955,78
ES,51,2027-09-26,2,0,0,0,1,7,17,38,69
ES,52,2027-10-03,2,0,0,0,1,6,16,33,71.02499999999986
GO,1,2026-10-11,6,0,0,1,2,14,32,59.049999999999955,105
GO,2,2026-10-18,6,0,0,1,2,14,33.100000000000136,63,101.07499999999959
GO,3,2026-10-25,5,0,0,1,2,14,33,60.049999999999955,110
GO,4,2026-11-01,6,0,0,1,2,14,32,59.09999999999991,129
GO,5,2026-11-08,6,0,0,1,2,15,37,69,116.09999999999945
GO,6,2026-11-15,6,0,0,1,3,15,37,70.04999999999995,134.02499999999986
GO,7,2026-11-22,7,0,0,1,3,16,41,76,144
GO,8,2026-11-29,7,0,1,1,3,18,44,82,154.32499999999823
GO,9,2026-12-06,8,0,1,1,3,20,51,95.04999999999995,180.02499999999986
GO,10,2026-12-13,9,0,1,2,4,23,55.100000000000136,110.09999999999991,199.09999999999945
GO,11,2026-12-20,11,0,1,2,5,26.25,65,124,220.02499999999986
GO,12,2026-12-27,13,1,1,3,6,32,76,142,248.17499999999905
GO,13,2027-01-03,16,1,2,3,7,38,93,191.0999999999999,324.8249999999955
GO,14,2027-01-10,20,2,2,4,9,48,114.10000000000014,215.04999999999995,412.17499999999905
GO,15,2027-01-17,24,2,3,5,11,57,137,253.0999999999999,488.9749999999947
GO,16,2027-01-24,29,3,4,6,13,70,177.20000000000027,332.0999999999999,520.0999999999995
GO,17,2027-01-31,33,3,4,7,15,82.25,204.10000000000014,367.04999999999995,631.3999999999978
GO,18,2027-02-07,37,3,5,8.900000000000006,17,93,212.3000000000004,404.5499999999995,701.3999999999978
GO,19,2027-02-14,41,4,6,9,19,97,242.10000000000014,525.05,1030.3999999999978
GO,20,2027-02-21,42,4,6,10,20,106,263.10000000000014,457.2999999999997,829.3249999999982
GO,21,2027-02-28,45,5,7,10,20,104.25,269.10000000000014,487.0999999999999,1048.2249999999988
GO,22,2027-03-07,48,5,7,11,22,109.25,267.2000000000003,449.39999999999964,960.3999999999978
GO,23,2027-03-14,49,5,8,12,22,111.25,286.2000000000003,496.49999999999955,857.199999999988
GO,24,2027-03-21,50,5,8,12,23,120,278.3000000000004,509.3499999999997,939.0249999999999
GO,25,2027-03-28,55,5,8,12,25,129,295.3000000000004,506.2499999999998,953.2249999999988
GO,26,2027-04-04,54,7,9,13,25,124.25,329.10000000000014,609,1014.1999999999989
GO,27,2027-04-11,56,7,9,13,25,131.5,319,593.7499999999993,1081.1499999999992
GO,28,2027-04-18,56,6,8,12,25,132.25,329.2000000000003,572.4499999999996,1064.6499999999965
GO,29,2027-04-25,57,6,9,13,26,134,319,589.0999999999999,986.8499999999954
GO,30,2027-05-02,57,6.975000000000001,9,14,26.75,134,328,590.1499999999999,999.2999999999984
GO,31,2027-05-09,54,6,8,13,25,132,322.10000000000014,576.1499999999999,1085
GO,32,2027-05-16,51.5,5,8,12,23,121,305,555.1999999999998,922.2249999999933
GO,33,2027-05-23,47,5,7,11,22,112.25,286,509.14999999999986,922.1749999999936
GO,34,2027-05-30,41,4,6,9,19,104,270,451.0999999999999,819.4249999999977
GO,35,2027-06-06,35.5,4,5,8,16,87,218.10000000000014,414.2499999999998,753.174999999999
GO,36,2027-06-13,32,3,4,7,14,76,180.10000000000014,320.0999999999999,596.174999999999
GO,37,2027-06-20,26,2,4,6,12,68,169,332.04999999999995,545.4249999999977
GO,38,2027-06-27,23,2,3,5,10.75,58,147,272,545.0499999999997
GO,39,2027-07-04,20,2,3,4,9,50,123.20000000000027,213.0999999999999,413.3249999999982
GO,40,2027-07-11,17,1,2,4,8,42,109,188.04999999999995,313.02499999999986
GO,41,2027-07-18,16,1,2,3,6,37,91.20000000000027,178,293.09999999999945
GO,42,2027-07-25,13,1,2,3,6,32,80.10000000000014,149.04999999999995,272.02499999999986
GO,43,2027-08-01,12,1,1,2,5,28,70,123,240.02499999999986
GO,44,2027-08-08,11,0,1,2,4,25,60,106.04999999999995,181
GO,45,2027-08-15,10,0,1,2,4,22,56,97,197.04999999999973
GO,46,2027-08-22,9,0,1,2,4,21,49,89,148.12499999999932
GO,47,2027-08-29,8,0,1,1,3,19,46,88.04999999999995,138.04999999999973
GO,48,2027-09-05,8,0,0,1,3,17,40,75,137.04999999999973
GO,49,2027-09-12,7,0,0,1,3,16,39,71,130.02499999999986
GO,50,2027-09-19,6,0,0,1,3,15,35.100000000000136,62.049999999999955,112.07499999999959
GO,51,2027-09-26,6,0,0,1,2,15,33.100000000000136,61.049999999999955,123.02499999999986
GO,52,2027-10-03,6,0,0,1,2,13,32,60,109.02499999999986
MA,1,2026-10-11,7,0,1,1,3,16,35.100000000000136,57.049999999999955,85
MA,2,2026-10-18,7.5,0,1,1,3,16.25,33,52.049999999999955,87.02499999999986
MA,3,2026-10-25,7,0,1,1,3,15,33,51,84
MA,4,2026-11-01,7,0,0,1,3,15,34,54,75.02499999999986
MA,5,2026-11-08,7,0,0,1,3,16,33,54,90.04999999999973
MA,6,2026-11-15,7,0,0,1,3,16,35,60,90
MA,7,2026-11-22,7,0,1,1,3,16,35,59,86.02499999999986
MA,8,2026-11-29,9,0,1,2,4,19,39,60,103.12499999999932
MA,9,2026-12-06,9,0,1,2,4,20,42,69.04999999999995,113.02499999999986
MA,10,2026-12-13,10,1,1,2,4,22.25,46,77,127.02499999999986
MA,11,2026-12-20,11,1,1,2,5,24,54.100000000000136,84.04999999999995,133.02499999999986
MA,12,2026-12-27,12,1,1,2,6,26,55,86.04999999999995,158.0749999999996
MA,13,2027-01-03,14,1,2,3,6,32,67,106,166.12499999999932
MA,14,2027-01-10,17,1,2,4,8,35,72.10000000000014,124.09999999999991,232.04999999999973
MA,15,2027-01-17,19,1,2,4,9,41,87,142.04999999999995,234.04999999999973
MA,16,2027-01-24,21,2,3,5,10,46,104.10000000000014,179.14999999999986,271.0749999999996
MA,17,2027-01-31,25,2,4,6,12,55,121,185.14999999999986,308.0749999999996
MA,18,2027-02-07,29,3,4,6,13.75,63,131,206.04999999999995,384.1499999999992
MA,19,2027-02-14,35,4,5,8,17,77,165.10000000000014,259.14999999999986,431.4249999999977
MA,20,2027-02-21,38.5,4,6,9,19,77,175,297,473.02499999999986
MA,21,2027-02-28,47,5,7,11,22,102,197,360,560.0999999999995
MA,22,2027-03-07,54,5,8,13,25,115,243.10000000000014,397,667.374999999998
MA,23,2027-03-14,59,6,10,14,28,127,293.2000000000003,471.2999999999997,814.1999999999989
MA,24,2027-03-21,66,7,10,15,29.75,138.25,288.40000000000055,475.0999999999999,766.0249999999999
MA,25,2027-03-28,65,6.975000000000001,10,15,31,147.25,293,508.2999999999997,819.0999999999995
MA,26,2027-04-04,67,7,10,15,31,139,324.10000000000014,576.1999999999998,964.1249999999993
MA,27,2027-04-11,68,7,10,17,31,145.25,337.2000000000003,553.0999999999999,1052.0499999999997
MA,28,2027-04-18,67,8,11,16,31,147,307,512.2499999999998,849.0499999999997
MA,29,2027-04-25,70,6,10,16,33,152.25,311.2000000000003,511.04999999999995,1011
MA,30,2027-05-02,66,7,11,16,32,140,292.10000000000014,497.0999999999999,832.0749999999996
MA,31,2027-05-09,60,6,9,14,28,126,268.10000000000014,466.0999999999999,747.1499999999992
MA,32,2027-05-16,53,5,8,12,26,122,279,420,676.0749999999996
MA,33,2027-05-23,46,4,7,10,21,100,205,311.2499999999998,579.0499999999997
MA,34,2027-05-30,39.5,4,6,9,19,84,180,280,527.0499999999997
MA,35,2027-06-06,35,3,5,8,16,71,157.10000000000014,269,371.02499999999986
MA,36,2027-06-13,30,3,5,7,14,64,136.10000000000014,218.04999999999995,340.3249999999982
MA,37,2027-06-20,26,2,4,6,12,57,111.10000000000014,179.04999999999995,256
MA,38,2027-06-27,22,2,3,5,11,47,100.10000000000014,160.19999999999982,260.29999999999836
MA,39,2027-07-04,21,1,3,4,10,42,90,138,213.0749999999996
MA,40,2027-07-11,19,1,2,4,9,39,83.10000000000014,130.0999999999999,224
MA,41,2027-07-18,17,1,2,3,8,36,76.10000000000014,124.09999999999991,188
MA,42,2027-07-25,15,1,2,3,7,33,69,117.04999999999995,173.02499999999986
MA,43,2027-08-01,15,1,1.9500000000000028,3,7,32,68,108,177.09999999999945
MA,44,2027-08-08,14,1,2,3,6,30,62.100000000000136,99,144.04999999999973
MA,45,2027-08-15,13,1,1,2,6,28,64,97,153.02499999999986
MA,46,2027-08-22,12,1,1,2,5,26,55,86,124.04999999999973
MA,47,2027-08-29,11,0.9750000000000014,1,2,5,24,52,79,127.02499999999986
MA,48,2027-09-05,10,0,1,2,4,22,47,74.04999999999995,118
MA,49,2027-09-12,9,0,1,2,4,20,44,73.04999999999995,125
MA,50,2027-09-19,8,0,1,2,4,19,39,65,97.07499999999959
MA,51,2027-09-26,8,0,1,1.9000000000000057,4,17,37,61.049999999999955,90.02499999999986
MA,52,2027-10-03,8,0,1,1,3,17,38,61,92
MG,1,2026-10-11,61,9,13,17,31,140,358,742,1391.6249999999966
MG,2,2026-10-18,65.5,10,14,19,34,153.25,339.10000000000014,640.5499999999995,1158.4749999999974
MG,3,2026-10-25,67,11,15,20,35,157.25,378.3000000000004,718.4499999999996,1373.3249999999982
MG,4,2026-11-01,74,11,15,21,36,167,396,772.5999999999995,1465.0499999999997
MG,5,2026-11-08,80,12,15,20,38,183.25,442.2000000000003,833.05,1538.1249999999939
MG,6,2026-11-15,84,12,17,23,42,190,467.5000000000007,873.8999999999992,1459.7999999999956
MG,7,2026-11-22,89,15,18,25,44,198,512.3000000000004,1155.4499999999996,1898.5749999999969
MG,8,2026-11-29,96,16,20,27.900000000000006,49,219.25,518.700000000001,926.2499999999998,1686.4749999999974
MG,9,2026-12-06,106,17,22,30,52,252,571.3000000000004,1126.8499999999992,1994.749999999996
MG,10,2026-12-13,112,19,25,35,59,258.25,613,1242.05,2046.1499999999992
MG,11,2026-12-20,131,21,27,38,65,285,649.3000000000004,1257.1,2313.79999999999
MG,12,2026-12-27,148,24,31,43.900000000000006,74,338.25,812,1619.05,2737.0499999999884
MG,13,2027-01-03,168,27.975,37,51,86,387.5,961.5000000000007,1902.1,3436.599999999986
MG,14,2027-01-10,203,33,45,58,102,458.25,1097,2032.099999999999,3744.949999999995
MG,15,2027-01-17,247,41.975,52,72,119.75,542.25,1289.800000000001,2287.1000000000004,4209.374999999998
MG,16,2027-01-24,282,50.975,66,88,149.75,648.75,1479.700000000001,2603.15,4845.249999999993
MG,17,2027-01-31,341.5,58.975,79,106,170,764.25,1796,3035.399999999995,6830.424999999992
MG,18,2027-02-07,398,66.97500000000001,88,115,201,872.25,2047.2000000000003,3730.4999999999945,6714.049999999995
MG,19,2027-02-14,454,84,102.95,150.9,240,1029.5,2265,4359.3,8081.599999999991
MG,20,2027-02-21,518,97.95,118.95,157.9,264.75,1104.5,2455.1000000000004,4580.749999999998,9661.024999999994
MG,21,2027-02-28,559,100.94999999999999,123.95,176.9,302.75,1169,2839.9000000000015,5256.299999999999,8959.149999999987
MG,22,2027-03-07,610.5,114.95000000000002,140,190,322.75,1315,3078.500000000002,6096.499999999993,10450.84999999999
MG,23,2027-03-14,646,126.97500000000001,161,207,343,1358,3193.2000000000016,5987.35,11010.67499999993
MG,24,2027-03-21,664,116.975,151,205,350.75,1361.25,3130.2000000000016,6224.199999999999,12042.574999999992
MG,25,2027-03-28,641,122.97500000000001,164,213,339.75,1342.25,3055.7000000000025,5620.5999999999995,10018.399999999965
MG,26,2027-04-04,624.5,117.975,147,197,327.75,1292.25,2880.2000000000016,4895.7999999999965,10747.44999999997
MG,27,2027-04-11,608,113,144,194.9,317.75,1263,2808.100000000003,5139.449999999998,9334.699999999995
MG,28,2027-04-18,569,109,135.95,185,304,1231.5,2916.900000000003,5071.049999999999,8958.649999999985
MG,29,2027-04-25,529,97,125.95,165,288.75,1136.75,2662.4000000000005,4936.15,8097.674999999991
MG,30,2027-05-02,487.5,98.97500000000001,119,152,252,1003,2394.4000000000005,4274.799999999999,8062.749999999991
MG,31,2027-05-09,431.5,83.95,100,133,231,881,2019.3000000000018,3582.749999999999,8076.274999999988
MG,32,2027-05-16,401.5,71,89,118.9,206,829.25,1822.3000000000004,3590.099999999998,7047.249999999988
MG,33,2027-05-23,330,59.975,76.95,102.9,172,735,1769.1000000000042,3301.2,5813.09999999996
MG,34,2027-05-30,291.5,50,63,87,152,616.25,1497.2000000000003,3296.1,5344.924999999951
MG,35,2027-06-06,240,45,54,74,125,535.5,1259.2000000000003,2306.6499999999983,4777.524999999976
MG,36,2027-06-13,201,35,44.95,62.900000000000006,106.75,455.25,1117.1000000000001,2010.1,3790.399999999998
MG,37,2027-06-20,170.5,28,38,51,88,382.25,903.1000000000001,1732.3499999999997,3274.949999999978
MG,38,2027-06-27,145.5,27,33,44.900000000000006,75,306.25,807.9000000000012,1493.1499999999999,3096.549999999997
MG,39,2027-07-04,120.5,21,27,35,64,262,650.2000000000003,1260,2236.549999999991
MG,40,2027-07-11,103,17,22,30,50,224,582.1000000000001,1084.3999999999996,2044.0999999999995
MG,41,2027-07-18,85,13,18,25,44,193,497.10000000000014,1054.2999999999997,1794.1749999999936
MG,42,2027-07-25,81,12,16,21,38,174.25,413.10000000000014,836.6999999999994,1641.1499999999992
MG,43,2027-08-01,69,11,15,19,35,163,406.2000000000003,745.1499999999999,1269.4249999999977
MG,44,2027-08-08,60.5,10,12,17,31,143.25,350.2000000000003,682.3999999999996,1435.6249999999857
MG,45,2027-08-15,60,8,11,17,29,137,334.3000000000004,596.2999999999997,1306.3249999999928
MG,46,2027-08-22,59,9,11,16,28,132,339.2000000000003,617.05,1142.4249999999977
MG,47,2027-08-29,54,8,11,15,28,127.25,309.10000000000014,614.2499999999998,1386.8249999999791
MG,48,2027-09-05,57,8.975000000000001,11,15,27,131,326.2000000000003,594.1499999999999,1194.0749999999941
MG,49,2027-09-12,58,8,11,16,28,128.25,323.3000000000004,639.6999999999994,1265.7999999999902
MG,50,2027-09-19,59,9,11,16,29,129,314.2000000000003,571.1999999999998,1015.3249999999982
MG,51,2027-09-26,61,9,12,17,30,137,332.3000000000004,725.1999999999998,1252.2499999999986
MG,52,2027-10-03,61,9,12.950000000000003,17,30,136,335,601.2499999999998,1180.3249999999873
MS,1,2026-10-11,7,0,0,1,3,19,51.100000000000136,99.04999999999995,192
MS,2,2026-10-18,7,0,0,1,3,20,53,106,181.1999999999989
MS,3,2026-10-25,7,0,0,1,3,20,48.100000000000136,89,140.02499999999986
MS,4,2026-11-01,7,0,0,1,3,20,51,96.04999999999995,173
MS,5,2026-11-08,8,0,0,1,3,21,57,106.09999999999991,200.14999999999918
MS,6,2026-11-15,8,0,0,1,3,22,54,100.04999999999995,192.02499999999986
MS,7,2026-11-22,9,0,0,1,3,22,58,112.09999999999991,195.17499999999905
MS,8,2026-11-29,9,0,1,1,4,24,62,119,195.04999999999973
MS,9,2026-12-06,10,0,1,1,4,25,66.10000000000014,124,199.17499999999905
MS,10,2026-12-13,10,0,1,1,4,26,73.10000000000014,134.04999999999995,247.04999999999973
MS,11,2026-12-20,11,0,1,2,4,29.25,76.10000000000014,148.04999999999995,235.2749999999985
MS,12,2026-12-27,12,0,1,2,5,31,83.10000000000014,164.04999999999995,280.29999999999836
MS,13,2027-01-03,14,0,1,2,6,34,91,163,276.2249999999988
MS,14,2027-01-10,16,1,1,3,6,40,104.10000000000014,212,392.02499999999986
MS,15,2027-01-17,19,1,2,3,7,45,125.10000000000014,226.04999999999995,399.549999999997
MS,16,2027-01-24,21,1,2,4,8.75,54,138,251.19999999999982,450.4249999999977
MS,17,2027-01-31,24,1,2,4,10,63,168.10000000000014,304.0999999999999,556.2749999999985
MS,18,2027-02-07,28,2,3,5,11,75,188.20000000000027,345.0999999999999,601.0499999999997
MS,19,2027-02-14,31,2,3,6,13,83,220,397.0999999999999,767.1999999999989
MS,20,2027-02-21,35.5,2,4,7,15,95,244,472.04999999999995,920.2499999999932
MS,21,2027-02-28,41.5,3,5,7.900000000000006,17,110,296,573,1018.3499999999981
MS,22,2027-03-07,48,3,5,9,20,120,320.10000000000014,593.0999999999999,1108.5249999999971
MS,23,2027-03-14,50,4,6,9,20,135,362.40000000000055,707.2499999999989,1441.0499999999997
MS,24,2027-03-21,54,4,6,10,22,149,379.10000000000014,716.1499999999999,1428.0249999999999
MS,25,2027-03-28,59,4,6,10,24,156,384.10000000000014,719.8499999999992,1377
MS,26,2027-04-04,59,4,6,11,23,150,368.10000000000014,773.1499999999999,1237.5249999999971
MS,27,2027-04-11,62,4,6,11,24,164.25,428.3000000000004,784.05,1298.1749999999936
MS,28,2027-04-18,56.5,4,6,10,23,148,369,649.3499999999997,1425.8749999999898
MS,29,2027-04-25,54,4,5,9,21,140.25,368.2000000000003,698.05,1345.8499999999954
MS,30,2027-05-02,49,3,5,9,21,132,361.2000000000003,658.05,1088.2249999999933
MS,31,2027-05-09,45.5,3,5,8,19,120,305.10000000000014,573.7999999999993,1383.2249999999988
MS,32,2027-05-16,41,3,4,7.900000000000006,17,114,293.10000000000014,543.2499999999998,1034.0999999999995
MS,33,2027-05-23,38,2,4,6,15,95,262.2000000000003,436,900.0249999999999
MS,34,2027-05-30,34,2,3,6,13,89.25,223.3000000000004,462.14999999999986,792.0499999999997
MS,35,2027-06-06,28,2,3,5,11,78,200,392.04999999999995,768.0749999999996
MS,36,2027-06-13,25,1,2,4,10,65,160.10000000000014,316.04999999999995,627.8999999999951
MS,37,2027-06-20,22,1,2,4,9,56,143.10000000000014,256.14999999999986,453.3999999999978
MS,38,2027-06-27,19,0,1,3,7,48,127.10000000000014,235,425.02499999999986
MS,39,2027-07-04,16,1,1,2,6,44,112,200.34999999999968,431.1999999999989
MS,40,2027-07-11,15,0,1,2,6,37,99,179.04999999999995,320.0749999999996
MS,41,2027-07-18,13,0,1,2,5,33,83.10000000000014,157.04999999999995,292.09999999999945
MS,42,2027-07-25,12,0,1,2,4,31,81,156,279.0499999999997
MS,43,2027-08-01,11,0,1,2,4,27,66.10000000000014,119,225.02499999999986
MS,44,2027-08-08,10,0,1,2,4,25,63,122,215.09999999999945
MS,45,2027-08-15,9,0,0,1,4,24,63,117.09999999999991,211.02499999999986
MS,46,2027-08-22,9,0,0,1,3,23,61.100000000000136,108,192.02499999999986
MS,47,2027-08-29,8,0,0,1,3,22,57,113,197.14999999999918
MS,48,2027-09-05,8,0,0,1,3,22,54,88.04999999999995,175.09999999999945
MS,49,2027-09-12,8,0,0,1,3,22,57.100000000000136,109,199.24999999999864
MS,50,2027-09-19,7,0,0,1,3,21,55,108,192.02499999999986
MS,51,2027-09-26,7,0,0,1,3,20,54,101.04999999999995,182.0749999999996
MS,52,2027-10-03,8,0,0,1,3,19,51.100000000000136,96.04999999999995,169.09999999999945
MT,1,2026-10-11,13,1,1,2,5,31,86,171.0999999999999,327.02499999999986
MT,2,2026-10-18,13,1,1,2,6,35.25,96,175.04999999999995,309
MT,3,2026-10-25,15,1,1,3,6,38,103.10000000000014,191.04999999999995,361.09999999999945
MT,4,2026-11-01,15,1,2,3,6,38,110.10000000000014,252.14999999999986,450.37499999999795
MT,5,2026-11-08,17,1,2,3,7,43,121,228.14999999999986,441.1249999999993
MT,6,2026-11-15,17,1,2,3,7,44,130.10000000000014,290,470.4249999999977
MT,7,2026-11-22,19,1,2,4,8,54,152.10000000000014,314.0999999999999,557.2999999999984
MT,8,2026-11-29,21,2,3,4,9,54,152.10000000000014,294.1999999999998,557.0249999999999
MT,9,2026-12-06,24,2,3,5,10,59.25,160,334.04999999999995,611.0749999999996
MT,10,2026-12-13,27,2,3,6,12,68,210.20000000000027,438.5499999999995,916.1999999999989
MT,11,2026-12-20,34,3,4,7,14,82,245.3000000000004,529.5499999999995,1056.0249999999944
MT,12,2026-12-27,39,4,5,8,16,102.25,280,603.05,1265.0999999999995
MT,13,2027-01-03,47,3,5,9,19.75,121,354.2000000000003,711.6499999999994,1227.0499999999943
MT,14,2027-01-10,57,5,7,11,25,146.25,407.10000000000014,825,1751.5999999999913
MT,15,2027-01-17,73,7,10,15,30,181,465.40000000000055,953.1999999999998,2354.6249999999914
MT,16,2027-01-24,80,8,11,18,35,209,603.2000000000003,1119.5999999999995,2421.9999999999945
MT,17,2027-01-31,94,8,12,18.900000000000006,39,232.25,626.3000000000004,1323.5999999999995,2638.0249999999833
MT,18,2027-02-07,97.5,8,12,20,41,264,726.4000000000005,1500.2499999999998,2621.5499999999975
MT,19,2027-02-14,99,8,12,20,43,258.25,660.4000000000019,1330.5499999999995,2837.4999999999864
MT,20,2027-02-21,103,10,13,22,43,264.25,676.1000000000001,1462.3999999999996,3080.8499999999954
MT,21,2027-02-28,101,11,15,23,44,263,700.2000000000016,1352.5999999999995,2577.075
MT,22,2027-03-07,104,10,14,21,44,268,738.3000000000004,1382.149999999999,2459.5999999999967
MT,23,2027-03-14,98.5,9,15,23,44,265,707.3000000000004,1407.3499999999997,3142.8499999999567
MT,24,2027-03-21,93,9.975000000000001,13.950000000000003,21,42,236,626,1313.8499999999992,2741.0999999999995
MT,25,2027-03-28,99,10,14,22,42,247,625.700000000001,1253.149999999999,2110.6499999999965
MT,26,2027-04-04,93,9,14,21,42,233,597.2000000000003,1038.4499999999996,2005.0749999999996
MT,27,2027-04-11,91,9,13,19,40,223,571.8000000000011,1089.5999999999985,2309.1249999999995
MT,28,2027-04-18,88,9,14,19,39,211.25,562.1000000000001,1197.8999999999992,2424.424999999992
MT,29,2027-04-25,87,9,13,19,37.75,217,539.1000000000001,1082.199999999999,2038
MT,30,2027-05-02,83,8,12,18,35,206,551,1136.2499999999998,2225.399999999998
MT,31,2027-05-09,75,9,12,17,35,174,485.10000000000014,1008.149999999998,1841.4499999999975
MT,32,2027-05-16,72,7.975000000000001,10,16,32,174,437.5000000000007,841.9499999999991,1682.0749999999996
MT,33,2027-05-23,64,7,11,15,29,165,430,784.049999999999,1636.2249999999988
MT,34,2027-05-30,60,6,8,12,26,141.25,335.2000000000003,697.8499999999992,1181.0249999999999
MT,35,2027-06-06,55,6,8,13,24,131.25,349.10000000000014,680.2499999999998,1384.9249999999895
MT,36,2027-06-13,48,5,7,11,22,124,309.10000000000014,595.3999999999996,1141.9749999999947
MT,37,2027-06-20,42,4,6,9,18,106,261.3000000000004,549.3999999999996,1119.0749999999996
MT,38,2027-06-27,36,4,6,8.900000000000006,17,93.25,258.2000000000003,512.1999999999998,987.6749999999963
MT,39,2027-07-04,33,3,4,7,15,82,226,404.49999999999955,812.2999999999984
MT,40,2027-07-11,30,2.9750000000000014,4,6,14,70,187,350.14999999999986,690.2499999999986
MT,41,2027-07-18,26,2,3,5,11,62,168,322,579
MT,42,2027-07-25,23,2,3,5,10,55,148.10000000000014,304.49999999999955,564.4499999999975
MT,43,2027-08-01,20,1,2,4,9,50.25,123.10000000000014,231,476.29999999999836
MT,44,2027-08-08,19,1,2,4,8,44,116.10000000000014,227.0999999999999,411.3999999999978
MT,45,2027-08-15,16,1,2,3,7,41,104.10000000000014,203.0999999999999,419.1499999999992
MT,46,2027-08-22,14,1,2,3,6,36,93.20000000000027,189.04999999999995,373.0499999999997
MT,47,2027-08-29,12,1,1,2,5,33,90,179.04999999999995,344.02499999999986
MT,48,2027-09-05,12,0,1,2,5,32,88,183.04999999999995,337.29999999999836
MT,49,2027-09-12,11,0,1,2,5,29,75,163.0999999999999,315.0749999999996
MT,50,2027-09-19,11,0,1,2,5,29,85,155,404.2249999999988
MT,51,2027-09-26,12,1,1,2,5,31,92.10000000000014,175,292.37499999999795
MT,52,2027-10-03,12,0,1,2,5,30,81,152.0999999999999,313.1999999999989
PA,1,2026-10-11,15,1,2,4,8,31,64,109.09999999999991,174.0749999999996
PA,2,2026-10-18,15,1,2,4,7,31,64,118.04999999999995,185.17499999999905
PA,3,2026-10-25,14,1,2,3,7,30,65,100.04999999999995,174
PA,4,2026-11-01,15,1,2,4,8,30,64,120.04999999999995,186.09999999999945
PA,5,2026-11-08,15,1,2,3,7,30,63,116.04999999999995,190.04999999999973
PA,6,2026-11-15,15,1,2,3,7,32,71,118.09999999999991,185.09999999999945
PA,7,2026-11-22,15,1,2,3.9000000000000057,7,34,74.10000000000014,117.04999999999995,217.04999999999973
PA,8,2026-11-29,17,1,2,4,8,34,75,134.04999999999995,195.17499999999905
PA,9,2026-12-06,17,1,2,4,8,36,80,125.09999999999991,216.04999999999973
PA,10,2026-12-13,18,1.9750000000000014,2,4,9,39,86.10000000000014,152.04999999999995,258.1499999999992
PA,11,2026-12-20,20,2,3,5,10,43,88,154.0999999999999,279.37499999999795
PA,12,2026-12-27,21,2,3,5,10,45,98,152.04999999999995,240.4749999999974
PA,13,2027-01-03,23,3,4,6,11,47,112,201,343.02499999999986
PA,14,2027-01-10,26,3,5,7,13,54,122,213.04999999999995,341.17499999999905
PA,15,2027-01-17,30,4,5,8,15,61,123.10000000000014,222.0999999999999,362.09999999999945
PA,16,2027-01-24,33,4,6,9,17,69,136.10000000000014,240.19999999999982,380.02499999999986
PA,17,2027-01-31,36,4,7,10,19,69,148.10000000000014,253,414.44999999999754
PA,18,2027-02-07,40,6,8,11,20,78,148,263.0999999999999,392.4249999999977
PA,19,2027-02-14,40,5,8,12,21,81,163.10000000000014,265.0999999999999,421.29999999999836
PA,20,2027-02-21,41,6,8,12,21,81,155,240.19999999999982,396.1499999999992
PA,21,2027-02-28,43,6,9,12,22,84,157.10000000000014,280.3499999999997,430.0499999999997
PA,22,2027-03-07,42,7,9,13,22,81,167.10000000000014,275.0999999999999,422.09999999999945
PA,23,2027-03-14,40,6,8,12,22,79,162.10000000000014,279.0999999999999,426.1999999999989
PA,24,2027-03-21,39,5.975000000000001,8,12,21,75,162,264.0999999999999,431.0749999999996
PA,25,2027-03-28,40,5,7,11,22,77,150.10000000000014,246.04999999999995,393.09999999999945
PA,26,2027-04-04,39,5,7.950000000000003,11,20,74,147,229,354.0749999999996
PA,27,2027-04-11,37,5,8,11,19,72,139.10000000000014,229.74999999999932,358.0749999999996
PA,28,2027-04-18,35,5,7,11,18,68.25,144,244.24999999999977,400.0499999999997
PA,29,2027-04-25,36,4,7,10,19,70,146,237,360.29999999999836
PA,30,2027-05-02,34.5,5,7,10,17,68,136.10000000000014,225,354.1999999999989
PA,31,2027-05-09,34,4,6,10,17,67,135,227.14999999999986,362.09999999999945
PA,32,2027-05-16,32,4,6,9,16,65.25,131.10000000000014,203.14999999999986,388.02499999999986
PA,33,2027-05-23,31,4,6,8.900000000000006,16,59,119.10000000000014,196.24999999999977,343.1999999999989
PA,34,2027-05-30,29,4,6,9,16,58,114,189.04999999999995,319
PA,35,2027-06-06,29,4,6,8,15,58,118.10000000000014,174.14999999999986,296.0749999999996
PA,36,2027-06-13,27,3,5,8,14,53,111,171,272.02499999999986
PA,37,2027-06-20,26,3,5,7,14,51,108.10000000000014,179.04999999999995,281
PA,38,2027-06-27,25,3,4,7,12.75,49,103.10000000000014,172,261.02499999999986
PA,39,2027-07-04,25,3,4,7,13,48,99.10000000000014,154.04999999999995,236
PA,40,2027-07-11,24,3,4,7,13,46.25,96,148.0999999999999,227.0749999999996
PA,41,2027-07-18,23,2.9750000000000014,4,7,12,47,95,147.14999999999986,213
PA,42,2027-07-25,24,3,4,7,12,48,93.10000000000014,159,234.02499999999986
PA,43,2027-08-01,24,3,4,7,13,46,91,138.04999999999995,201.02499999999986
PA,44,2027-08-08,23,3,4,7,12,45,92.10000000000014,149,244
PA,45,2027-08-15,22,3,4,6,12,45,92,136.04999999999995,207.04999999999973
PA,46,2027-08-22,22,3,4,6,11,41,83,140,212.12499999999932
PA,47,2027-08-29,20,2,4,5,10,41,77,129,199.02499999999986
PA,48,2027-09-05,18,2,3,5,9,37,76,120.04999999999995,195.02499999999986
PA,49,2027-09-12,18,2,3,4,9,36,70.10000000000014,118.04999999999995,196.24999999999864
PA,50,2027-09-19,17,2,3,5,8,34,69.10000000000014,111.24999999999977,184.0749999999996
PA,51,2027-09-26,16,1,2,4,8,32,64,107.04999999999995,151.02499999999986
PA,52,2027-10-03,15,2,3,4,8,31,61,105.14999999999986,189.02499999999986
PB,1,2026-10-11,29,2,4,7,14,62,137.10000000000014,234,353.1499999999992
PB,2,2026-10-18,28,2,4,6,13,59,122,195.04999999999995,309.2249999999988
PB,3,2026-10-25,25,2,4,6,12,56,124.10000000000014,193,286.29999999999836
PB,4,2026-11-01,23,2,3.950000000000003,5,11,51,105,158,311.0499999999997
PB,5,2026-11-08,21,1.9750000000000014,3,5,10,46,95,177,262.02499999999986
PB,6,2026-11-15,22,2,3,5,10,44.25,92.10000000000014,148.34999999999968,233.1999999999989
PB,7,2026-11-22,19,1,2,4,9,41.25,89.10000000000014,143.04999999999995,223.02499999999986
PB,8,2026-11-29,18,1,2,4,8,40,87,137.0999999999999,218.02499999999986
PB,9,2026-12-06,17,1,2,4,8,39,85,141.04999999999995,234.02499999999986
PB,10,2026-12-13,17,1,2,4,8,39,82,130,228.04999999999973
PB,11,2026-12-20,18,1,2,3,8,38.25,83.10000000000014,136,203.0749999999996
PB,12,2026-12-27,18,1,2,4,8,41,88.10000000000014,157.14999999999986,226.0749999999996
PB,13,2027-01-03,20,2,3,5,10,42,89.10000000000014,155,250.04999999999973
PB,14,2027-01-10,22,2,3,5,10,48,101,167,264.0499999999997
PB,15,2027-01-17,26,2,3,6,12,54.25,112.10000000000014,183,262.02499999999986
PB,16,2027-01-24,29,3,4,6,13,62,130,206,332
PB,17,2027-01-31,34,3,5,7,15,71,141,251.0999999999999,375.17499999999905
PB,18,2027-02-07,38,4,6,9,19,83.25,176.10000000000014,280.04999999999995,437.0499999999997
PB,19,2027-02-14,46,4,6,10,21.75,101,215.10000000000014,350,532.0999999999995
PB,20,2027-02-21,51,5.975000000000001,8,12,24,112,244,397.14999999999986,660.5999999999967
PB,21,2027-02-28,61,7,9.950000000000003,15,29,127,271.10000000000014,460.1999999999998,717.2749999999985
PB,22,2027-03-07,65,6,11,16,31,138,286.10000000000014,437.2499999999998,775.2499999999986
PB,23,2027-03-14,71,7,12,18,35.75,151,321.10000000000014,531.4999999999995,809
PB,24,2027-03-21,77,8,12,19,36.75,165,362,589.05,942.3999999999978
PB,25,2027-03-28,80,8.975000000000001,13,20,38,171,368.2000000000003,636.6999999999994,1014.1999999999989
PB,26,2027-04-04,86.5,8.975000000000001,13,21,42,183.25,398.10000000000014,635.0999999999999,1038.0249999999999
PB,27,2027-04-11,84,8,14,20,40.75,186.25,395,655.8499999999992,1041.0249999999999
PB,28,2027-04-18,88,10,14,23,43,193,418.3000000000004,689.3999999999996,1019.0749999999996
PB,29,2027-04-25,87,10,14,22,44,188.5,425,700.0999999999999,1027.0749999999996
PB,30,2027-05-02,90,10,15,23,44,192,373,589.05,1128.349999999998
PB,31,2027-05-09,89,9.975000000000001,15,23,45,193,411.10000000000014,653.0999999999999,1094.6249999999966
PB,32,2027-05-16,91,10,16,23,45,195,426,674.1499999999999,1004.1999999999989
PB,33,2027-05-23,92,10,14.950000000000003,23,46,191,404.2000000000003,631.0999999999999,1006.1499999999992
PB,34,2027-05-30,90,9,14,22,43,193.25,399.6000000000008,621,986.1999999999989
PB,35,2027-06-06,87,9,14,23,43,191,397.10000000000014,650.05,971.2749999999985
PB,36,2027-06-13,84,9,13,20,41,192,392.2000000000003,611,1045.4999999999973
PB,37,2027-06-20,88.5,8.975000000000001,13,20,42,185.25,384.2000000000003,611.0999999999999,950.1249999999993
PB,38,2027-06-27,80,9,13,21,39.75,166,340.3000000000004,571.2499999999998,930.0499999999997
PB,39,2027-07-04,79.5,9,13,20,39,167,348.10000000000014,543,862.3499999999981
PB,40,2027-07-11,76,8,12,18,34,157,325.2000000000003,538.2499999999998,887.2999999999984
PB,41,2027-07-18,74,7,11,18,34,160,334,558.05,826.1999999999989
PB,42,2027-07-25,66,6,10,16,32,144,307,532.1999999999998,751.1249999999993
PB,43,2027-08-01,63,8,10,16,31,132,279.10000000000014,446,708.4499999999975
PB,44,2027-08-08,57,6,8,13,27,117,254.60000000000082,458.1999999999998,655.2249999999988
PB,45,2027-08-15,50.5,5,8,12,25,106,229,383.2999999999997,615.0499999999997
PB,46,2027-08-22,47,5,8,11,22,101,224.10000000000014,380.14999999999986,565.4749999999974
PB,47,2027-08-29,44,4,7,10,21,92,206,334.04999999999995,556.0249999999999
PB,48,2027-09-05,39,3,5,9,19,85,179,297,477.0749999999996
PB,49,2027-09-12,36,3,5,8,17,77,161,265.2999999999997,388.02499999999986
PB,50,2027-09-19,34,3,5,8,16,73,150.10000000000014,260.04999999999995,434.02499999999986
PB,51,2027-09-26,32,3,4,7,15,68,136.10000000000014,221.04999999999995,359.0749999999996
PB,52,2027-10-03,30,2,4,7,14,66,135,206.04999999999995,324.0499999999997
PE,1,2026-10-11,78.5,9.975000000000001,12,20,38,162,340.10000000000014,567.1499999999999,878.0499999999997
PE,2,2026-10-18,73,9,13,18,35,155,320.10000000000014,506.04999999999995,749.0499999999997
PE,3,2026-10-25,70.5,9,12,18,34,153,302.40000000000055,500.1999999999998,739.1249999999993
PE,4,2026-11-01,69,8,12,18,33,144,291,461.0999999999999,750.2499999999986
PE,5,2026-11-08,65,8,11,17,32,134,277,494.5499999999995,784.0999999999995
PE,6,2026-11-15,66,7,11,17,33,130,270.3000000000004,409.04999999999995,629.0749999999996
PE,7,2026-11-22,60,8,11,17,32,126,244,399.04999999999995,578.7499999999959
PE,8,2026-11-29,62,7.975000000000001,10,16,29,120,241.10000000000014,385.2499999999998,586.174999999999
PE,9,2026-12-06,58,7,9,15,30,121.25,242.10000000000014,365.04999999999995,566.0749999999996
PE,10,2026-12-13,58,7,11,15.900000000000006,30,115.25,235.10000000000014,365.2499999999998,599
PE,11,2026-12-20,58,7,10,16,30,113,230,352.0999999999999,558.1499999999992
PE,12,2026-12-27,59,8,11,17,31,118,232,377.0999999999999,562.1249999999993
PE,13,2027-01-03,60,7.975000000000001,11,17,30,121,240,368.04999999999995,584.0749999999996
PE,14,2027-01-10,67,8,12,19,34,132,261.10000000000014,406.0999999999999,645.0999999999995
PE,15,2027-01-17,72,9.975000000000001,13,19,37,144,282.10000000000014,460.0999999999999,633.0749999999996
PE,16,2027-01-24,79,9,15,22.900000000000006,40,159,295,472.04999999999995,746.2999999999984
PE,17,2027-01-31,87,12,17,26,45,179,342.2000000000003,538.2499999999998,839.1249999999993
PE,18,2027-02-07,95,14,19,29,51,196,380.10000000000014,607.3499999999997,918.2749999999985
PE,19,2027-02-14,108,15,21,31,54,218,424.10000000000014,657,961.274999999993
PE,20,2027-02-21,121,16,23,33,62,230,472.40000000000055,738.1999999999998,1168.1249999999993
PE,21,2027-02-28,125,15,24,35.900000000000006,64,247.25,471.70000000000095,696.3499999999997,1208.0999999999995
PE,22,2027-03-07,128.5,18,26,37,71,263,522,802.8499999999992,1080.4749999999974
PE,23,2027-03-14,132,18.975,27,40,71,269,540.2000000000003,810.05,1267.4999999999973
PE,24,2027-03-21,135,18.975,26,37.900000000000006,69,274,550.2000000000003,813,1308.8749999999952
PE,25,2027-03-28,146,22,28.950000000000003,40,76,284,556.1000000000001,894.4999999999995,1249.2249999999988
PE,26,2027-04-04,146,21,30,44,79,302,582.700000000001,927.05,1417.2249999999988
PE,27,2027-04-11,156,22,30,44,79.75,311.25,630.2000000000003,1005.1499999999999,1465.0749999999996
PE,28,2027-04-18,159,22,31,45,83,315,622.2000000000003,929.4499999999996,1490.1499999999992
PE,29,2027-04-25,167,23,32.95,46,86,329,653.2000000000003,1019.1499999999999,1481.549999999997
PE,30,2027-05-02,159,21,31,48,84,330.25,674.1000000000001,1110.6999999999994,1588.2999999999984
PE,31,2027-05-09,165,21.975,31,44.900000000000006,84,346.25,647,1157.1,1487.349999999998
PE,32,2027-05-16,174,24,33,46,85,336.75,668,1041.3999999999996,1680.6999999999962
PE,33,2027-05-23,166.5,24,34,48.900000000000006,86,338,707.1000000000001,1062.1499999999999,1644.9499999999948
PE,34,2027-05-30,173,23.975,33.95,47,85,349.25,687.2000000000003,1021.05,1447.0749999999996
PE,35,2027-06-06,172,22,29,44,86,351.25,704.1000000000001,1135.1,1553.2749999999985
PE,36,2027-06-13,168,22,31,44,86,337,650.1000000000001,1050.3999999999996,1587.2249999999988
PE,37,2027-06-20,157,20.975,30,43.900000000000006,82,326,668.2000000000003,1027.2999999999997,1410.174999999999
PE,38,2027-06-27,148,22,30,41,78.75,317,658.1000000000001,1055.1499999999999,1707.4499999999975
PE,39,2027-07-04,154,21,28,40,73,306.25,643.2000000000003,974.2499999999998,1454.0249999999999
PE,40,2027-07-11,144,17,25,37,75,299,591,949.9499999999991,1553.0999999999995
PE,41,2027-07-18,133.5,17,22.950000000000003,34,66,282.25,564.1000000000001,900.1499999999999,1430.349999999998
PE,42,2027-07-25,128.5,16,25,36,65,270.25,543.2000000000003,904.4999999999995,1477.6749999999909
PE,43,2027-08-01,124,16,23,32,62,262,563,891.5999999999995,1430.2999999999984
PE,44,2027-08-08,117,14.975000000000001,19.950000000000003,29.900000000000006,56,244.25,546,861.2499999999998,1301.3249999999982
PE,45,2027-08-15,111,14,18.950000000000003,29,53,227,488.8000000000011,713.0999999999999,1133.1249999999993
PE,46,2027-08-22,106,11.975000000000001,17.950000000000003,27,51,218,463.10000000000014,800.2499999999998,1128.0749999999996
PE,47,2027-08-29,106,13,18,26,49,215.25,435.3000000000004,724.3499999999997,1076.0999999999995
PE,48,2027-09-05,97,12,16,24,46,215,427.10000000000014,643,1002.1249999999993
PE,49,2027-09-12,88.5,11,15,23,44,192,394.10000000000014,670.2999999999997,913.1249999999993
PE,50,2027-09-19,86,11,15,21,41,182.25,413.3000000000004,638.1999999999998,938.6499999999965
PE,51,2027-09-26,78,9,14,20,39,171,366.2000000000003,605.1499999999999,874.0499999999997
PE,52,2027-10-03,79.5,7.975000000000001,12,19,37.75,164,333,516.1499999999999,796.0249999999999
PI,1,2026-10-11,6,0,0,1,3,11,23,35,54
PI,2,2026-10-18,5,0,0,1,2,11,21,32,52.024999999999864
PI,3,2026-10-25,5,0,0,1,2,10,20,32,49.024999999999864
PI,4,2026-11-01,5,0,0,1,2,10,19,29,42
PI,5,2026-11-08,5,0,0,1,2,9,19,30,45.024999999999864
PI,6,2026-11-15,4,0,0,1,2,9,19,29,39.024999999999864
PI,7,2026-11-22,4,0,0,0.9000000000000057,2,9,18,28,41
PI,8,2026-11-29,4,0,0,0,2,9,19,28.049999999999955,43
PI,9,2026-12-06,4,0,0,0,2,9,19,28,45
PI,10,2026-12-13,4,0,0,0,2,10,20,32,45
PI,11,2026-12-20,5,0,0,0,2,10,20,32,50.024999999999864
PI,12,2026-12-27,5,0,0,1,2,11,23,33,47.024999999999864
PI,13,2027-01-03,5,0,0,1,2,12,25,37,52.024999999999864
PI,14,2027-01-10,7,0,0,1,3,14,29,44,73.02499999999986
PI,15,2027-01-17,8,0,1,1,3,16,31.100000000000136,48,71.02499999999986
PI,16,2027-01-24,9,0,1,2,4,19,39,56.049999999999955,83.02499999999986
PI,17,2027-01-31,12,1,2,3,6,26,47,70,98.02499999999986
PI,18,2027-02-07,15,1,2,3,7,31,60,90.04999999999995,125.02499999999986
PI,19,2027-02-14,18,1.9750000000000014,3,4,9,36,69,105.04999999999995,175.02499999999986
PI,20,2027-02-21,23,2,3,6,11,46,93,142.04999999999995,207.24999999999864
PI,21,2027-02-28,27,2,4,6,13,54.25,104,170.04999999999995,258.02499999999986
PI,22,2027-03-07,33,4,6,8,16,67,137,203.04999999999995,319
PI,23,2027-03-14,38,4.975000000000001,7,10,18,80,154,256,399.0749999999996
PI,24,2027-03-21,43,5,7,11,22,89,177,267.0999999999999,397.29999999999836
PI,25,2027-03-28,49,6,10,14,25,99,192,300.14999999999986,409.0499999999997
PI,26,2027-04-04,54,7,10,15,28,112,218,357.1999999999998,526.0999999999995
PI,27,2027-04-11,60,7,10.950000000000003,16,29,124,239.10000000000014,365.0999999999999,545.1499999999992
PI,28,2027-04-18,65,8,13,18,33,128,258,399.14999999999986,631.0749999999996
PI,29,2027-04-25,71,9,12,19,36,142,264.10000000000014,424.0999999999999,573.0999999999995
PI,30,2027-05-02,71,9,13,19,35,141.25,272.10000000000014,409,640.174999999999
PI,31,2027-05-09,72,8,12,19,35,143,264.10000000000014,394,570.0999999999995
PI,32,2027-05-16,66,9,13,18.900000000000006,34,133,259,420.39999999999964,694.0499999999997
PI,33,2027-05-23,64.5,8,12,17,32,125.25,259.2000000000003,406,544.0249999999999
PI,34,2027-05-30,59,6.975000000000001,10,16,30,116,218.40000000000055,350.14999999999986,512.2749999999985
PI,35,2027-06-06,53,7,9,15,28,106,211.20000000000027,309.2499999999998,453.2249999999988
PI,36,2027-06-13,48,6,8,13,24,94,184.10000000000014,289.04999999999995,467.17499999999905
PI,37,2027-06-20,43,5,8,12,22,87,166.10000000000014,250.04999999999995,363.02499999999986
PI,38,2027-06-27,39,5,7,10,19,79,154.10000000000014,245.04999999999995,355.1249999999993
PI,39,2027-07-04,34,4,6,9,18,68,136,210.14999999999986,305.02499999999986
PI,40,2027-07-11,30,4,5,8,15,63,117.10000000000014,192.0999999999999,273.02499999999986
PI,41,2027-07-18,27,3,5,7,13,53,103,163,230.0749999999996
PI,42,2027-07-25,23,2,4,6,12,45,84,128.04999999999995,193.0749999999996
PI,43,2027-08-01,20,2,3,5,11,41,76,116.04999999999995,172
PI,44,2027-08-08,17,2,3,4,9,36,70,102.04999999999995,155.04999999999973
PI,45,2027-08-15,14,1,2,3,7,28,54,82.04999999999995,134.02499999999986
PI,46,2027-08-22,12,1,2,3,6,24,47,74,107
PI,47,2027-08-29,10,1,1,2,5,20,39,59,89.04999999999973
PI,48,2027-09-05,9,0,1,2,4,18,36,52,80.04999999999973
PI,49,2027-09-12,8,0,1,2,4,15,30,47,66.02499999999986
PI,50,2027-09-19,7,0,1,2,3,15,29,46,66
PI,51,2027-09-26,6,0,1,1,3,14,28,41,55
PI,52,2027-10-03,6,0,0,1,3,13,25,38,60
PR,1,2026-10-11,3,0,0,0,2,7.25,14,25,39
PR,2,2026-10-18,4,0,0,1,1,8,16,27,44.024999999999864
PR,3,2026-10-25,4,0,0,1,2,8,18,30,48
PR,4,2026-11-01,4,0,0,1,2,9,20,33,58
PR,5,2026-11-08,5,0,0,1,2,10,22,33.049999999999955,51
PR,6,2026-11-15,5,0,0,1,2,11,22,34,64.02499999999986
PR,7,2026-11-22,6,0,1,1,3,12,23,38,57.04999999999973
PR,8,2026-11-29,6,0,1,1,3,13,26,42,68
PR,9,2026-12-06,7,0,1,1,3,13,26,43,71
PR,10,2026-12-13,7,0,1,2,4,14,27,44,73.02499999999986
PR,11,2026-12-20,8,1,1,2,4,15,29,47,74
PR,12,2026-12-27,8,1,1,2,4,17,33,52,85.02499999999986
PR,13,2027-01-03,10,1,2,3,5,19,39,64.04999999999995,105.02499999999986
PR,14,2027-01-10,12,1,2,3,6,22,43,66,105
PR,15,2027-01-17,13,1,2,4,7,26,50,74,114
PR,16,2027-01-24,15,2,3,5,8,30,61,90.09999999999991,142
PR,17,2027-01-31,18,3,4,6,10,35,72,112.04999999999995,177.04999999999973
PR,18,2027-02-07,21,3,4,6,11,41,79,126.04999999999995,197.17499999999905
PR,19,2027-02-14,25,4,6,7,13,46,91,135,213
PR,20,2027-02-21,30,4,6,8,15,59,117,177,293.02499999999986
PR,21,2027-02-28,32,6,7,10,17,64,132,215.0999999999999,353.02499999999986
PR,22,2027-03-07,38,6,8,12,20,73,143,219.0999999999999,381.02499999999986
PR,23,2027-03-14,38,7,9,13,21,74,139.10000000000014,235,447.0749999999996
PR,24,2027-03-21,39,7,9,12,21,80,162,258.14999999999986,479.02499999999986
PR,25,2027-03-28,40,7,9,12,21,76,149,228.04999999999995,383.0749999999996
PR,26,2027-04-04,38,6,8,11,20,75,152.10000000000014,247.0999999999999,406.4249999999977
PR,27,2027-04-11,35,5,7,11,19,68,136,220.0999999999999,382.1249999999993
PR,28,2027-04-18,33,5,7,10,18,64,127,201.04999999999995,361.0749999999996
PR,29,2027-04-25,30,5,7,10,17,60,116.10000000000014,182.0999999999999,288
PR,30,2027-05-02,27,4,6,8,14,51,102,169,257.29999999999836
PR,31,2027-05-09,24,4,5,7,13,47,90,159.0999999999999,250
PR,32,2027-05-16,20,3,4,6,11,40,75,128,205
PR,33,2027-05-23,17,2,3,5,9,31,64.10000000000014,95,151.04999999999973
PR,34,2027-05-30,14,2,2,4,7,27,52,83,123.07499999999959
PR,35,2027-06-06,11,1,2,3,6,22,42,71,123
PR,36,2027-06-13,9,1,1,2,5,18,33,56,80
PR,37,2027-06-20,7,1,1,2,4,14,29,46,66.02499999999986
PR,38,2027-06-27,7,0,1,1,3,13,24,38,61.024999999999864
PR,39,2027-07-04,5,0,0,1,3,10,21,32,51
PR,40,2027-07-11,5,0,0,1,2,9,18,29,55
PR,41,2027-07-18,4,0,0,1,2,8,15,25,38.024999999999864
PR,42,2027-07-25,4,0,0,1,2,7,14,22,37
PR,43,2027-08-01,3,0,0,0,1,6.25,12,20,31.024999999999864
PR,44,2027-08-08,3,0,0,0,1,6,12,18,29
PR,45,2027-08-15,3,0,0,0,1,6,11,16,24
PR,46,2027-08-22,3,0,0,0,1,6,11,18,26.024999999999864
PR,47,2027-08-29,3,0,0,0,1,5,10,16,25.024999999999864
PR,48,2027-09-05,3,0,0,0,1,5,10,15,24
PR,49,2027-09-12,3,0,0,0,1,6,11,17,27
PR,50,2027-09-19,3,0,0,0,1,6,12,19,32
PR,51,2027-09-26,3,0,0,0,1,6,12,20,31
PR,52,2027-10-03,3,0,0,0,1,7,13,22,35
RJ,1,2026-10-11,32,0,1,3,10,102,277,515.05,978.2249999999988
RJ,2,2026-10-18,34,1,1,3,10,108,275.10000000000014,485,893.2999999999984
RJ,3,2026-10-25,34,1,2,4,11,111,319.10000000000014,585.5499999999995,1041.549999999997
RJ,4,2026-11-01,36,0,1,4,11,113,318.10000000000014,528.1999999999998,835.0499999999997
RJ,5,2026-11-08,39,1,1,4,12,116,318.10000000000014,600.1499999999999,996.2499999999986
RJ,6,2026-11-15,39,0,2,4,12,125,312.3000000000004,581.3999999999996,1014.1249999999993
RJ,7,2026-11-22,41,1,1,4,12,120,337.2000000000003,606.5499999999995,1195.3999999999978
RJ,8,2026-11-29,41,1,2,4,12,129.25,357.2000000000003,665.6499999999994,1201.724999999996
RJ,9,2026-12-06,41.5,1,2,4,13,137,369,680.3499999999997,1292.4499999999975
RJ,10,2026-12-13,46,1,2,4,13.75,143,411.10000000000014,720.5499999999995,1457.4499999999975
RJ,11,2026-12-20,47,1,2,5,15,142.25,370.1000000000015,631.0999999999999,1064.8749999999952
RJ,12,2026-12-27,51,1,2,5,16,155,414.2000000000003,763.05,1278.6249999999966
RJ,13,2027-01-03,53.5,1,2,5,17,174,495.10000000000014,835.05,1693.6499999999965
RJ,14,2027-01-10,62,1,3,6,21,180.25,526.3000000000018,1017.6999999999994,1679
RJ,15,2027-01-17,69,2,3,7,22,226,588,1003,1596.174999999999
RJ,16,2027-01-24,77,2,3,7,23,220,645.8000000000011,1362.1,2129.649999999997
RJ,17,2027-01-31,80,2,4,9,27.75,232.5,659.4000000000005,1234.3999999999996,1938.84999999999
RJ,18,2027-02-07,89,2,4,9,28,271,728,1346.2999999999988,2246.124999999999
RJ,19,2027-02-14,95,2,4,9,31,301.25,827.1000000000029,1525.099999999999,2846.524999999992
RJ,20,2027-02-21,113.5,2,5,11.900000000000006,33,322.5,860.6000000000008,1590,2613.274999999977
RJ,21,2027-02-28,115.5,3,6,11,39,348,963.5000000000007,1615.3499999999997,2990.724999999996
RJ,22,2027-03-07,131,3,6,13,42,398.5,1104.2000000000003,1968.05,3218.0249999999946
RJ,23,2027-03-14,137,4,7,14,42,424,1120.3000000000004,1873.4499999999996,3312.1499999999883
RJ,24,2027-03-21,155,4,8,17,46,453,1240.700000000001,2276.7999999999993,3652.574999999997
RJ,25,2027-03-28,160,4,8,16,48,508,1389.4000000000005,2582.45,4342.0999999999985
RJ,26,2027-04-04,186.5,4,9,19,56,548.5,1508.4000000000005,2853.8999999999987,5391.274999999998
RJ,27,2027-04-11,182,5,10,20,60,606,1543.5000000000007,2671.7999999999975,5066.299999999999
RJ,28,2027-04-18,212,8,12,21,63,612.75,1727.2000000000003,3024.2999999999997,5978.674999999953
RJ,29,2027-04-25,206.5,5,11,22,67,618.5,1645.3000000000018,3091.999999999999,5657.124999999994
RJ,30,2027-05-02,201,6,11,21,62.75,594,1657.4000000000005,3110,4944.574999999985
RJ,31,2027-05-09,196.5,4,9,19.900000000000006,60,554,1561.3000000000004,3109.6499999999987,5944.124999999994
RJ,32,2027-05-16,177.5,5,10,19,58,533,1499,2579.2499999999977,4159.199999999993
RJ,33,2027-05-23,162,4,9,18,51,492.5,1323.3000000000018,2434.2999999999997,4078.549999999997
RJ,34,2027-05-30,158,4,7,15,49,454,1282.2000000000003,2287.2,4273.049999999962
RJ,35,2027-06-06,136.5,4,7,13,44.75,416.25,1100.2000000000003,2139.949999999999,3546.3999999999924
RJ,36,2027-06-13,122,3,6,13,37,359,990.8000000000011,1932.3999999999987,3026.999999999989
RJ,37,2027-06-20,102,2,4,10,35,329.25,897.1000000000001,1574.099999999999,2704.3249999999925
RJ,38,2027-06-27,91,2,5,10,30,281,838.3000000000004,1490.3499999999997,2191.4999999999973
RJ,39,2027-07-04,79,2,4,9,26,242,672,1236.05,2026.1499999999937
RJ,40,2027-07-11,71.5,1,3,7,23,214,579.2000000000003,1052.2999999999997,1648.199999999999
RJ,41,2027-07-18,61,1,3,6,20,198.25,539.4000000000005,915.049999999999,1519.274999999993
RJ,42,2027-07-25,53.5,1,2,5,17,170,489,798.2999999999997,1409.0999999999995
RJ,43,2027-08-01,47.5,1,2,5,16,144,396.8000000000011,723.4999999999995,1235.0499999999943
RJ,44,2027-08-08,42,1,2,4,13,139,336.10000000000014,584.0999999999999,1166.2249999999988
RJ,45,2027-08-15,38,1,2,4,12,116.25,317.40000000000055,597.5499999999995,973.5749999999969
RJ,46,2027-08-22,33,1,1,3,10,109,305.10000000000014,495,883.0749999999996
RJ,47,2027-08-29,30,0,1,3,10,97,270.2000000000003,540.0999999999999,887.2749999999985
RJ,48,2027-09-05,31,0,1,3,9,90,279.10000000000014,486.0999999999999,800.5249999999971
RJ,49,2027-09-12,31,0,1,3,9,88.25,252.20000000000027,475.1999999999998,847.1999999999989
RJ,50,2027-09-19,29,0,1,3,9,95,257.10000000000014,497.0999999999999,944.0249999999999
RJ,51,2027-09-26,32,0,1,3,9,98,263,446.1999999999998,732.4499999999975
RJ,52,2027-10-03,33,1,2,3,10,94,274.2000000000003,543.0999999999999,976.2499999999986
RN,1,2026-10-11,47,5,8,13,24,90,163,238.04999999999995,309.0749999999996
RN,2,2026-10-18,42,4.975000000000001,8,12,22,80,146,209.04999999999995,282.09999999999945
RN,3,2026-10-25,38,4,6,10,20,73,129.10000000000014,184.04999999999995,264.02499999999986
RN,4,2026-11-01,36,3,5,8.900000000000006,17,68,125.10000000000014,177.04999999999995,238.0749999999996
RN,5,2026-11-08,32.5,3,5,8,17,63,121.20000000000027,166,235.02499999999986
RN,6,2026-11-15,28,3,5,8,15,58,102.10000000000014,151,219.09999999999945
RN,7,2026-11-22,26,2,4,7,14,52,93,131,182.04999999999973
RN,8,2026-11-29,24,3,4,6,12,49,88,117,172.02499999999986
RN,9,2026-12-06,23,2,4,6,12,46.25,82,119.04999999999995,164.02499999999986
RN,10,2026-12-13,23,2,3,6,11,46,81,113.04999999999995,151
RN,11,2026-12-20,22,2,4,5,11,45,80,113.04999999999995,160.02499999999986
RN,12,2026-12-27,24,2,3,5,11,46,82,119,166.02499999999986
RN,13,2027-01-03,25,2,4,7,12,47,87.10000000000014,133,186
RN,14,2027-01-10,28,3,5,7,14,58,100,143,190.02499999999986
RN,15,2027-01-17,32,3,5,8,16.75,63,116,175.04999999999995,241.0749999999996
RN,16,2027-01-24,37,4,6,10,19,73,132,190.04999999999995,265.0499999999997
RN,17,2027-01-31,43,5,7,11,22,87,157,226,306.1499999999992
RN,18,2027-02-07,54,6,9,14,26,100,183,272.0999999999999,388.1999999999989
RN,19,2027-02-14,61,7,11,17,32,117,216.20000000000027,309.14999999999986,462.0749999999996
RN,20,2027-02-21,73,9.975000000000001,14,21,39,145,261.2000000000003,384.0999999999999,551.0749999999996
RN,21,2027-02-28,86,10,14,22.900000000000006,44,168.25,318.10000000000014,458,615.0249999999999
RN,22,2027-03-07,98,10,15,25,50,190,340,482.04999999999995,629.6749999999963
RN,23,2027-03-14,101,11,16,26,51,192,368.10000000000014,530,738.3249999999982
RN,24,2027-03-21,108,13,19,29,55,214.25,363,538.0999999999999,738.2249999999988
RN,25,2027-03-28,116,13,19,28,59,217,396.2000000000003,548.05,772.0749999999996
RN,26,2027-04-04,120,15,22,31,59,225,388.10000000000014,553.05,816.0749999999996
RN,27,2027-04-11,120,15,21,32,60.75,227,415.2000000000003,602.1999999999998,824.0499999999997
RN,28,2027-04-18,127,15,22,33,64,239,438.40000000000055,643.3999999999996,890.0749999999996
RN,29,2027-04-25,125,15,21,33,64,239.25,446.10000000000014,614.1499999999999,787.0749999999996
RN,30,2027-05-02,128,17.975,24.950000000000003,36,67,235,455.10000000000014,687.05,910.1249999999993
RN,31,2027-05-09,135.5,16,23,35,67,256,458.2000000000003,713.05,945.3999999999978
RN,32,2027-05-16,129.5,14,22,32,65,250,448.10000000000014,670,980.1249999999993
RN,33,2027-05-23,130,16,22,34.900000000000006,63,255,429.10000000000014,620.3499999999997,905.174999999999
RN,34,2027-05-30,134,15,21,35,68,257,486.3000000000004,691.2999999999997,963.2499999999986
RN,35,2027-06-06,130,17,25,36,68,250,463,663,842.0749999999996
RN,36,2027-06-13,132,16,22,35,68,252.25,454,630.05,932.3249999999982
RN,37,2027-06-20,137,16,23,35,70.75,257,465.10000000000014,691.1999999999998,984.1249999999993
RN,38,2027-06-27,133,16,24,37,68,255,445.10000000000014,634.1499999999999,841.5749999999969
RN,39,2027-07-04,134,13.975000000000001,23,34.900000000000006,67,251,450.10000000000014,625.0999999999999,792.3999999999978
RN,40,2027-07-11,130,16,23,36,65,250.25,454.10000000000014,624.0999999999999,908.5749999999969
RN,41,2027-07-18,132,17,25,36,67,243,423.10000000000014,597.05,766.1249999999993
RN,42,2027-07-25,127.5,16,22.950000000000003,35,64,238,413.2000000000003,582.05,757.1999999999989
RN,43,2027-08-01,117,16,23,31.900000000000006,60.75,219,406,577.0999999999999,800.0749999999996
RN,44,2027-08-08,113.5,13,20,30.900000000000006,60,212,377.10000000000014,552.1999999999998,785.1249999999993
RN,45,2027-08-15,102,14,19,27,52,193,333.2000000000003,487.0999999999999,664.0249999999999
RN,46,2027-08-22,91,11,16,24,46,172,314.2000000000003,427,577.0749999999996
RN,47,2027-08-29,85,10,15,23,43,159,292.3000000000004,415.04999999999995,558.0999999999995
RN,48,2027-09-05,77,8,13,19,38,145,257,351.04999999999995,500.02499999999986
RN,49,2027-09-12,66,8,11,17,33,129,234,332.1999999999998,446.02499999999986
RN,50,2027-09-19,60,6.975000000000001,10.950000000000003,16,30,119,203,304.04999999999995,427.0499999999997
RN,51,2027-09-26,57,7,10.950000000000003,15,30,106,189,273.04999999999995,395.2249999999988
RN,52,2027-10-03,50,7,9,14,25,94.25,168.10000000000014,235.04999999999995,349
RO,1,2026-10-11,1,0,0,0,0,4,8,14,21
RO,2,2026-10-18,1,0,0,0,0,4,9,14,23.024999999999864
RO,3,2026-10-25,2,0,0,0,0,4,10,17,28
RO,4,2026-11-01,2,0,0,0,0,5,11,18,31.024999999999864
RO,5,2026-11-08,2,0,0,0,1,5,12,23,37
RO,6,2026-11-15,2,0,0,0,1,5,13,24,34
RO,7,2026-11-22,2,0,0,0,1,6,15,25,40.024999999999864
RO,8,2026-11-29,3,0,0,0,1,7,17,30,52
RO,9,2026-12-06,3,0,0,0,1,8,19,32,52
RO,10,2026-12-13,3,0,0,0,1,9,20,36.049999999999955,70
RO,11,2026-12-20,4,0,0,0,1,11,23,41,70.02499999999986
RO,12,2026-12-27,5,0,0,0,2,11,25,43,71.04999999999973
RO,13,2027-01-03,5,0,0,1,2,13,31,56.049999999999955,91.02499999999986
RO,14,2027-01-10,6,0,0,1,3,15,36,58,101.09999999999945
RO,15,2027-01-17,7,0,0,1,3,17,40,72,109
RO,16,2027-01-24,8,0,0,1,3,21,50,92,132.0749999999996
RO,17,2027-01-31,9,0,1,1,4,24,52,95.04999999999995,149.0749999999996
RO,18,2027-02-07,11,0,1,2,4,25,58,99,146.09999999999945
RO,19,2027-02-14,12,0,1,2,5,28,61,106,150.12499999999932
RO,20,2027-02-21,13,0,1,2,5,31,66,111,183.22499999999877
RO,21,2027-02-28,13,0,1,2,5,30,72,129,205.02499999999986
RO,22,2027-03-07,14,0,1,2,5,31,75,124,195
RO,23,2027-03-14,13,0,1,2,5,30,78.10000000000014,133,203.14999999999918
RO,24,2027-03-21,12,0,1,2,5,29.25,69,115.04999999999995,191.04999999999973
RO,25,2027-03-28,12,0,1,2,5,30,67.10000000000014,113,203.09999999999945
RO,26,2027-04-04,11,0,1,2,4,27,59.100000000000136,95,160
RO,27,2027-04-11,10,0,0,1,4,24,50.100000000000136,87,146.12499999999932
RO,28,2027-04-18,8,0,0,1,3,21,48.100000000000136,85.04999999999995,159.02499999999986
RO,29,2027-04-25,8,0,0,1,3,18,40,69,117.04999999999973
RO,30,2027-05-02,6,0,0,1,2,16,36.100000000000136,58,96.02499999999986
RO,31,2027-05-09,6,0,0,1,2,15,33.100000000000136,52,87.02499999999986
RO,32,2027-05-16,5,0,0,1,2,14,32,58.049999999999955,95.04999999999973
RO,33,2027-05-23,5,0,0,1,2,12,27,48,74.02499999999986
RO,34,2027-05-30,4,0,0,0,1,11,26,45,80
RO,35,2027-06-06,4,0,0,0,1,10,24,42,62.024999999999864
RO,36,2027-06-13,3,0,0,0,1,9,22,39,65.02499999999986
RO,37,2027-06-20,3,0,0,0,1,8,20,33,56
RO,38,2027-06-27,3,0,0,0,1,8,18,30,52.024999999999864
RO,39,2027-07-04,3,0,0,0,1,7,17,29,49.024999999999864
RO,40,2027-07-11,3,0,0,0,1,7,15,28.049999999999955,45.024999999999864
RO,41,2027-07-18,3,0,0,0,1,7,15,25,40.024999999999864
RO,42,2027-07-25,2,0,0,0,1,6,14,23,39.024999999999864
RO,43,2027-08-01,2,0,0,0,1,6,13,23,36
RO,44,2027-08-08,2,0,0,0,1,5,12,20,30
RO,45,2027-08-15,2,0,0,0,1,5,11,19,31.049999999999727
RO,46,2027-08-22,2,0,0,0,0,5,10,18,32.024999999999864
RO,47,2027-08-29,2,0,0,0,0,4,10,16,26
RO,48,2027-09-05,1,0,0,0,0,4,8,16,24
RO,49,2027-09-12,2,0,0,0,0,4,8,15,23.024999999999864
RO,50,2027-09-19,1,0,0,0,0,4,8,14,20.024999999999864
RO,51,2027-09-26,1,0,0,0,0,4,8,14,23.024999999999864
RO,52,2027-10-03,1,0,0,0,0,4,9,15,22.024999999999864
RR,1,2026-10-11,1,0,0,0,0,3,10,17,31
RR,2,2026-10-18,1,0,0,0,0,4,10,18,30.049999999999727
RR,3,2026-10-25,1,0,0,0,0,3,10,19,30.049999999999727
RR,4,2026-11-01,1,0,0,0,0,3,9,16,31.024999999999864
RR,5,2026-11-08,1,0,0,0,0,3,9,15,25
RR,6,2026-11-15,1,0,0,0,0,3,8,16,27.024999999999864
RR,7,2026-11-22,1,0,0,0,0,3,8,15,26
RR,8,2026-11-29,1,0,0,0,0,3,8,14.049999999999955,26.024999999999864
RR,9,2026-12-06,1,0,0,0,0,2,7,13,23
RR,10,2026-12-13,1,0,0,0,0,2,6,11,21
RR,11,2026-12-20,0,0,0,0,0,2,6,11,20
RR,12,2026-12-27,0,0,0,0,0,2,6,11,21.024999999999864
RR,13,2027-01-03,0,0,0,0,0,2,5,10,18
RR,14,2027-01-10,0,0,0,0,0,2,6,11,19
RR,15,2027-01-17,0,0,0,0,0,2,6,10,17
RR,16,2027-01-24,0,0,0,0,0,2,6,12,21.024999999999864
RR,17,2027-01-31,0,0,0,0,0,2,6,11,18
RR,18,2027-02-07,1,0,0,0,0,2,6,12,21
RR,19,2027-02-14,1,0,0,0,0,2,6,12,19
RR,20,2027-02-21,1,0,0,0,0,2,6,13.049999999999955,24
RR,21,2027-02-28,0,0,0,0,0,3,7.100000000000136,13,23
RR,22,2027-03-07,1,0,0,0,0,3,7,14,24
RR,23,2027-03-14,1,0,0,0,0,3,8,15,28.024999999999864
RR,24,2027-03-21,1,0,0,0,0,3,7,14,26
RR,25,2027-03-28,1,0,0,0,0,3,8,15,28
RR,26,2027-04-04,1,0,0,0,0,3,8,15,23.024999999999864
RR,27,2027-04-11,1,0,0,0,0,3,8,15,26
RR,28,2027-04-18,1,0,0,0,0,3,8,14,23.024999999999864
RR,29,2027-04-25,1,0,0,0,0,3,8.100000000000136,18.049999999999955,31.024999999999864
RR,30,2027-05-02,1,0,0,0,0,3,9,17,31.024999999999864
RR,31,2027-05-09,1,0,0,0,0,3,9,18,36
RR,32,2027-05-16,1,0,0,0,0,3,9,17,31
RR,33,2027-05-23,1,0,0,0,0,4,10,17,31
RR,34,2027-05-30,1,0,0,0,0,4,10,19,32.024999999999864
RR,35,2027-06-06,1,0,0,0,0,4,12,21,38.099999999999454
RR,36,2027-06-13,1,0,0,0,0,4,11,22,35
RR,37,2027-06-20,1,0,0,0,0,5,12,22,36.024999999999864
RR,38,2027-06-27,1,0,0,0,0,5,13,24,43
RR,39,2027-07-04,1,0,0,0,0,5,11.100000000000136,24.049999999999955,40.024999999999864
RR,40,2027-07-11,1,0,0,0,0,5,13,25,44
RR,41,2027-07-18,1,0,0,0,0,5,14,28,48.024999999999864
RR,42,2027-07-25,1,0,0,0,0,5,14,25,39
RR,43,2027-08-01,1,0,0,0,0,5,16,30,48.024999999999864
RR,44,2027-08-08,1,0,0,0,0,5,14,30,54
RR,45,2027-08-15,1,0,0,0,0,5,14,25,45.024999999999864
RR,46,2027-08-22,1,0,0,0,0,5,13,23,50
RR,47,2027-08-29,1,0,0,0,0,4,11,21,37
RR,48,2027-09-05,1,0,0,0,0,4,12,22.049999999999955,40
RR,49,2027-09-12,1,0,0,0,0,4,11,23.049999999999955,42
RR,50,2027-09-19,1,0,0,0,0,3,11,19,29
RR,51,2027-09-26,1,0,0,0,0,3,10,20,32
RR,52,2027-10-03,1,0,0,0,0,3,9,16,28
RS,1,2026-10-11,1,0,0,0,0,2,3,4,6
RS,2,2026-10-18,1,0,0,0,0,2,3,5,6
RS,3,2026-10-25,1,0,0,0,0,2,4,5,7
RS,4,2026-11-01,1,0,0,0,0,2,4,5,7
RS,5,2026-11-08,1,0,0,0,0,2,4,5,7
RS,6,2026-11-15,1,0,0,0,0,2,4,6,7.024999999999864
RS,7,2026-11-22,1,0,0,0,0,3,4,6,9
RS,8,2026-11-29,1,0,0,0,0,3,5,6,9
RS,9,2026-12-06,2,0,0,0,1,3,5,7,10
RS,10,2026-12-13,2,0,0,0,1,3,5,8,11
RS,11,2026-12-20,2,0,0,0,1,3,6,8,10.024999999999864
RS,12,2026-12-27,2,0,0,0,1,3,6,8,11
RS,13,2027-01-03,2,0,0,0,1,4,7,9,11.024999999999864
RS,14,2027-01-10,3,0,0,0,1,4,7,10,13
RS,15,2027-01-17,3,0,0,0,1,5,8,11,14
RS,16,2027-01-24,3,0,0,1,1,5,9,12,17
RS,17,2027-01-31,3,0,0,1,2,6,10,15,20
RS,18,2027-02-07,4,0,0,1,2,7,11,15,20.024999999999864
RS,19,2027-02-14,4,0,1,1,2,8,12.100000000000136,17,27
RS,20,2027-02-21,5,0,1,1,3,9,15,21.049999999999955,30.024999999999864
RS,21,2027-02-28,6,1,1,2,4,11,18,26,35
RS,22,2027-03-07,8,1,2,2,4,13,21,29,40.024999999999864
RS,23,2027-03-14,9,1,2,3,5,15,26,37,54.024999999999864
RS,24,2027-03-21,10,2,2,3,6,17,28.100000000000136,40,53.024999999999864
RS,25,2027-03-28,10,2,2,4,6,18,32,43,62
RS,26,2027-04-04,11,2,2,4,6,18,29,43,62.024999999999864
RS,27,2027-04-11,11,2,2,4,7,19,31,41.049999999999955,59.024999999999864
RS,28,2027-04-18,10,2,2,3,6,17,28,39,52.04999999999973
RS,29,2027-04-25,9,2,2,3,5,16,27.100000000000136,37,51.024999999999864
RS,30,2027-05-02,8,1,2,3,5,13,22,32,42
RS,31,2027-05-09,7,1,1,2,4,12,20,28.049999999999955,39
RS,32,2027-05-16,6,0,1,2,3,9,15,23,32
RS,33,2027-05-23,5,0,1,1,2,8,13,20,29
RS,34,2027-05-30,4,0,0,1,2,6,10,14,20
RS,35,2027-06-06,3,0,0,1,2,5,8,12,16
RS,36,2027-06-13,2,0,0,0,1,4,7,9.049999999999955,12.024999999999864
RS,37,2027-06-20,2,0,0,0,1,4,6,9,12
RS,38,2027-06-27,2,0,0,0,1,3,6,8,12
RS,39,2027-07-04,2,0,0,0,1,3,5,7,9
RS,40,2027-07-11,1,0,0,0,1,3,5,7,10
RS,41,2027-07-18,1,0,0,0,0,3,5,6,9
RS,42,2027-07-25,1,0,0,0,0,2,4,6,8
RS,43,2027-08-01,1,0,0,0,0,2,4,5,7
RS,44,2027-08-08,1,0,0,0,0,2,4,5,6
RS,45,2027-08-15,1,0,0,0,0,2,3,5,6
RS,46,2027-08-22,1,0,0,0,0,2,3,4,6
RS,47,2027-08-29,1,0,0,0,0,2,3,4,5
RS,48,2027-09-05,1,0,0,0,0,2,3,4,5
RS,49,2027-09-12,1,0,0,0,0,2,3,4,5
RS,50,2027-09-19,1,0,0,0,0,2,3,4,5
RS,51,2027-09-26,1,0,0,0,0,2,3,4,5
RS,52,2027-10-03,1,0,0,0,0,2,3,4,6
SC,1,2026-10-11,1,0,0,0,1,3,5,7,10
SC,2,2026-10-18,2,0,0,0,1,3,5,7.0499999999999545,10
SC,3,2026-10-25,2,0,0,0,1,3,6,8,12
SC,4,2026-11-01,2,0,0,0,1,4,6,9,12.024999999999864
SC,5,2026-11-08,2,0,0,0,1,4,7,10,16.024999999999864
SC,6,2026-11-15,2,0,0,0,1,4,7,10,15.024999999999864
SC,7,2026-11-22,3,0,0,0,1,5,8,12,17
SC,8,2026-11-29,3,0,0,1,1,6,10,13,20.024999999999864
SC,9,2026-12-06,3,0,0,1,2,6,10,14,23
SC,10,2026-12-13,4,0,0,1,2,6,11,16,27
SC,11,2026-12-20,4,0,0,1,2,7,12,18,27
SC,12,2026-12-27,4,0,1,1,2,8,13,19,26
SC,13,2027-01-03,5,0,1,1,3,9,15,21,32
SC,14,2027-01-10,5,0,1,1,3,9,16,23.049999999999955,36
SC,15,2027-01-17,6,1,1,2,3,10,17,26,42.024999999999864
SC,16,2027-01-24,6,0,1,2,3,11,20,32,49
SC,17,2027-01-31,7,1,1,2,4,13,22,34,58
SC,18,2027-02-07,8,1,2,2,5,14,26,39.049999999999955,73.04999999999973
SC,19,2027-02-14,9,1,2,3,5,16,30,47,89.02499999999986
SC,20,2027-02-21,10,1,2,3,6,17,31,55.09999999999991,103.12499999999932
SC,21,2027-02-28,10,1,2,3,6,19,36,60,101.02499999999986
SC,22,2027-03-07,11,2,2,4,6,20,38,57,97.02499999999986
SC,23,2027-03-14,11,2,2,4,7,20,39,69.09999999999991,108.02499999999986
SC,24,2027-03-21,11,2,3,4,6.75,21,39,63.049999999999955,110.02499999999986
SC,25,2027-03-28,11,2,3,4,7,21,36,56,95.07499999999959
SC,26,2027-04-04,11,2,3,4,7,20,36,59.049999999999955,94
SC,27,2027-04-11,11,2,3,4,6,19,35,57,84.19999999999891
SC,28,2027-04-18,11,1,2,3,6,18,33,50.049999999999955,92
SC,29,2027-04-25,10,1,2,3,6,17,31,46,67.02499999999986
SC,30,2027-05-02,9,1,2,3,5,16,26,37,53.024999999999864
SC,31,2027-05-09,8,1,1,2,4,13,22,33,53
SC,32,2027-05-16,7,1,1,2,4,12,20,28.049999999999955,45.099999999999454
SC,33,2027-05-23,6,1,1,2,3,10,18,25,35
SC,34,2027-05-30,5,0,1,1,3,9,15,20.049999999999955,29.024999999999864
SC,35,2027-06-06,4,0,1,1,2,7.25,13,18,24
SC,36,2027-06-13,4,0,0,1,2,6,11,15,20
SC,37,2027-06-20,3,0,0,1,2,6,9,13,19
SC,38,2027-06-27,3,0,0,1,1,5,8,12,17
SC,39,2027-07-04,2,0,0,0,1,4,7,10,14
SC,40,2027-07-11,2,0,0,0,1,4,7,9,12
SC,41,2027-07-18,2,0,0,0,1,4,6,9,11
SC,42,2027-07-25,2,0,0,0,1,3,5,8,11
SC,43,2027-08-01,2,0,0,0,1,3,5,7,9
SC,44,2027-08-08,1,0,0,0,0,3,5,6,9
SC,45,2027-08-15,1,0,0,0,0,3,4,7,8.024999999999864
SC,46,2027-08-22,1,0,0,0,0,3,4,6,9
SC,47,2027-08-29,1,0,0,0,0,3,4,6,8
SC,48,2027-09-05,1,0,0,0,0,2,4,6,8
SC,49,2027-09-12,1,0,0,0,0,2,4,6,8.024999999999864
SC,50,2027-09-19,1,0,0,0,0,3,4,6,8
SC,51,2027-09-26,1,0,0,0,0,3,5,7,9
SC,52,2027-10-03,1,0,0,0,0,3,5,7,9.024999999999864
SE,1,2026-10-11,13,0,0,1,3,50,153.10000000000014,310.14999999999986,556.4249999999977
SE,2,2026-10-18,12,0,0,1,3,48.25,161.20000000000027,367.0999999999999,644.0499999999997
SE,3,2026-10-25,10,0,0,0,2,38,132.10000000000014,264.0999999999999,617.374999999998
SE,4,2026-11-01,11,0,0,0,3,37,127.10000000000014,248,468.52499999999714
SE,5,2026-11-08,9,0,0,0,2,33,107.20000000000027,211.19999999999982,348.09999999999945
SE,6,2026-11-15,8,0,0,0,2,33,106,232,450.17499999999905
SE,7,2026-11-22,8,0,0,0,2,30,94,200.14999999999986,420.52499999999714
SE,8,2026-11-29,7,0,0,0,2,28,88.10000000000014,194.24999999999977,405.0499999999997
SE,9,2026-12-06,7,0,0,0,2,26,84,193,353
SE,10,2026-12-13,6,0,0,0,1,26,92,191,349.0749999999996
SE,11,2026-12-20,7,0,0,0,1,25,80,164.39999999999964,338.8249999999955
SE,12,2026-12-27,7,0,0,0,2,26,78.10000000000014,174.0999999999999,361.0749999999996
SE,13,2027-01-03,6,0,0,0,1,25,83,170.0999999999999,386.24999999999864
SE,14,2027-01-10,7,0,0,0,1,24,86,173.04999999999995,357.02499999999986
SE,15,2027-01-17,7,0,0,0,1,26,91.10000000000014,177.0999999999999,356.09999999999945
SE,16,2027-01-24,7,0,0,0,2,25,95.10000000000014,225,429.0499999999997
SE,17,2027-01-31,8,0,0,0,2,29,87,183.0999999999999,343.02499999999986
SE,18,2027-02-07,8,0,0,0,2,28,95,226,413.02499999999986
SE,19,2027-02-14,9,0,0,0,2,30,104.10000000000014,206,456.49999999999727
SE,20,2027-02-21,9,0,0,0,2,34,115.10000000000014,256,502.7499999999959
SE,21,2027-02-28,9,0,0,0,2,34,109.20000000000027,229.0999999999999,487.0499999999997
SE,22,2027-03-07,9,0,0,0,2,36,126,273.04999999999995,596.0499999999997
SE,23,2027-03-14,10,0,0,0,2,35.25,112.10000000000014,232.14999999999986,525.3249999999982
SE,24,2027-03-21,10,0,0,0,2,38,128,240.14999999999986,536.2749999999985
SE,25,2027-03-28,10,0,0,0,3,38,117.10000000000014,248.04999999999995,486.49999999999727
SE,26,2027-04-04,10,0,0,0,2,37,121,266.04999999999995,535.0749999999996
SE,27,2027-04-11,11,0,0,0,2,37,131.10000000000014,284.14999999999986,644.2499999999986
SE,28,2027-04-18,11,0,0,0,3,37,118.20000000000027,267.04999999999995,525.549999999997
SE,29,2027-04-25,11,0,0,0,3,42.25,145.10000000000014,287.04999999999995,563.0749999999996
SE,30,2027-05-02,12,0,0,0,3,45,153.20000000000027,306,578.2999999999984
SE,31,2027-05-09,12,0,0,0,3,45,155.10000000000014,332.04999999999995,594.0999999999995
SE,32,2027-05-16,12,0,0,0,3,45.25,154.10000000000014,310.59999999999945,682.8249999999955
SE,33,2027-05-23,12,0,0,1,3,50,177.10000000000014,358.39999999999964,681.0749999999996
SE,34,2027-05-30,14,0,0,1,3,48,162.10000000000014,338.14999999999986,673.0499999999997
SE,35,2027-06-06,14,0,0,1,3,54.25,182.20000000000027,334.6499999999994,635.0249999999944
SE,36,2027-06-13,16,0,0,1,4,56.25,182,424.14999999999986,883.924999999995
SE,37,2027-06-20,16,0,0,1,4,62,203.20000000000027,389.04999999999995,774.2999999999984
SE,38,2027-06-27,17,0,0,1,4,67,236.10000000000014,431.04999999999995,874.0749999999996
SE,39,2027-07-04,18,0,0,1,4.75,72,228.10000000000014,447.3499999999997,913.1999999999989
SE,40,2027-07-11,19.5,0,0,1,4,70,241.20000000000027,492.04999999999995,852.3749999999925
SE,41,2027-07-18,19.5,0,0,1,5,69,251,500.0999999999999,955.3249999999982
SE,42,2027-07-25,19,0,0,1,5,79,293,631.05,1069.0249999999944
SE,43,2027-08-01,20,0,0,1,5,75,275,517.1499999999999,969.8749999999952
SE,44,2027-08-08,18.5,0,0,1,5,77.25,255.10000000000014,573.9499999999991,1027.3999999999924
SE,45,2027-08-15,21,0,0,1,5,75,234.60000000000082,508.04999999999995,1092.1249999999993
SE,46,2027-08-22,19,0,0,1,5,72,222,437.0999999999999,992.6749999999963
SE,47,2027-08-29,19,0,0,1,5,70,233,455.0999999999999,1034.6249999999966
SE,48,2027-09-05,18,0,0,1,4,63,214.10000000000014,410.2499999999998,763.2749999999985
SE,49,2027-09-12,18,0,0,1,4,68.25,215,485.2499999999998,860.174999999999
SE,50,2027-09-19,16,0,0,1,4,60,213,452.14999999999986,848.2249999999988
SE,51,2027-09-26,15,0,0,1,4,57.25,198.10000000000014,373.04999999999995,665.0249999999999
SE,52,2027-10-03,13,0,0,1,3,53,165,376.14999999999986,720.2999999999984
SP,1,2026-10-11,25,7,9,11,16,43,78.10000000000014,127.04999999999995,200.04999999999973
SP,2,2026-10-18,26,7,9,11,17,43,81,127,194.02499999999986
SP,3,2026-10-25,28,8,10,12,18,47,85.10000000000014,135.19999999999982,222.04999999999973
SP,4,2026-11-01,29,8,10,13,19,48,92,140.14999999999986,225.17499999999905
SP,5,2026-11-08,30,9,11,14,20,51,94.10000000000014,161,254.14999999999918
SP,6,2026-11-15,33,10,11,15,22,55,104,158.04999999999995,255.02499999999986
SP,7,2026-11-22,36,11,13,17,24,59,111,184.04999999999995,291.2249999999988
SP,8,2026-11-29,39,12,14.950000000000003,18,25,63,114.10000000000014,186,255.04999999999973
SP,9,2026-12-06,41,12,15,19,27,68,127,202,295.0499999999997
SP,10,2026-12-13,44,14,17,21,29,76.25,136,224.04999999999995,320.0499999999997
SP,11,2026-12-20,48,14,18,22,31,79,149.10000000000014,233.04999999999995,344.0499999999997
SP,12,2026-12-27,52,16,19,23,33,86,162.10000000000014,268.04999999999995,435.0749999999996
SP,13,2027-01-03,57,18,21,26,37,93,180.10000000000014,279.04999999999995,410.09999999999945
SP,14,2027-01-10,61,20,24,29,40,100,189,287.04999999999995,438.0749999999996
SP,15,2027-01-17,65.5,21,25,31,43,107,197.10000000000014,349.0999999999999,559.2249999999988
SP,16,2027-01-24,70,23,27,33,46,113,221,348.39999999999964,539.0249999999999
SP,17,2027-01-31,76,25,30,36,49,128,249,374.0999999999999,623.1999999999989
SP,18,2027-02-07,80,27,32,39,53,130,250,415.04999999999995,633.4999999999973
SP,19,2027-02-14,85,27,34,40,56,145,258.10000000000014,402.0999999999999,609
SP,20,2027-02-21,89,30.975,36,43,59,149,274.10000000000014,444.2999999999997,662.0999999999995
SP,21,2027-02-28,94,31,36,45,62,155.25,293,448.49999999999955,731.4249999999977
SP,22,2027-03-07,99,32,39,47,65,168,305.2000000000003,511.14999999999986,761.1249999999993
SP,23,2027-03-14,100,33.975,39,46,65,173.25,333.10000000000014,488.0999999999999,873.4749999999974
SP,24,2027-03-21,102,36,41,49,69,178,343,522.0999999999999,829.0249999999999
SP,25,2027-03-28,103.5,36,42,50,68,179,321.10000000000014,520,719.0249999999999
SP,26,2027-04-04,106,34.975,39,49,68,173,346.9000000000012,530.1499999999999,793.4999999999973
SP,27,2027-04-11,104,34,40,48,68.75,174,343.10000000000014,598.05,1015.0249999999999
SP,28,2027-04-18,104.5,35,40,49,68,173,332.10000000000014,566,749.5749999999969
SP,29,2027-04-25,97,34,39,47.900000000000006,66,164,331.2000000000003,521.2499999999998,748.3249999999982
SP,30,2027-05-02,94,30,36,44,62,161,294,471.6499999999994,718.1249999999993
SP,31,2027-05-09,88,29,33,39,57,155,292.10000000000014,472.4499999999996,745.2749999999985
SP,32,2027-05-16,82,26.975,31,38,53,138,252,385.2999999999997,650.0249999999999
SP,33,2027-05-23,74,24,27,33,47,132.25,265.3000000000004,418.2499999999998,611.0999999999995
SP,34,2027-05-30,68,20,24,30,42,114,225.3000000000004,361.39999999999964,527
SP,35,2027-06-06,59,16,20,25,37,104,209,336.2999999999997,577.174999999999
SP,36,2027-06-13,51,15.975000000000001,19,23,33,92,196.10000000000014,324.04999999999995,504.0749999999996
SP,37,2027-06-20,47,13,16,19,28,82,160,249.14999999999986,399.0499999999997
SP,38,2027-06-27,41,11,14,17,26,73,146,230.0999999999999,368.02499999999986
SP,39,2027-07-04,36,10,12,16,23,64,137.10000000000014,217.04999999999995,304.02499999999986
SP,40,2027-07-11,33,9,11,14,21,61,122,199,289.4749999999974
SP,41,2027-07-18,31,8,9,13,19,54,106.10000000000014,189.49999999999955,309.0749999999996
SP,42,2027-07-25,29,8,9,12,18,51,98.10000000000014,157.04999999999995,263
SP,43,2027-08-01,27,7,9,11,17,45,91,148,227.14999999999918
SP,44,2027-08-08,25,6,8,11,15,43,82.10000000000014,133.04999999999995,213.17499999999905
SP,45,2027-08-15,24,6,8,10,15,41,82,126.14999999999986,189.02499999999986
SP,46,2027-08-22,22,6,7,10,15,39,78.10000000000014,129,209
SP,47,2027-08-29,23,6,7,9,14,39.25,81,127,197.02499999999986
SP,48,2027-09-05,23,6,8,10,14,38,74.10000000000014,115.04999999999995,181.02499999999986
SP,49,2027-09-12,22,6,7,10,14,40,70,111,192.04999999999973
SP,50,2027-09-19,23,6,8,10,15,38,73,120,186.02499999999986
SP,51,2027-09-26,23,6,8,10,15,40,74,110.04999999999995,184.04999999999973
SP,52,2027-10-03,24,6,8,10,15,41,75,123.09999999999991,195.09999999999945
TO,1,2026-10-11,2,0,0,0,1,6,15,25,45
TO,2,2026-10-18,3,0,0,0,1,7,15,26.049999999999955,39
TO,3,2026-10-25,3,0,0,0,1,7,18,30,48
TO,4,2026-11-01,3,0,0,0,1,8,20,34,59.024999999999864
TO,5,2026-11-08,4,0,0,0,1,9,21,38.049999999999955,68.04999999999973
TO,6,2026-11-15,5,0,0,0,2,12,26,38,64
TO,7,2026-11-22,6,0,0,1,2,13,31,53,95.04999999999973
TO,8,2026-11-29,6,0,0,1,2.75,15,35.100000000000136,58.049999999999955,96.02499999999986
TO,9,2026-12-06,8,0,0,1,3,17,42,68.04999999999995,115.09999999999945
TO,10,2026-12-13,8,0,0,1,3,20,44.100000000000136,78,121
TO,11,2026-12-20,8,0,1,1,3,20,45,78,133
TO,12,2026-12-27,9,0,1,1,4,22,55,97.04999999999995,145.04999999999973
TO,13,2027-01-03,11,0,1,2,5,26,56.100000000000136,100.04999999999995,181.09999999999945
TO,14,2027-01-10,13,0,1,2,5,30,69,120,195
TO,15,2027-01-17,14.5,0.9750000000000014,1,3,6,34,82,134.04999999999995,231.09999999999945
TO,16,2027-01-24,17,1,2,3,7,39,82,144.04999999999995,259.02499999999986
TO,17,2027-01-31,19,1,2,3,8,42,87,171.04999999999995,305.1499999999992
TO,18,2027-02-07,19,1,2,4,8,45,105,192.04999999999995,288.02499999999986
TO,19,2027-02-14,21,1,2,4,9,49,113,176.04999999999995,315.6749999999963
TO,20,2027-02-21,21,1,2,4,9,51,122,212,343.29999999999836
TO,21,2027-02-28,23,1,2,4,9,53.25,113,190.19999999999982,326.0749999999996
TO,22,2027-03-07,22,1,2,4,9,50,116,205,334.1499999999992
TO,23,2027-03-14,23,1,2,4,10,53,113.10000000000014,199.04999999999995,328.1499999999992
TO,24,2027-03-21,23,1,2,4,9,53,117.20000000000027,181,280.1999999999989
TO,25,2027-03-28,23,1,2,4,10,52,117.20000000000027,219,312.09999999999945
TO,26,2027-04-04,24,1,2,5,10,53,130.10000000000014,217.04999999999995,303.02499999999986
TO,27,2027-04-11,24,2,3,5,11,56,123.10000000000014,201.04999999999995,351.44999999999754
TO,28,2027-04-18,25,2,3,5,11,58,128,213.14999999999986,356.09999999999945
TO,29,2027-04-25,26,2,3,5,11,62,129,223.0999999999999,371.02499999999986
TO,30,2027-05-02,26,2,3,4.900000000000006,11,59.25,126.20000000000027,212.29999999999973,349.09999999999945
TO,31,2027-05-09,25,1,3,5,11,59,124,210.34999999999968,362.1499999999992
TO,32,2027-05-16,23,1,2,4,10,54,131.10000000000014,225.04999999999995,349.09999999999945
TO,33,2027-05-23,22,1,2,4,10,52,113,197,313.3249999999982
TO,34,2027-05-30,21,1,2,4,9,50,108.10000000000014,196.0999999999999,317.24999999999864
TO,35,2027-06-06,18,1,2,3,8,43,94,163,236.02499999999986
TO,36,2027-06-13,16,1,2,3,7,36,86,153,253
TO,37,2027-06-20,14,0,1,2,6,30,70,125.04999999999995,181.04999999999973
TO,38,2027-06-27,11,0.9750000000000014,1,2,5,27,59,105,188.04999999999973
TO,39,2027-07-04,9,0,1,1,4,22,56,88,138.02499999999986
TO,40,2027-07-11,9,0,0,1,3,19.25,42,77,125.09999999999945
TO,41,2027-07-18,7,0,0,1,2,16,40,70.04999999999995,113
TO,42,2027-07-25,6,0,0,1,2,14,33.100000000000136,60.049999999999955,93
TO,43,2027-08-01,6,0,0,1,2,13,31,53.049999999999955,93
TO,44,2027-08-08,4,0,0,0,2,11,25,49,83.02499999999986
TO,45,2027-08-15,4,0,0,0,1,10,22,38,71.12499999999932
TO,46,2027-08-22,4,0,0,0,1,9,20,36.049999999999955,63
TO,47,2027-08-29,3,0,0,0,1,8,18,32,55.024999999999864
TO,48,2027-09-05,3,0,0,0,1,7,15,25,46
TO,49,2027-09-12,3,0,0,0,1,6,15,24,40.024999999999864
TO,50,2027-09-19,2,0,0,0,1,6,13,24.049999999999955,41.024999999999864
TO,51,2027-09-26,2,0,0,0,1,6,14,24,36
TO,52,2027-10-03,2,0,0,0,1,6,14.100000000000136,22.049999999999955,34
BR,1,2026-10-11,992.5,449.97499999999997,501.95000000000005,562.9000000000001,714,1563.5,2586.3,4018,5882.8749999999845
BR,2,2026-10-18,978.5,437.95000000000005,486.95000000000005,562.9000000000001,720.75,1513,2513.3,3883.1000000000004,5830.174999999998
BR,3,2026-10-25,985,441.95,482.95000000000005,549.9,696.75,1537.25,2587.3000000000006,3722.1499999999996,5210.94999999999
BR,4,2026-11-01,968,441.97499999999997,484.95,544.9,686.75,1501,2495.4000000000005,3783.8499999999967,5332.6749999999965
BR,5,2026-11-08,962.5,436.975,480.95,540.9,703,1529.75,2571.2000000000007,3678.25,5231.149999999989
BR,6,2026-11-15,992,437.95000000000005,485,550.9000000000001,706,1507.5,2525.7000000000007,3734.5499999999993,5726.199999999988
BR,7,2026-11-22,995,444.975,484.95,540.9,696.75,1568.25,2648,4198.949999999998,6248.249999999998
BR,8,2026-11-29,1003,441.875,504,566.8000000000001,713.75,1513.25,2669.3000000000034,4019.3499999999985,6469.374999999998
BR,9,2026-12-06,1019,450.95,507,577,727,1608.5,2802.2000000000003,4604.749999999999,6701.9999999999945
BR,10,2026-12-13,1080.5,489.95,529,601,761.75,1663.5,2854.4000000000005,4506.249999999999,6405.94999999999
BR,11,2026-12-20,1118,495.975,541.95,621.9000000000001,794,1765,3137.2,4458.999999999998,7087.074999999983
BR,12,2026-12-27,1238.5,525.9749999999999,602.9,680.9,870,1952.75,3405.4000000000005,5335.4,8062.79999999999
BR,13,2027-01-03,1368,584.9749999999999,665.9499999999999,766.9000000000001,972.75,2209.75,3778.9000000000015,5904.05,8869.424999999994
BR,14,2027-01-10,1571,698,773,876,1093,2504.75,4464.500000000009,7016.999999999998,11264.724999999991
BR,15,2027-01-17,1793.5,785.825,849.9499999999999,987.8,1284,2811.5,5155.500000000002,8285.699999999999,12654.724999999984
BR,16,2027-01-24,2033.5,909.9749999999999,974.9499999999999,1103,1426.75,3212,5656.6,9454.499999999996,14217.15
BR,17,2027-01-31,2315.5,1047.875,1139,1273.8,1643.75,3581.25,6280.000000000002,10563.25,15045.724999999995
BR,18,2027-02-07,2576,1172.9750000000001,1281.95,1427.6999999999998,1869,4126.25,6883.800000000002,11308.349999999997,19193.449999999924
BR,19,2027-02-14,2928.5,1276.875,1443.6,1635.8,2074.5,4608,8340.400000000003,12974.999999999998,22175.299999999894
BR,20,2027-02-21,3200.5,1431.9750000000001,1610.9,1803.5000000000002,2282,4999.25,9040.500000000005,14552.65,23681.924999999974
BR,21,2027-02-28,3445.5,1564.9750000000001,1717.65,1949.9,2464,5536.75,9447.7,13923.199999999999,21355.84999999998
BR,22,2027-03-07,3754.5,1710.9,1875.85,2142,2705.5,5921.5,10160.60000000001,15200.65,25186.049999999876
BR,23,2027-03-14,4002.5,1765.975,1988.5,2285.8999999999996,2864.75,6309.5,10866.4,17101.25,28754.4249999999
BR,24,2027-03-21,4098.5,1882.9,2057,2325.8,2953,6394.75,11184.50000000002,18212.299999999996,29021.92499999989
BR,25,2027-03-28,4287.5,1950.7250000000001,2121,2413,3027.75,6481,11255.000000000002,17290.849999999988,29634.175
BR,26,2027-04-04,4263.5,1996.875,2182.9,2468.8,3078,6646.25,11895.000000000002,18851.54999999998,30620.87499999998
BR,27,2027-04-11,4349,1973.775,2202.85,2489,3103.75,6711.75,11234.7,17956.25,28442.524999999958
BR,28,2027-04-18,4369.5,1993.675,2209.9500000000003,2497.4,3137.25,6901,12118.100000000002,20413.449999999993,28609.27499999992
BR,29,2027-04-25,4392.5,2019.9250000000002,2191.8999999999996,2442.8,3118,6758,11618.900000000007,17677.099999999984,27101.199999999837
BR,30,2027-05-02,4244,1945.875,2116.9,2384.1000000000004,3036.5,6564.75,11058.1,18018.55,27498.874999999956
BR,31,2027-05-09,4105.5,1863.675,2062,2370,3010,6470,11011.5,17615.6,27130.624999999996
BR,32,2027-05-16,4009.5,1776.7250000000001,2024.6499999999999,2249,2835.75,6198.75,11023.900000000007,15972.149999999994,23667.549999999992
BR,33,2027-05-23,3729,1658.975,1850.85,2099.9,2625.75,5746.5,9886.000000000005,14627.65,26282.27499999994
BR,34,2027-05-30,3541.5,1580.5249999999999,1741.9499999999998,1979.9,2540,5423,9223.300000000001,14610.049999999996,22280.674999999886
BR,35,2027-06-06,3273,1498.825,1637,1865,2373,5109,8941.900000000018,13850.599999999991,23562.54999999998
BR,36,2027-06-13,3002,1348.875,1494.8000000000002,1732.8,2161.75,4681.5,7721.500000000007,12473.050000000001,18305.574999999975
BR,37,2027-06-20,2737.5,1246,1398.75,1581.9,2004.5,4212.75,6970.200000000003,10406.349999999995,15273.224999999999
BR,38,2027-06-27,2570.5,1153,1272.9499999999998,1435.8000000000002,1839.75,3902,6825.4000000000015,9726.199999999997,13951.949999999875
BR,39,2027-07-04,2313.5,1027,1162.9,1340,1695.75,3533.75,5961.000000000002,8794.699999999999,14087.749999999964
BR,40,2027-07-11,2180.5,976.6750000000001,1082.9,1227.8000000000002,1572,3250.5,5273.200000000002,8217.949999999995,13525.199999999977
BR,41,2027-07-18,1975,865,977.9499999999999,1124.7,1434.5,3028,5123.500000000004,7633.0499999999975,10897.349999999931
BR,42,2027-07-25,1883.5,848.975,941,1075.8,1355,2829.5,4694.300000000001,6904.549999999998,9723.64999999998
BR,43,2027-08-01,1734.5,787.9499999999999,883.9,998.9000000000001,1241,2680,4242.800000000001,6211.099999999998,10181.324999999997
BR,44,2027-08-08,1583,731.975,813.9000000000001,903,1155,2417.25,4159.200000000002,5870.9,8945.399999999981
BR,45,2027-08-15,1453.5,652.875,739,846.8000000000001,1053,2227.25,3649.4000000000033,5445.5999999999985,7914.599999999997
BR,46,2027-08-22,1346.5,586.975,651.95,760,980,2076.25,3487.2000000000007,5292.299999999999,7914.4499999999925
BR,47,2027-08-29,1272,561.95,626.85,719,918,1923,3125.2000000000016,4854.7999999999965,7809.449999999998
BR,48,2027-09-05,1179.5,515.9499999999999,591.95,671.9,852.75,1794,3079.3000000000006,4527.5999999999995,6423.599999999975
BR,49,2027-09-12,1108,496.975,544.9000000000001,621.9000000000001,796,1712.25,2919.3000000000006,4320.999999999999,6061.399999999998
BR,50,2027-09-19,1065.5,492.975,539.95,604.9,770,1632.5,2873.5000000000036,4243.399999999998,6291.074999999962
BR,51,2027-09-26,1039,460.95,510.90000000000003,573,743.5,1546.75,2745.800000000001,3906.25,5638.349999999998
BR,52,2027-10-03,992,440.975,489,555,717,1521.75,2643.600000000002,4040.899999999999,5718.574999999986
