uf,week,date,pred,lower_95,lower_90,lower_80,lower_50,upper_50,upper_80,upper_90,upper_95
AC,1,2027-01-03,190,25,35,52,99,353,626.4000000000005,892,1190.1249999999993
AC,2,2027-01-10,210,29,39,58,111,377.25,674.3000000000004,981.1999999999998,1206.1249999999993
AC,3,2027-01-17,215,29,39,58,112,404.25,715.1000000000001,1036.5499999999995,1326.2749999999985
AC,4,2027-01-24,227,26.975,39,62,116,439,741.2000000000003,1043.1499999999999,1461.1499999999992
AC,5,2027-01-31,227,31,43.95,64,118,429,746.1000000000001,1063.7999999999993,1377.5999999999967
AC,6,2027-02-07,215.5,26,39,60.900000000000006,112,409.25,720.1000000000001,1010.05,1388.8249999999955
AC,7,2027-02-14,201.5,25,41,59,105,377,654,929.05,1322.899999999995
AC,8,2027-02-21,191,23,34,54,99,353,605,846.2499999999998,1115.1499999999992
AC,9,2027-02-28,175.5,20,30,48,89,316,564,746.0999999999999,1072
AC,10,2027-03-07,149,20.975,27,40.900000000000006,77,290,504,683.0999999999999,921.0499999999997
AC,11,2027-03-14,135.5,17,24,36,68,241,436.2000000000003,621.1499999999999,985.0249999999999
AC,12,2027-03-21,122,14,21,32,65,230.25,412.2000000000003,566,755.1249999999993
AC,13,2027-03-28,101,13,21,31,55,198,354,485.14999999999986,661.2249999999988
AC,14,2027-04-04,93,11,16,24,48,176.25,315,428,663.0999999999995
AC,15,2027-04-11,82,9,14,21,44,163,283.10000000000014,411.04999999999995,531.174999999999
AC,16,2027-04-18,79,8,13,21,39,148,254,364.0999999999999,475.3999999999978
AC,17,2027-04-25,67,8,13,19,35,133,241.10000000000014,341,464.1249999999993
AC,18,2027-05-02,62,7,10,15,31,116,197.10000000000014,293.04999999999995,428.02499999999986
AC,19,2027-05-09,58,6,10,15,29,109,193,278.0999999999999,361.02499999999986
AC,20,2027-05-16,49,6,8,13,26,97,173.10000000000014,250.04999999999995,337.02499999999986
AC,21,2027-05-23,45,5,8,12,23,85.25,151,209.04999999999995,284.02499999999986
AC,22,2027-05-30,38,4,7,11,20,72,136.10000000000014,186,248.12499999999932
AC,23,2027-06-06,36,4,6,9,18,67,119.10000000000014,174,245.14999999999918
AC,24,2027-06-13,30,3,5,8,16,59,103,150.04999999999995,195.04999999999973
AC,25,2027-06-20,28,2,4,7,14,55,94.10000000000014,137.04999999999995,196
AC,26,2027-06-27,26,2,4,6,13,51,84.10000000000014,123,157.02499999999986
AC,27,2027-07-04,25,2,4,6,13,47,81.10000000000014,113.04999999999995,160.02499999999986
AC,28,2027-07-11,24,2,4,6,12,45,80,116,154
AC,29,2027-07-18,23,2,4,6,12,43,76,115,155.02499999999986
AC,30,2027-07-25,22,2,3,5,11,40,70,97.04999999999995,147.02499999999986
AC,31,2027-08-01,21,2,3,5,11,40,70,104,150.02499999999986
AC,32,2027-08-08,21,2,3,5,11,38,70,99,134
AC,33,2027-08-15,20,2,3,5,10,39,66,92,127.02499999999986
AC,34,2027-08-22,21,2,3,5,11,39,70,99,131.02499999999986
AC,35,2027-08-29,21,2,3,5,10,41,72,105,124.02499999999986
AC,36,2027-09-05,23,2,3,5,11,45,77,108,153.12499999999932
AC,37,2027-09-12,25,3,4,6,13,48,88,122,165
AC,38,2027-09-19,29,3,4,7,15,55,96.10000000000014,131,177.04999999999973
AC,39,2027-09-26,33,4,6,9,17,62,111,152,224
AC,40,2027-10-03,39.5,4,6,10,20,70,129,186,247
AC,41,2027-10-10,45,6,9,13,24,85.25,155,221.04999999999995,301.0749999999996
AC,42,2027-10-17,55,7,11,15,28,103,182.10000000000014,274.14999999999986,364.1499999999992
AC,43,2027-10-24,64,8,12,17,33,119,206,309.04999999999995,395.02499999999986
AC,44,2027-10-31,77,9,14,21,41,144,269.2000000000003,359.14999999999986,480.1499999999992
AC,45,2027-11-07,89,11.975000000000001,17,26,47,168.25,291.10000000000014,403.0999999999999,593.1999999999989
AC,46,2027-11-14,105,14,19,28,53,200,354,486,609.0249999999999
AC,47,2027-11-21,121,16,23,34,61,223.25,394,543.1499999999999,746.0999999999995
AC,48,2027-11-28,137,16,26,37,72,253.25,447.3000000000004,631.1499999999999,898.0249999999999
AC,49,2027-12-05,150,18,26,40,75,278,478.10000000000014,701.05,937.0499999999997
AC,50,2027-12-12,159,21,30,46,83,292,508.10000000000014,740.05,980.8499999999899
AC,51,2027-12-19,168,21.975,30.950000000000003,47,90,309,545.2000000000003,798.4999999999995,1113.0249999999999
AC,52,2027-12-26,182,27,35,52.900000000000006,96,335,593.2000000000003,873.3999999999996,1180.0499999999997
AL,1,2027-01-03,55,6,10,14,27,112,228.10000000000014,370.0999999999999,537.0249999999999
AL,2,2027-01-10,61,7,10,15,30,119,223.10000000000014,335,537.0999999999995
AL,3,2027-01-17,62,6,9.950000000000003,16,29,126,239.10000000000014,388.2999999999997,622.174999999999
AL,4,2027-01-24,65,8,12,18,33,132,255.10000000000014,410.0999999999999,588.0249999999999
AL,5,2027-01-31,71,8,12,18,36,143.25,266.10000000000014,426.04999999999995,632.1249999999993
AL,6,2027-02-07,77,8,12,19,39,151.25,313.3000000000004,483,754.4999999999973
AL,7,2027-02-14,86,10,14,21,41,177,350.3000000000004,534.1999999999998,793.2749999999985
AL,8,2027-02-21,90,11,16,23,46,190,359.2000000000003,553.3999999999996,895.4749999999974
AL,9,2027-02-28,98,12,16,26,50,203.25,425.10000000000014,615,939.0249999999999
AL,10,2027-03-07,114,13,19,29,55,235,457,666,978.2999999999984
AL,11,2027-03-14,119.5,13,18,28,58,251,478.10000000000014,771.1999999999998,1135.0999999999995
AL,12,2027-03-21,125,15,23,35,64,260,506.10000000000014,833.3499999999997,1238.7749999999958
AL,13,2027-03-28,140,17,25,37,68,304.25,590,838.7999999999993,1324.0499999999997
AL,14,2027-04-04,158.5,15.975000000000001,25,38,73,319.25,616.1000000000001,915.149999999999,1254.0249999999999
AL,15,2027-04-11,168.5,20,30,43.900000000000006,84.75,339,651.3000000000004,1051.2999999999997,1563.199999999999
AL,16,2027-04-18,176,22,32,50,89,368.25,685.1000000000001,1121.3499999999997,1638.3999999999978
AL,17,2027-04-25,196,25,34,50,92,423,798.4000000000005,1257.6499999999994,1774.5749999999969
AL,18,2027-05-02,221,26,36,53,104,437,865.2000000000003,1356.999999999999,1889.0749999999996
AL,19,2027-05-09,221.5,27.975,36,58,113.75,449.25,917.9000000000012,1494.249999999998,2266.4249999999975
AL,20,2027-05-16,241.5,30,39,59,120,481,915.2000000000003,1422.05,2157.0999999999995
AL,21,2027-05-23,257,35,48,71.9,127,526,1024.0000000000014,1593.9499999999991,2342.199999999999
AL,22,2027-05-30,262,31,46,69,133,553,1086.3000000000004,1655.1999999999998,2449.9999999999945
AL,23,2027-06-06,270,33,47,69,139,544,1082.1000000000001,1709.1499999999999,2873.1999999999935
AL,24,2027-06-13,272,37,53,77.9,138,556.25,1160.5000000000007,1736.1,2875.5499999999965
AL,25,2027-06-20,279,33.975,50,74,138.75,567.25,1125.3000000000004,1749.1,2829.075
AL,26,2027-06-27,282.5,32.975,50,72,147,558,1106.5000000000007,1659.2499999999998,2432.8249999999953
AL,27,2027-07-04,283,40,51,75,142,579.25,1072.0000000000014,1711.05,2619.0249999999996
AL,28,2027-07-11,259.5,34,49,72,135,550,1045.2000000000003,1616.8499999999992,2321.249999999999
AL,29,2027-07-18,267,31.975,48,71.9,131,543,1057.2000000000003,1625.4999999999995,2405.374999999998
AL,30,2027-07-25,242.5,27,41,64,123,510.25,1002.2000000000003,1622.2499999999998,2462.0499999999997
AL,31,2027-08-01,237,28.975,43,62,115,497.25,1049,1516.1,2097.8499999999844
AL,32,2027-08-08,218.5,25,35,55,110,438.25,941.1000000000001,1298.1,2012.199999999999
AL,33,2027-08-15,202,27,39,56,100,419,870.3000000000004,1322.8499999999992,1868.0499999999997
AL,34,2027-08-22,182,22,31,46,91,379.25,767.2000000000003,1257.1,1859.174999999999
AL,35,2027-08-29,175,21,32,47,86,359,696.2000000000003,1014.3999999999996,1386.0499999999997
AL,36,2027-09-05,159,19.975,28,42.900000000000006,79,337,619.5000000000007,996.3999999999996,1545.4749999999974
AL,37,2027-09-12,141,19,25,36,69.75,284,554,803.6499999999994,1237.3249999999982
AL,38,2027-09-19,135,16,23,33,67.75,275.5,541.2000000000003,822.2499999999998,1210.199999999999
AL,39,2027-09-26,123,15.975000000000001,22,32,63,251.25,510,777.2999999999997,1187.4999999999973
AL,40,2027-10-03,112,14,19,29,56,246,481,760.05,1035.174999999999
AL,41,2027-10-10,103,11,16,25,51,215,407,634,998.3499999999981
AL,42,2027-10-17,95,10,17,24,46,200.25,388.10000000000014,627,977.374999999998
AL,43,2027-10-24,90.5,9,14,22,44,186.25,372,565.4999999999995,910.3249999999982
AL,44,2027-10-31,86,8,12.950000000000003,19,39,164,365.2000000000003,535.2999999999997,876.5749999999969
AL,45,2027-11-07,77,8,11,18,37,157,317,510.0999999999999,900.0749999999996
AL,46,2027-11-14,71.5,7,11,17,32,149.25,285.2000000000003,443.04999999999995,709.174999999999
AL,47,2027-11-21,64,6,10,16,32,134.25,278.10000000000014,430.04999999999995,672.6999999999962
AL,48,2027-11-28,60,6.975000000000001,10,14,28,129,260.10000000000014,405,559.0249999999999
AL,49,2027-12-05,54,6,8,13,27,114.25,223.20000000000027,387,594.1999999999989
AL,50,2027-12-12,52,7,9,13,25,109,222.10000000000014,359.14999999999986,534.0499999999997
AL,51,2027-12-19,54.5,4,7,12,26,113,224.10000000000014,353,529.2249999999988
AL,52,2027-12-26,51,6,8,12.900000000000006,25,105,210.10000000000014,313.0999999999999,457.09999999999945
AM,1,2027-01-03,109,27,34,45,69,181,286.10000000000014,390.14999999999986,535.0749999999996
AM,2,2027-01-10,120.5,31,38,48,75,196.25,305,400.04999999999995,585.0499999999997
AM,3,2027-01-17,131,33,41,54,82,213.25,333.10000000000014,460.04999999999995,616.0499999999997
AM,4,2027-01-24,142,38,46,58,88,225,357.10000000000014,486,627.1499999999992
AM,5,2027-01-31,147,36.975,46,61,93,243.25,391.10000000000014,528.1999999999998,711.0499999999997
AM,6,2027-02-07,150.5,39,48,64,97.75,254.25,390,530,688.0249999999999
AM,7,2027-02-14,156,37,48,63,100,252,407.3000000000004,570.1499999999999,747.0749999999996
AM,8,2027-02-21,162,37,47,67,101,256,410,560.0999999999999,763.1249999999993
AM,9,2027-02-28,151.5,39.975,48,63,96,250,390,509.14999999999986,669.0249999999999
AM,10,2027-03-07,156,39,48,63,96,249,394,534.05,740.2499999999986
AM,11,2027-03-14,148,39,48,62,95,241,372,498,639.0499999999997
AM,12,2027-03-21,141.5,37,45,58,86,230.25,382.2000000000003,492.04999999999995,634.0249999999999
AM,13,2027-03-28,137,33,42,57,87,226,344,459.0999999999999,603.2499999999986
AM,14,2027-04-04,127,33,41,52,80,210,320,437.14999999999986,589.1249999999993
AM,15,2027-04-11,122,29.975,37,47,74,199,313.3000000000004,408.14999999999986,532.0999999999995
AM,16,2027-04-18,111,28,36,46,72,184,303.10000000000014,414,508.1499999999992
AM,17,2027-04-25,106,25,33,42,67,166,264.10000000000014,357.0999999999999,450
AM,18,2027-05-02,94,23,29.950000000000003,38,60,152,240.10000000000014,332,414.02499999999986
AM,19,2027-05-09,90.5,20,27,35,55,147,232.10000000000014,303.2499999999998,403.1999999999989
AM,20,2027-05-16,84,20,25,33,50,135,206.10000000000014,274.14999999999986,358.02499999999986
AM,21,2027-05-23,73.5,18.975,23,30,45,124,207,271.04999999999995,347.09999999999945
AM,22,2027-05-30,69,16,21,27,43,116,179,231.04999999999995,313.0749999999996
AM,23,2027-06-06,65,15,19,26,39,107.25,169,230,311.0749999999996
AM,24,2027-06-13,64,13,18,24,39,105,159,206,284.0499999999997
AM,25,2027-06-20,61,13,17,23,35,99,160,211.04999999999995,283.0749999999996
AM,26,2027-06-27,57.5,11.975000000000001,17,23,35,95,152.10000000000014,197.04999999999995,259.02499999999986
AM,27,2027-07-04,55,13,17,23,35,93,147,194,265.02499999999986
AM,28,2027-07-11,52,12,15,20,32,88,143,188.04999999999995,247
AM,29,2027-07-18,52,12,16,21,32,85,134,178,234.14999999999918
AM,30,2027-07-25,51,10,14,18,31,80,127,171,226.17499999999905
AM,31,2027-08-01,50,12,14,18,30,80,130.10000000000014,175.04999999999995,222
AM,32,2027-08-08,49,10,13,18,29,80,126,170,209.02499999999986
AM,33,2027-08-15,48,10,13,18,30,81,133.10000000000014,174,219
AM,34,2027-08-22,48,11,14,18,30,81,135,178.04999999999995,244.0749999999996
AM,35,2027-08-29,51,11.975000000000001,15,19,31,83,137.20000000000027,194.04999999999995,270.09999999999945
AM,36,2027-09-05,53,11,15,19,33,89,141,190,250.02499999999986
AM,37,2027-09-12,56.5,10,14,20,33,92,151,207.0999999999999,299.09999999999945
AM,38,2027-09-19,58,13,16,22,35,98,165.10000000000014,244,330.02499999999986
AM,39,2027-09-26,61,13,16,22,35,102.25,171.10000000000014,237.04999999999995,323.09999999999945
AM,40,2027-10-03,63.5,13,17,23,36,106,183.10000000000014,248.04999999999995,346.0749999999996
AM,41,2027-10-10,59,13,17,23,35,100,161.10000000000014,232.04999999999995,311.02499999999986
AM,42,2027-10-17,59,14,17,23,36,99,159,213.04999999999995,268.02499999999986
AM,43,2027-10-24,59,13,18,23.900000000000006,36,103,169.10000000000014,224.04999999999995,317.02499999999986
AM,44,2027-10-31,62,15,19,25,39,103,168,232.04999999999995,297.02499999999986
AM,45,2027-11-07,66,16,19,25,40,105.25,173.10000000000014,227.04999999999995,300.1249999999993
AM,46,2027-11-14,67,16,20,26,41,112,178,228.04999999999995,298.1999999999989
AM,47,2027-11-21,71,16,21.950000000000003,28,44,115,181.10000000000014,242.04999999999995,314.0749999999996
AM,48,2027-11-28,76,18,22,29,47,124,193,250.0999999999999,339.0749999999996
AM,49,2027-12-05,80.5,20,24,32.900000000000006,48,128,205.10000000000014,274,380.02499999999986
AM,50,2027-12-12,85,20,26,35,54,136,218.20000000000027,285.14999999999986,382.17499999999905
AM,51,2027-12-19,90,23,29,37,57,147,227,306.1999999999998,411.02499999999986
AM,52,2027-12-26,102,24,30,42,62,155,243,320.04999999999995,405.1249999999993
AP,1,2027-01-03,9,0,0,1,3,25,68,110.04999999999995,179.12499999999932
AP,2,2027-01-10,12,0,0,1,4,32,77.10000000000014,137.04999999999995,216.37499999999795
AP,3,2027-01-17,14,0,1,2,5,38.25,98.10000000000014,161.0999999999999,262.02499999999986
AP,4,2027-01-24,16,0,1,2,6,44,109.10000000000014,192.14999999999986,322.17499999999905
AP,5,2027-01-31,19,0,1,2,6,50,124.10000000000014,216.04999999999995,337.09999999999945
AP,6,2027-02-07,20,0,1,2,7,53,119.10000000000014,230.29999999999973,379.1249999999993
AP,7,2027-02-14,21,0,1,2,7,51.25,130,236.0999999999999,358.1249999999993
AP,8,2027-02-21,21,0,1,3,8,54,141,265,414.09999999999945
AP,9,2027-02-28,21,0,1,3,8,55,124,215.14999999999986,365.1499999999992
AP,10,2027-03-07,20,0,1,2,7,56,132.20000000000027,242.0999999999999,427.02499999999986
AP,11,2027-03-14,20,0,1,2,7,52,121.10000000000014,223.0999999999999,358.2249999999988
AP,12,2027-03-21,19,0,1,2,7,51,125,218.04999999999995,386.02499999999986
AP,13,2027-03-28,19,0,1,2,7,48.25,125,222.0999999999999,327.2249999999988
AP,14,2027-04-04,18,0,1,2,6,47,119,201,335.1499999999992
AP,15,2027-04-11,16,0,1,2,6,47,109.10000000000014,188,303.3499999999981
AP,16,2027-04-18,15,0,1,1,5,39,100.10000000000014,183.14999999999986,304.0749999999996
AP,17,2027-04-25,14,0,1,2,5,38,90,158.14999999999986,253.09999999999945
AP,18,2027-05-02,13,0,0,1,5,36,92,161.0999999999999,261.29999999999836
AP,19,2027-05-09,12,0,0,1,4,34,80.10000000000014,142.0999999999999,230.12499999999932
AP,20,2027-05-16,12,0,0,1,4,33,77.10000000000014,135.04999999999995,217.09999999999945
AP,21,2027-05-23,11,0,0,1,4,28,69,116.14999999999986,213
AP,22,2027-05-30,10,0,0,1,3,26,69,126,209.02499999999986
AP,23,2027-06-06,9,0,0,1,3,27,65.10000000000014,113.09999999999991,193
AP,24,2027-06-13,9,0,0,1,3,24,61,104.09999999999991,190.02499999999986
AP,25,2027-06-20,9,0,0,1,3,26,57,95.09999999999991,157.04999999999973
AP,26,2027-06-27,8,0,0,1,3,22,59,98.04999999999995,150.04999999999973
AP,27,2027-07-04,8,0,0,1,3,24,59.100000000000136,99,159.04999999999973
AP,28,2027-07-11,9,0,0,1,3,24.25,59,97.04999999999995,172.12499999999932
AP,29,2027-07-18,10,0,0,1,3,25,65,106,173.0749999999996
AP,30,2027-07-25,9,0,0,1,3,25,61,103.14999999999986,168.04999999999973
AP,31,2027-08-01,10,0,0,1,3,26,70,118.04999999999995,195.17499999999905
AP,32,2027-08-08,10,0,0,1,4,28,70,120.14999999999986,188.12499999999932
AP,33,2027-08-15,11,0,0,1,4,31,69.10000000000014,127.04999999999995,195
AP,34,2027-08-22,11,0,0,1,4,31,75,136.04999999999995,210.04999999999973
AP,35,2027-08-29,12,0,0,1,4,32,77,136,212.0749999999996
AP,36,2027-09-05,11,0,0,1,4,31,77.10000000000014,136,210.02499999999986
AP,37,2027-09-12,10,0,0,1,4,30,69,117.04999999999995,194.04999999999973
AP,38,2027-09-19,10,0,0,1,4,27,68,118.04999999999995,214.04999999999973
AP,39,2027-09-26,10,0,0,1,3,27,67,109.04999999999995,186.02499999999986
AP,40,2027-10-03,9,0,0,1,3,26,61,110.04999999999995,187
AP,41,2027-10-10,10,0,0,1,3,26,62,104.04999999999995,168.02499999999986
AP,42,2027-10-17,9,0,0,1,3,24,58.100000000000136,109.04999999999995,182.02499999999986
AP,43,2027-10-24,9,0,0,1,3,23,54,102,156.02499999999986
AP,44,2027-10-31,7,0,0,1,2,20,46,87.04999999999995,147.02499999999986
AP,45,2027-11-07,7,0,0,1,2,18,42,74.04999999999995,118.04999999999973
AP,46,2027-11-14,6,0,0,0,2,16,38,66,106.02499999999986
AP,47,2027-11-21,6,0,0,0,2,15,35,58,90.02499999999986
AP,48,2027-11-28,5,0,0,0,2,14,33,58,96.02499999999986
AP,49,2027-12-05,5,0,0,0,2,13,33,54.049999999999955,92.02499999999986
AP,50,2027-12-12,5,0,0,0,2,14,34,59.049999999999955,93
AP,51,2027-12-19,6,0,0,1,2,16,40,73,120.02499999999986
AP,52,2027-12-26,8,0,0,1,3,21,51,84.04999999999995,124.07499999999959
BA,1,2027-01-03,475.5,170,198,233,334,729.75,1162.2000000000003,1600.2999999999997,2263.0749999999994
BA,2,2027-01-10,564.5,186.95000000000002,218,271,376,851.25,1319.3000000000004,1756.3999999999996,2664.4999999999973
BA,3,2027-01-17,665,222.97500000000002,260,322,454,1003,1483.4000000000005,1964.1,2728.075
BA,4,2027-01-24,787,269.975,322.90000000000003,385,530.75,1187.5,1901.9000000000012,2556.05,3499.099999999994
BA,5,2027-01-31,913.5,318.97499999999997,354.95000000000005,446.80000000000007,624,1412.25,2219.7000000000007,3065.299999999999,4186.949999999995
BA,6,2027-02-07,1078.5,389.77500000000003,453,539,741.75,1614.75,2577.2000000000035,3606.25,4662.499999999996
BA,7,2027-02-14,1226.5,427.975,511,634.9000000000001,841.75,1847.25,2931.600000000002,4081.699999999999,5414.274999999988
BA,8,2027-02-21,1397.5,495.975,588.95,694.9000000000001,952.75,2085.25,3244.7000000000035,4575.0999999999995,5897.72499999999
BA,9,2027-02-28,1617.5,525.925,632.9000000000001,777,1064,2349,3621.300000000002,4981.8499999999985,6524.075
BA,10,2027-03-07,1667,570.9,691.8,841.8,1159,2537.5,4103.200000000001,5756.549999999996,7762.649999999997
BA,11,2027-03-14,1767.5,646.975,751,878.7,1232,2706.25,4234.3,5797.299999999999,7867.699999999985
BA,12,2027-03-21,1895,643.925,761.85,920.9,1290,2818.75,4263.300000000005,6212.949999999999,8250.62499999999
BA,13,2027-03-28,1925,717.8249999999999,828,983,1354.5,2910.5,4579.700000000002,6375.45,8780.424999999997
BA,14,2027-04-04,1910.5,678,822,1000.8,1339.75,2900,4666.600000000004,6298.149999999999,8950.824999999995
BA,15,2027-04-11,1950,673.85,792.9000000000001,967.8,1356.75,2989.25,4625,6223.3,8866.824999999973
BA,16,2027-04-18,1928,692.7,802.9,980.9,1343.75,2932,4597.200000000002,6361.549999999998,8513.499999999993
BA,17,2027-04-25,1900.5,691.975,799.95,959,1302.75,2851.25,4292.000000000002,5908.549999999999,8178.599999999997
BA,18,2027-05-02,1832.5,646.85,768.8000000000001,901,1273.75,2725,4112.500000000002,5668.1,7680.449999999997
BA,19,2027-05-09,1773,590.975,726.8,898.9000000000001,1212,2666,4083.600000000003,5885.199999999999,8248.049999999988
BA,20,2027-05-16,1632.5,580.95,667.7,821.8000000000001,1130,2492,3730.7000000000007,5149.449999999999,6546.174999999988
BA,21,2027-05-23,1487.5,533.975,633.9,768.9,1019.75,2235,3448.1000000000004,4734.75,6583.324999999976
BA,22,2027-05-30,1318.5,482.975,572.8,690.9000000000001,924,2044.25,3063.2000000000025,4225.3499999999995,5545.349999999993
BA,23,2027-06-06,1146,410.95,480.95,588,816.75,1739.5,2655.9000000000015,3845.5499999999993,5300.049999999977
BA,24,2027-06-13,1039,372.975,442.95000000000005,528,737.75,1566,2441.1,3375.149999999998,4439.774999999996
BA,25,2027-06-20,916,327,390,469,638.75,1358.25,2125.3,2930.3999999999987,3802.174999999994
BA,26,2027-06-27,833,278.97499999999997,348,410.90000000000003,571.5,1230.5,1840.3000000000004,2595.1000000000004,3623.0749999999994
BA,27,2027-07-04,725.5,260,300.95,358.80000000000007,496,1107,1672.1000000000001,2224.3499999999995,2970.899999999984
BA,28,2027-07-11,661,217,265,329.9,448.75,976.25,1506.5000000000007,1987.4999999999995,2718.199999999999
BA,29,2027-07-18,582,192,233,284.9,400,905.5,1392.2000000000003,1846.05,2507.2999999999984
BA,30,2027-07-25,535,182.925,217,265.9,367.75,816.5,1276.2000000000003,1667.5999999999995,2329.199999999999
BA,31,2027-08-01,482,165.97500000000002,196,234,319,751,1165.1000000000001,1586.1,2090.299999999993
BA,32,2027-08-08,449.5,144,168.95,212.9,305,700,1062,1427.1499999999999,2011.0999999999995
BA,33,2027-08-15,421.5,132,157,192.9,272,647,1004.1000000000001,1332.1499999999999,1880.6499999999965
BA,34,2027-08-22,380,130,151,180.9,257.75,590.25,971.1000000000001,1377.4499999999996,1859.3499999999926
BA,35,2027-08-29,362,118.97500000000001,137.95,169,239,549.25,883.5000000000007,1150.1499999999999,1521.1249999999993
BA,36,2027-09-05,344,112,129,159.9,227,534,819.2000000000003,1117.2499999999998,1530.1499999999992
BA,37,2027-09-12,327,112,129,154,223,507,788.3000000000004,1059.1499999999999,1384.0749999999996
BA,38,2027-09-19,323,106.97500000000001,123.95,154,216,486.25,755,1056.2999999999997,1460.0749999999996
BA,39,2027-09-26,307.5,100.975,119,150.9,210,470,764.2000000000003,1050.2499999999998,1453.2999999999984
BA,40,2027-10-03,301,105,123,154,209,476,749.6000000000008,1003.05,1576.2749999999985
BA,41,2027-10-10,315,94,120,143,207,482,759.3000000000004,1030.05,1451.4749999999974
BA,42,2027-10-17,316.5,97.975,120,148,211,471.25,772.4000000000005,1077.5499999999995,1491.174999999999
BA,43,2027-10-24,311,103.975,121,150,210,486,784.1000000000001,1071.4999999999995,1439.2249999999988
BA,44,2027-10-31,315,104.975,124,152.9,211,488.25,781,1108,1510.1499999999992
BA,45,2027-11-07,329,105.975,124,152,215,510,808.2000000000003,1148.3999999999996,1571.3249999999982
BA,46,2027-11-14,320,104,124.95,157,218,498,781,1072,1428.2749999999985
BA,47,2027-11-21,334,110.97500000000001,130.95,163,225,502,794.1000000000001,1042.3499999999997,1538.0249999999999
BA,48,2027-11-28,340,111,136.95,164.9,231,538,838.2000000000003,1179.1999999999998,1589
BA,49,2027-12-05,356,118,137,162.9,234.75,541.25,853.700000000001,1159.3499999999997,1609.1499999999992
BA,50,2027-12-12,361,125.975,141.95,174,248,556.25,877.2000000000016,1287.2999999999997,1756.374999999998
BA,51,2027-12-19,390,117.975,142,181.9,261,610.25,975.1000000000001,1375.2499999999998,1949.349999999998
BA,52,2027-12-26,420.5,138,164.95,199.9,277.75,647.25,1031.800000000001,1535.1999999999998,2138.399999999998
CE,1,2027-01-03,99,27,33,42.900000000000006,63,159,258,369,511.2749999999985
CE,2,2027-01-10,114,34.975,41.95,52,76,187,309,417.04999999999995,551.174999999999
CE,3,2027-01-17,134,40,48,60.900000000000006,87,211,342.40000000000055,494.04999999999995,689.0499999999997
CE,4,2027-01-24,163,48.975,59,74,106,258,399.10000000000014,560.05,739.6999999999962
CE,5,2027-01-31,200,61,75,91,132,312.25,509.3000000000004,667.05,912
CE,6,2027-02-07,237,74,87,113,161.75,369,598.2000000000003,863.2999999999997,1072.0749999999996
CE,7,2027-02-14,294,89.975,111,137,193,458,724.1000000000001,993.1999999999998,1371.0249999999999
CE,8,2027-02-21,352.5,110,128.95,161.9,227,544.25,878.1000000000001,1213.2499999999998,1701.2499999999986
CE,9,2027-02-28,400,123.95,148,181.9,262,621.25,1018.1000000000001,1421.1499999999999,1870.7749999999958
CE,10,2027-03-07,463,144,170.95000000000002,212,304,706.25,1159,1620.2499999999989,2256.349999999987
CE,11,2027-03-14,510.5,155,194,239,341.75,799.5,1301.5000000000007,1840,2497.075
CE,12,2027-03-21,567,181,214.95000000000002,265,379,910.5,1432.1000000000001,1997.1499999999999,2837.3499999999926
CE,13,2027-03-28,657,193.975,230,296.9,443,1003,1573,2223.8499999999995,2952.3749999999873
CE,14,2027-04-04,715.5,226.9,269,329.9,473,1106,1701.1000000000001,2500.1,3387.3499999999976
CE,15,2027-04-11,753.5,242,284,352,502.75,1212,1857.2000000000003,2630.3499999999995,3482.899999999995
CE,16,2027-04-18,796.5,257.95,301.90000000000003,383.9,540.75,1250,2052.500000000001,2751.3999999999996,3749.7499999999905
CE,17,2027-04-25,824.5,271,330.95000000000005,400,550.75,1294.5,2115.4000000000005,2872.6999999999994,4040.0999999999995
CE,18,2027-05-02,866.5,263,309.95000000000005,407.9,586.75,1297.25,2087.1000000000004,3001.2,4061.1499999999996
CE,19,2027-05-09,856,265.95,314.95000000000005,400.9,568,1306,2056,2873.849999999999,4308.574999999997
CE,20,2027-05-16,824.5,263.9,322,390,560,1226.5,1979.2000000000003,2758.3999999999996,3867.0249999999996
CE,21,2027-05-23,772,245.97500000000002,302,373.8,530.75,1220,1923.500000000002,2701.0499999999997,3582.524999999992
CE,22,2027-05-30,766.5,240.95,291,356,507.75,1147,1746.9000000000012,2318.45,3276.2499999999986
CE,23,2027-06-06,698.5,220,271.9,336,468,1091.5,1662.1000000000001,2297.3499999999995,2955.0499999999993
CE,24,2027-06-13,651,208,255.8,304,437.75,981.25,1575,2100.1499999999996,3048.6249999999964
CE,25,2027-06-20,610.5,197.97500000000002,232,284.9,417.5,935,1452.3000000000018,1999.4499999999996,2570.0999999999995
CE,26,2027-06-27,560,178.97500000000002,214,264,372,870.25,1400.3000000000004,1998.2999999999997,2686.724999999996
CE,27,2027-07-04,524,167,200,241,344.75,799.75,1290.5000000000007,1716.05,2390.2249999999935
CE,28,2027-07-11,475,145.975,181,223,321,734,1115.2000000000003,1498.1999999999998,2122.549999999997
CE,29,2027-07-18,439.5,141.95000000000002,165.95,200,295,674,1068.6000000000008,1455.2999999999997,1852.2499999999986
CE,30,2027-07-25,400.5,123.975,150.95000000000002,188,267,634.25,981.1000000000001,1351.999999999999,1875
CE,31,2027-08-01,370,112,138,169,244,582,928.2000000000003,1201.05,1742
CE,32,2027-08-08,331,99,118,156,223,519.25,817.1000000000001,1140.05,1596.3999999999978
CE,33,2027-08-15,305,93,112.95,138.9,201.75,469,728.4000000000005,1044.4999999999995,1422.0499999999997
CE,34,2027-08-22,268,81,97,119.9,175,421,663.6000000000008,902.3999999999996,1272.1499999999992
CE,35,2027-08-29,236.5,71,86,110,158,372.25,615,872.05,1187.0999999999995
CE,36,2027-09-05,210,61,74.95,94.9,138.75,329,518.2000000000003,684.1499999999999,1020.1999999999989
CE,37,2027-09-12,184,53,67,84,121,294.25,458.2000000000003,621.1499999999999,862.0249999999999
CE,38,2027-09-19,162,49,60,75,106,256,417,591.05,831.4999999999973
CE,39,2027-09-26,142.5,41.975,51,62.900000000000006,95,234,369,524.0999999999999,751.0499999999997
CE,40,2027-10-03,133,41,48,59,85,208.25,337.10000000000014,451.0999999999999,624.5749999999969
CE,41,2027-10-10,119,35.975,43.95,54,77,182.25,296.10000000000014,413.0999999999999,634.0999999999995
CE,42,2027-10-17,110,32,38,49,71,178,285,403.0999999999999,532.1249999999993
CE,43,2027-10-24,101,32,39,49,69,166,272,399.0999999999999,537.0499999999997
CE,44,2027-10-31,106,30,37,47,69,170,276.10000000000014,386.14999999999986,532.0999999999995
CE,45,2027-11-07,102,29,36,46,67,170,284,403.2499999999998,583.0999999999995
CE,46,2027-11-14,101,29,36,46,67.75,161,267,386.0999999999999,530.0249999999999
CE,47,2027-11-21,101,28.975,35,45,67,166,272,383.04999999999995,560.174999999999
CE,48,2027-11-28,99,28,34.95,45,64,162,278,402,586.0249999999999
CE,49,2027-12-05,97,27,33.95,41.900000000000006,63,151.25,254.10000000000014,369,510.0499999999997
CE,50,2027-12-12,90,26,31.950000000000003,39,58,150,246.10000000000014,361.04999999999995,493.0499999999997
CE,51,2027-12-19,88.5,25,31,38,56.75,140,234,330.0999999999999,463.02499999999986
CE,52,2027-12-26,90,26,32,40.900000000000006,59,142,240.20000000000027,345.04999999999995,483.0749999999996
DF,1,2027-01-03,276,14,24,42,98,697.25,1684.4000000000005,3072.249999999997,4690.649999999991
DF,2,2027-01-10,344,18.975,29.950000000000003,53.900000000000006,125,878.25,2051.4000000000005,3538.6999999999994,5749.0999999999995
DF,3,2027-01-17,391,18,32.95,58,154,1040.25,2365.900000000001,3985.4499999999994,6659.849999999995
DF,4,2027-01-24,487.5,23.975,40,77,173.5,1216.25,2942.100000000003,5215.4,8362.599999999986
DF,5,2027-01-31,538,29,46,84,200.75,1407,3380.000000000002,5480.9,9097.025
DF,6,2027-02-07,598,24.975,52.900000000000006,99,232,1530,3716.7000000000007,6218.199999999999,9588.524999999987
DF,7,2027-02-14,666,31.975,49.95,98,256.75,1640,3891.2000000000016,6739.649999999998,10925.699999999986
DF,8,2027-02-21,677.5,32,55,105.9,273.75,1859.5,4220.800000000003,6901.549999999999,12033.874999999978
DF,9,2027-02-28,771.5,35.95,60,113.9,296,1911.5,4406.3,8051.899999999993,13546.924999999996
DF,10,2027-03-07,757,46,66,123,286,1969.25,4663.000000000003,8061.049999999998,13538.224999999993
DF,11,2027-03-14,806.5,36.975,69,124.9,297.75,1982.75,4633.4000000000005,7784.6999999999925,12156.499999999996
DF,12,2027-03-21,825,36.95,67.95,128,323.75,2028.5,4768.000000000004,8241.3,12792.949999999957
DF,13,2027-03-28,805,37.975,63,115.9,303.5,2080.75,4633.2,7734.2499999999945,12775.799999999952
DF,14,2027-04-04,819,41,66.95,125,318,2148.75,4990.200000000001,9299.55,14738.574999999968
DF,15,2027-04-11,850.5,38.95,66,130.9,314,2176,4550.6000000000095,8285.699999999997,15022.799999999968
DF,16,2027-04-18,808,41.975,67,127,332,2147,5247.100000000007,8213.65,14188.074999999999
DF,17,2027-04-25,826,35.975,65,126,316,2037,4832.600000000002,8056.799999999996,14085.699999999952
DF,18,2027-05-02,801.5,41,66,116.9,300.75,2019,4850.900000000004,8697.050000000001,13169.849999999979
DF,19,2027-05-09,803,36.975,65.95,119,301.75,1984.25,4581.100000000003,7835.849999999997,13475.524999999992
DF,20,2027-05-16,752.5,41,64.95,113.9,284.75,1877.75,4137.1000000000095,7211.699999999997,12520.824999999968
DF,21,2027-05-23,690.5,34,62,97.9,268.75,1748.5,4260.000000000002,7494.9,11102.624999999996
DF,22,2027-05-30,583.5,25,50,86,233.75,1522,3706.1000000000004,6477.149999999998,10728.97499999999
DF,23,2027-06-06,506.5,24,42.95,82.9,199,1365.25,3257.600000000002,5141.449999999999,8970.749999999996
DF,24,2027-06-13,400.5,19,34,63.80000000000001,166,1107.25,2468.7000000000025,4120.349999999998,6564.174999999966
DF,25,2027-06-20,337.5,15,26.950000000000003,49.900000000000006,130.75,877.5,2155.500000000001,3578.999999999999,6165.674999999985
DF,26,2027-06-27,266.5,12.975000000000001,22,41,100,695.5,1511,2723.1499999999987,4160.124999999988
DF,27,2027-07-04,217,10,18,29,79,562.25,1310.3000000000004,2223.8999999999996,3510.324999999998
DF,28,2027-07-11,172.5,7,13.950000000000003,25,66,451.25,1017,1672.7999999999993,2537.025
DF,29,2027-07-18,142,5,10.950000000000003,20,54,344.25,802.2000000000003,1427.099999999999,2243.0749999999994
DF,30,2027-07-25,123,5,9,19,47,301,758.700000000001,1203.099999999999,1952.349999999998
DF,31,2027-08-01,109,5,9,15,42,285,652.1000000000001,1152.3499999999997,1791.0499999999888
DF,32,2027-08-08,103,5,8,16,40,269,648.6000000000008,1043,1636.8249999999955
DF,33,2027-08-15,100,4,7,13,37,266,573.1000000000001,880.4499999999996,1616.5249999999971
DF,34,2027-08-22,97.5,5,9,15,37,243,570.1000000000001,972.3499999999997,1579.3999999999978
DF,35,2027-08-29,97,4,7,14,35.75,258,587.2000000000003,959.2999999999997,1797.174999999999
DF,36,2027-09-05,96,4,7,13,37,248,580.3000000000004,1008.3499999999997,1538.0999999999995
DF,37,2027-09-12,104,5,8,15.900000000000006,40,248,604.9000000000012,1000.7499999999993,1622.0499999999997
DF,38,2027-09-19,104.5,4,8,15,38,243,583.1000000000001,1069.1499999999999,1884.3499999999926
DF,39,2027-09-26,100,4,8,15,39,258.25,605.700000000001,1077.2499999999998,1997.2249999999988
DF,40,2027-10-03,98.5,4,7,13,37,243.25,593.4000000000005,995.05,1666.474999999992
DF,41,2027-10-10,94,5,8,15,36.75,230,570,915.0999999999999,1498.4249999999977
DF,42,2027-10-17,98,4,8,14,37.75,254,615.1000000000001,1038.9499999999991,1604.4499999999975
DF,43,2027-10-24,103,5,8,15,38,253,564.1000000000001,1041.4499999999996,1731.3999999999978
DF,44,2027-10-31,104.5,5,9,17,40,264.25,599.4000000000005,976.7499999999993,1345.5249999999917
DF,45,2027-11-07,112,6,9,17,43,296,672,1133.1499999999999,1871.9749999999947
DF,46,2027-11-14,121.5,5,9.950000000000003,18,46,296.25,781.4000000000005,1363.2499999999989,2239.0249999999996
DF,47,2027-11-21,124,5,10,20,48,321.25,768.2000000000003,1373.5499999999986,2177.574999999997
DF,48,2027-11-28,144,8,14,23,55,357.25,858.2000000000003,1379.1,2349.649999999997
DF,49,2027-12-05,162,7.975000000000001,14,24,61,389.75,959.4000000000005,1647.7999999999993,2869.424999999998
DF,50,2027-12-12,168.5,9,15,27.900000000000006,68,425.5,1028.2000000000003,1750.3499999999997,3033.374999999998
DF,51,2027-12-19,196,9,15.950000000000003,29,76,519.25,1120.2000000000003,1923.3999999999996,3314.1749999999993
DF,52,2027-12-26,227,13,22,33,87,564,1365.0000000000014,2334.05,3719.199999999999
ES,1,2027-01-03,754,44,69,118.9,283,2158.75,6406.300000000007,13280.599999999991,24429.874999999898
ES,2,2027-01-10,777,43,72,124.9,300,2390.25,6604.200000000002,13793.499999999995,27675.49999999991
ES,3,2027-01-17,898,45,70.95,121,322.75,2580.5,6911.900000000014,14252.749999999995,25804.84999999984
ES,4,2027-01-24,949,54,86.95,140,334.5,2681.25,7733.200000000007,14910.949999999983,28252.02499999994
ES,5,2027-01-31,1017.5,53,90.95,145,327.75,2940.5,7215.100000000002,15471.649999999989,31580.77499999983
ES,6,2027-02-07,1071.5,60,96.95,162,376,2941.75,7802.200000000003,17371.05,31136.79999999997
ES,7,2027-02-14,1141,64.975,102.95,170,397.5,2943.5,8164.000000000002,16194.649999999996,31808.574999999997
ES,8,2027-02-21,1112,62.975,98,167.9,398.75,3016.5,9676.000000000011,18984.249999999978,36613.474999999846
ES,9,2027-02-28,1173.5,53.975,104.95,174,424.75,3120,9268.100000000013,17182.94999999999,39188.074999999684
ES,10,2027-03-07,1095,69,107.95,183.70000000000002,411.75,3269.5,10132.400000000001,19114.149999999976,37704.72499999998
ES,11,2027-03-14,1077.5,62.95,100,169.9,395.75,3140.5,8409.400000000007,18332.64999999999,34410.249999999985
ES,12,2027-03-21,1093,59.975,100,157.9,409,3148.5,9232.40000000001,18962.14999999998,35445.87499999983
ES,13,2027-03-28,1074,59.975,91.95,155.8,407.25,2919,8330.200000000003,17064.099999999977,42940.22499999994
ES,14,2027-04-04,999.5,51,85,157,367.75,2968,8280.900000000001,15259.349999999991,31047.57499999997
ES,15,2027-04-11,970.5,52,87,146,373,2761,7384.200000000001,15418.349999999991,31683.824999999935
ES,16,2027-04-18,951,50,83,137,328,2658.25,8062.100000000007,16515.099999999988,28373.274999999958
ES,17,2027-04-25,798.5,48.975,72,129.9,313.75,2393.25,6966.500000000002,14655.499999999998,29546.42499999999
ES,18,2027-05-02,791,38.975,67,121.9,283.75,2223.25,6735.600000000016,12792.449999999997,23053.674999999974
ES,19,2027-05-09,732.5,40,63,112,255.75,2114,5811.100000000008,11593.899999999998,18240.425
ES,20,2027-05-16,681.5,37.975,54.95,95,233.75,1952.25,5615.400000000002,11149.599999999993,19515.724999999835
ES,21,2027-05-23,645,39,56,95,236,1763.25,4863.500000000001,9487.749999999996,17113.599999999973
ES,22,2027-05-30,541,29.975,46,91,204,1669.75,4761.800000000004,9915.099999999988,17296.97499999998
ES,23,2027-06-06,533,32,49.95,80.80000000000001,188.75,1537.25,4266.3,8473.849999999999,15726.224999999966
ES,24,2027-06-13,471,25,40,67.9,167,1275.5,3641.0000000000055,6394.649999999998,12043.374999999955
ES,25,2027-06-20,406.5,21.975,32.95,62,149,1101.5,3388.6000000000063,6627.799999999999,11253.849999999986
ES,26,2027-06-27,370,23,34,55.900000000000006,138,1018.75,2937.6000000000004,5868.749999999999,10448.699999999997
ES,27,2027-07-04,318,17,26,48,113.75,980.5,2632.1000000000004,5264.549999999993,9874.874999999984
ES,28,2027-07-11,259,15.975000000000001,23,39,96.75,768.25,2344.500000000001,4929.0999999999995,10375.499999999965
ES,29,2027-07-18,233,13.975000000000001,21,36,86.75,656.75,2109.8000000000025,3709.6999999999985,6686.949999999994
ES,30,2027-07-25,217,11,18,32.900000000000006,81,642,1859.2000000000016,3705.149999999997,6941.874999999974
ES,31,2027-08-01,185,11,16,28,68,578.25,1509.400000000006,3608.9499999999953,6737.874999999995
ES,32,2027-08-08,171,8.975000000000001,14,24,63,507,1498.3000000000018,3047.3499999999985,5490.724999999974
ES,33,2027-08-15,148,8,15,26,54,443.5,1304.9000000000012,2674.199999999999,4356.274999999999
ES,34,2027-08-22,144.5,7,12,20,51,421.25,1188.4000000000005,2455.199999999998,4369.024999999994
ES,35,2027-08-29,140,7,12,19,47,371.5,1209.9000000000012,2259.05,4412.5499999999975
ES,36,2027-09-05,136,7,11,19,48,386.5,1116.6000000000008,2690.899999999998,4529.474999999998
ES,37,2027-09-12,135.5,8,12,19,53,405.25,1153.3000000000004,2464.0999999999995,4355.624999999996
ES,38,2027-09-19,147,7,11,19,51,434.5,1225.700000000001,2425.499999999999,5087.5499999999865
ES,39,2027-09-26,164,7,13,22,57,485.25,1358.5000000000007,2901.7999999999965,6044.574999999992
ES,40,2027-10-03,182,9,15,27,63,520.25,1524.2000000000016,3218.399999999995,6081.724999999997
ES,41,2027-10-10,224.5,12,19,34,82.75,683,1910,3895.8499999999985,8923.199999999999
ES,42,2027-10-17,255.5,14,22,41,94.75,770.75,2124.5000000000036,4236.999999999999,9915.499999999975
ES,43,2027-10-24,301.5,15,25,46,107.75,875.25,2441.5000000000005,5175.999999999995,11327.124999999967
ES,44,2027-10-31,340,20.975,29,48,125,1020.25,2950.1000000000013,6589.499999999998,12467.699999999957
ES,45,2027-11-07,366,17.975,30,52.900000000000006,133,1116,3316.500000000001,7097.5499999999975,15086.22499999995
ES,46,2027-11-14,431,23,37.95,61,158,1289.25,3884.800000000001,7306.999999999998,14074.499999999985
ES,47,2027-11-21,500,27,44,76.9,173.75,1379.5,4318.4000000000005,8963.3,16739.024999999892
ES,48,2027-11-28,548,28,45.900000000000006,81.9,199.75,1578.5,4466.000000000005,9128.849999999995,17542.39999999998
ES,49,2027-12-05,623.5,30.975,58,93.9,220.75,1810,5067.500000000002,8951.999999999998,21691.174999999945
ES,50,2027-12-12,695,33,54,92.9,233.75,1912.25,5311.800000000001,10791.149999999994,19657.824999999943
ES,51,2027-12-19,713,41,65,104.9,260.75,2032.5,5801.300000000002,11527.249999999993,23808.574999999997
ES,52,2027-12-26,765,43.95,65.95,119,288,2095.75,6331.500000000005,12893,27531.724999999813
GO,1,2027-01-03,1599,741.975,830.9499999999999,976.5,1224.75,2113,2819.3000000000006,3352.1499999999996,3955.9249999999947
GO,2,2027-01-10,1997.5,949.9250000000001,1052,1206.8999999999999,1532.75,2575.75,3431.0000000000014,4113.699999999999,4884.474999999991
GO,3,2027-01-17,2434.5,1166.9,1298.8999999999999,1458.9,1878.25,3246.5,4173.6,5077.4,5979.524999999997
GO,4,2027-01-24,2873.5,1369.825,1545.9,1781.9,2212.5,3747.25,4845.1,5691.1,6921.949999999983
GO,5,2027-01-31,3303,1544.825,1734,2048.6,2555.75,4360.25,5790.9000000000015,6784.249999999999,7935.149999999999
GO,6,2027-02-07,3687,1783.8500000000001,2063.8,2304,2896.5,4794.5,6284.500000000001,7658.4,9233.175
GO,7,2027-02-14,3974,1967.7500000000002,2221,2464.4,3081.5,5216.75,6701.100000000001,7948,9388.399999999992
GO,8,2027-02-21,4155.5,1994.8999999999999,2241.6,2506,3212.75,5471.5,7060.3,8505.5,10374.175
GO,9,2027-02-28,4362,2075.825,2346,2660.6,3356.75,5769.25,7540.700000000001,9061.999999999998,11115.349999999988
GO,10,2027-03-07,4531.5,2212.9750000000004,2485.85,2800,3507.75,6003.25,7746.500000000002,9347.35,11166.674999999985
GO,11,2027-03-14,4641,2214.725,2553.7000000000003,2861,3581.75,6190.5,8068.500000000001,9591.449999999999,11011.874999999996
GO,12,2027-03-21,4806,2246.7749999999996,2546.55,2947.7999999999997,3720,6249.25,8257.6,9925.349999999999,12299.474999999999
GO,13,2027-03-28,4950.5,2421.875,2683.95,3037.7999999999997,3787.75,6410.25,8276.2,9914.8,12009.94999999999
GO,14,2027-04-04,4990.5,2370.75,2656.7999999999997,3097.9,3857.25,6536.5,8485.800000000003,10114.199999999999,12102.099999999999
GO,15,2027-04-11,4981.5,2401.925,2719.9,3128,3893.25,6397.5,8298.000000000004,10128.5,12498.749999999985
GO,16,2027-04-18,4954,2360.7250000000004,2698.8999999999996,3041,3782,6499.25,8363.400000000001,9913.749999999996,11898.199999999999
GO,17,2027-04-25,4811.5,2285.8999999999996,2578.65,3004.7999999999997,3758.25,6289,8249.800000000001,9625.2,11500.649999999996
GO,18,2027-05-02,4629.5,2192.725,2430.8500000000004,2812.9,3518,6045.5,7700.500000000001,9193.4,10793.774999999996
GO,19,2027-05-09,4262,2038.75,2242.95,2612.6,3292.5,5553.25,7314.5,8604,9952.69999999999
GO,20,2027-05-16,3824,1816,2022.7,2325.8,2972.75,5086.5,6568.3,7901.449999999999,9247.649999999996
GO,21,2027-05-23,3377,1606.8500000000001,1784.9499999999998,2074.8,2646,4457,5844,7081.449999999999,8453.399999999994
GO,22,2027-05-30,2936,1354,1549.85,1776,2286.5,3828.5,4952.6,6055.4,7222.374999999993
GO,23,2027-06-06,2491,1194.975,1338.8,1545.7,1921,3251.25,4226.500000000001,5070.35,5987.049999999999
GO,24,2027-06-13,2085.5,1018.95,1143.8500000000001,1290.9,1605.5,2760.75,3528.9000000000015,4180.3499999999995,4990.574999999996
GO,25,2027-06-20,1762,824,911.85,1061.9,1354,2308.25,2964.500000000001,3579.1499999999987,4353
GO,26,2027-06-27,1431.5,685.9749999999999,775.95,897,1126.75,1888,2470.1000000000004,2971.15,3655.174999999999
GO,27,2027-07-04,1187,549,618.9,733,927,1562.5,2056.4000000000005,2463.5,2990.7999999999956
GO,28,2027-07-11,1003,473.85,533.95,618.9000000000001,780.75,1310.25,1720.2000000000003,2051.45,2436.77499999999
GO,29,2027-07-18,873.5,412.975,471.95,533.9,668.75,1165.25,1555.4000000000005,1846.05,2197.7999999999956
GO,30,2027-07-25,757,357.95000000000005,404.85,458.80000000000007,573.75,992.25,1266.3000000000004,1500.8999999999992,1870.0499999999997
GO,31,2027-08-01,697.5,316.95,371.95,422,531,908.25,1168.2000000000003,1452.1999999999998,1698.174999999999
GO,32,2027-08-08,651.5,296.925,342.95000000000005,388,498,859.25,1119.1000000000001,1337.1999999999998,1548.5749999999969
GO,33,2027-08-15,615,287.975,326,377.9,479.75,801,1037,1197.1499999999999,1435.0499999999997
GO,34,2027-08-22,592,276,313.95,359.6,461.75,782,1015.2000000000003,1251.1499999999999,1431.2249999999988
GO,35,2027-08-29,594,278.97499999999997,313.95,356.9,454,776,1004,1167.05,1436.0249999999999
GO,36,2027-09-05,600,280,314,360,461,773,987,1186,1444.0499999999997
GO,37,2027-09-12,595.5,281.97499999999997,318.95000000000005,370.90000000000003,463,784,1019.3000000000004,1238.05,1440.0249999999999
GO,38,2027-09-19,607.5,290.975,321.95,373.9,473,815,1052.1000000000001,1268.1999999999998,1535.1499999999992
GO,39,2027-09-26,622.5,282,321,374.80000000000007,478.75,824.25,1078,1256.1499999999999,1467.0999999999995
GO,40,2027-10-03,639.5,298.975,328,374,482,850,1113.1000000000001,1305.05,1594.0499999999997
GO,41,2027-10-10,651,301.975,340,397.9,502,863.25,1100,1308.4999999999995,1526.1249999999993
GO,42,2027-10-17,657,318.97499999999997,359,406.90000000000003,515,868.25,1125.1000000000001,1348.1,1556.4499999999975
GO,43,2027-10-24,688,331,361.95,417,531.75,910.5,1183,1374.1999999999998,1527.0999999999995
GO,44,2027-10-31,731.5,342.9,377,440.9,558,947,1246,1423.1999999999998,1681
GO,45,2027-11-07,784.5,365,418.95000000000005,478.90000000000003,608.75,1023.25,1350.1000000000001,1627.1499999999999,1831.374999999998
GO,46,2027-11-14,855.5,395.90000000000003,447,511,646,1115,1458.1000000000001,1729,1982.2749999999985
GO,47,2027-11-21,919,426.95,483,566,712,1203,1557.3000000000004,1802.2499999999998,2070.199999999999
GO,48,2027-11-28,978,450.925,510.95000000000005,590,754.75,1282.25,1651.3000000000004,1965,2253.5999999999967
GO,49,2027-12-05,1035.5,500.95,558.9499999999999,644,803.75,1353,1783.5000000000007,2107.5499999999993,2453.0999999999995
GO,50,2027-12-12,1090,505.97499999999997,565.95,653.9000000000001,826.75,1419.25,1818.1000000000001,2117.25,2476.0499999999997
GO,51,2027-12-19,1160,569.975,628.95,713.9,877.75,1514.25,2015.1000000000001,2351.05,2764.0499999999997
GO,52,2027-12-26,1326,604.7500000000001,694,800.9,1013,1736.25,2234.3,2670.7999999999993,3142.149999999999
MA,1,2027-01-03,54,11,14,20,33,87,144.10000000000014,187,253.0749999999996
MA,2,2027-01-10,75,15,21,27,44,122,192,253,345.02499999999986
MA,3,2027-01-17,102,20,28,39,62,162,257,339.04999999999995,458.24999999999864
MA,4,2027-01-24,131,27,35,47,78,221.25,348,469.04999999999995,707
MA,5,2027-01-31,161,34.975,46,64,100,266,430,566.1499999999999,785.0999999999995
MA,6,2027-02-07,200.5,42.975,56,74,123,324.25,509.10000000000014,674,833.0249999999999
MA,7,2027-02-14,234,51,66,87,142.75,370,580.2000000000003,781.0999999999999,1019.3999999999978
MA,8,2027-02-21,263.5,59,76,98,157,405,653.1000000000001,879.4999999999995,1133
MA,9,2027-02-28,286,65,82,107,178.75,465.75,745.700000000001,1011.0999999999999,1294.2249999999879
MA,10,2027-03-07,288,66.95000000000002,90,116,178.75,480,749.1000000000001,1026.999999999999,1366.0999999999995
MA,11,2027-03-14,284.5,72,91,112.9,176,467,751.1000000000001,962.0999999999999,1362.0749999999996
MA,12,2027-03-21,289,63.975,82,108,173,472.75,711,906.05,1246.099999999994
MA,13,2027-03-28,274.5,68.975,87,116,176,434,713.1000000000001,926.05,1211.0499999999997
MA,14,2027-04-04,271,63,81.95,107,167,440.25,703,959.4999999999995,1406.0249999999999
MA,15,2027-04-11,262.5,59,80.95,105.9,162,435,706.1000000000001,910.6499999999994,1202.0249999999999
MA,16,2027-04-18,255,58.975,73.95,104.9,155,409.25,641.1000000000001,870.05,1309.2249999999988
MA,17,2027-04-25,233,51,68.95,89,144,382.5,612.1000000000001,814.0999999999999,1052.0499999999997
MA,18,2027-05-02,209,49,60.95,85,129,338,543,725.05,983.4499999999975
MA,19,2027-05-09,183.5,40.975,54,70,112.75,304.25,482,649,854
MA,20,2027-05-16,163,36,50,65.9,103.75,275,425,583,728.1999999999989
MA,21,2027-05-23,147.5,32.975,43.95,58,89,240.5,389,523.1999999999998,699.2999999999984
MA,22,2027-05-30,127,29.975,41,52,79,208,343,489.0999999999999,641.0749999999996
MA,23,2027-06-06,109,26,33,44,65,177,281.10000000000014,383,505.02499999999986
MA,24,2027-06-13,94,20,25,36,56,155,256,352.04999999999995,433.02499999999986
MA,25,2027-06-20,82,17.975,24,33,51,138,219.10000000000014,286,405.37499999999795
MA,26,2027-06-27,72,15,21,28,45,124,207,268.14999999999986,369.1499999999992
MA,27,2027-07-04,64,14,18.950000000000003,25,39,107,175,234,305
MA,28,2027-07-11,58,12,16,23,35.75,99,159,227.0999999999999,327.1249999999993
MA,29,2027-07-18,54,10,14,20,32,92,154,219,313.17499999999905
MA,30,2027-07-25,51,10.975000000000001,14,19,30,83,140.10000000000014,204,276.02499999999986
MA,31,2027-08-01,46,8,11.950000000000003,16.900000000000006,27,81,135,179.04999999999995,240.0749999999996
MA,32,2027-08-08,43,8,12,16,26,73,127.10000000000014,178,256
MA,33,2027-08-15,41,8,10,14,24,70,119,165,238.02499999999986
MA,34,2027-08-22,37,7,9,13.900000000000006,22,64,113,156.04999999999995,234
MA,35,2027-08-29,34,6,9,12,20,60,103,148.04999999999995,196
MA,36,2027-09-05,32,5,8,11,18,56,98,137,182.14999999999918
MA,37,2027-09-12,31,5,7,10,18,53,90,135.04999999999995,198.02499999999986
MA,38,2027-09-19,29,5,7,10,16,50,90.10000000000014,131,185.02499999999986
MA,39,2027-09-26,27,5,6.950000000000003,9.900000000000006,16,47.25,83,119.04999999999995,171.02499999999986
MA,40,2027-10-03,26,4,6,9,15,47,80,106,149.12499999999932
MA,41,2027-10-10,27,4.975000000000001,6,9,15,47,82,112,156
MA,42,2027-10-17,26,4,6,9,15,45,74,113.04999999999995,161
MA,43,2027-10-24,27,4.975000000000001,6.950000000000003,9,16,45,76.10000000000014,105,158.0749999999996
MA,44,2027-10-31,26,4,6,9,16,46,72,104,143.02499999999986
MA,45,2027-11-07,26,4,6,9,16,45,75,106,161
MA,46,2027-11-14,28,5,7,10,16,47,78,106,147
MA,47,2027-11-21,28,5,7,9,16,47,76,100,149.02499999999986
MA,48,2027-11-28,28,5,7,10,16,47,74,102.04999999999995,131.02499999999986
MA,49,2027-12-05,28,5,7,10,16,47,74.10000000000014,107,142.02499999999986
MA,50,2027-12-12,30,6,7,10,17,48,77,103,133.02499999999986
MA,51,2027-12-19,34,6,8,12,20,56,90,125.09999999999991,164.02499999999986
MA,52,2027-12-26,42,8,11,15,25,70,109,145.0999999999999,191.02499999999986
MG,1,2027-01-03,2466.5,871.9749999999999,1027.95,1214.8999999999999,1693.25,3943.25,6893.300000000002,10877.749999999995,19303.82499999992
MG,2,2027-01-10,3196.5,1072,1296.8,1565.7,2140.75,5173,8955.2,14740.899999999998,23454.149999999987
MG,3,2027-01-17,3965,1379.8000000000002,1599.95,1918,2666,6115,10983.6,17016.749999999993,24822.97499999987
MG,4,2027-01-24,4787.5,1653.9,1954.6499999999999,2332.5,3181.25,7676.25,13858.500000000022,21290.399999999998,32638.624999999985
MG,5,2027-01-31,5707,1965.825,2323.65,2807.6000000000004,3858.5,9096.25,16019.3,23450.04999999999,36445.174999999945
MG,6,2027-02-07,6693.5,2383.9249999999997,2696.8,3349.8,4484.5,10627.75,18751.10000000001,27045.999999999993,41434.799999999785
MG,7,2027-02-14,7764,2653.8,3172,3755.6,5150.75,12322.25,22248.000000000025,34459.649999999994,55631.524999999994
MG,8,2027-02-21,8555,3116.9,3553.8,4377.3,5811.75,13237,24616.9,36085.549999999996,63011.14999999968
MG,9,2027-02-28,9451.5,3187,3728.4500000000003,4471.700000000001,6424.5,15018.25,26750.5,44497.09999999996,77114.02499999992
MG,10,2027-03-07,10242.5,3724.8500000000004,4340.9000000000005,5226.5,6991.75,16308.75,29527.900000000005,45978.75,66339.8249999996
MG,11,2027-03-14,11413.5,4001.825,4522.200000000001,5424.8,7654,18233.25,32265.80000000002,49202.999999999985,80344.22499999966
MG,12,2027-03-21,11486,3956.5750000000003,4647.6,5625.5,7842,18706.75,32684.900000000067,48992.6,74965.14999999988
MG,13,2027-03-28,12054,4404.7750000000005,4989.25,5778.8,7959.25,18987,32978.400000000016,55148.74999999996,97024.0249999997
MG,14,2027-04-04,12615.5,4266.7,4909.8499999999995,5894.8,8390,20022.25,37219.3,53158.75,95827.9
MG,15,2027-04-11,12380.5,3995.775,4683.049999999999,5854.200000000001,8207.5,20078,35140.900000000016,59609.29999999998,89665.52499999986
MG,16,2027-04-18,11565.5,4106.675,4815.45,5628.8,7943,18864,33714.200000000004,54397.49999999999,82266.77499999975
MG,17,2027-04-25,10898.5,3865.8999999999996,4574.55,5429.3,7439.5,17812,31519.90000000001,50564.19999999998,78799.02499999988
MG,18,2027-05-02,9995.5,3692.1,4144.8,4999.9,6831.75,15592.25,29085,45674.99999999999,75126.12499999985
MG,19,2027-05-09,8620,2968.4,3491.3500000000004,4256.8,5893.5,13640.5,23838.20000000001,35666.399999999994,57739.574999999655
MG,20,2027-05-16,7140,2571.4,2957.7000000000003,3562.8,5004.75,11422.75,20129.80000000001,29084.849999999995,47399.474999999955
MG,21,2027-05-23,5743,1984.8,2302.9500000000003,2809.9,3901.75,9451.75,15988.300000000008,24678.049999999996,36992.34999999994
MG,22,2027-05-30,4597,1627.8999999999999,1924.75,2272.8,3122.75,6947.5,12294.700000000003,18521.6,28384.524999999987
MG,23,2027-06-06,3504,1255.975,1424.9,1682,2371.75,5558,9499.900000000005,14489.35,23775.049999999806
MG,24,2027-06-13,2617,926.925,1065.5,1282,1794.5,4088.25,7159.900000000005,11007.449999999997,17272.69999999993
MG,25,2027-06-20,2022.5,683.7750000000001,810.8000000000001,996.8,1387.75,3152.25,5383.4000000000005,8251.75,13305.474999999986
MG,26,2027-06-27,1557.5,546.9749999999999,646.9499999999999,777.8,1054,2368.25,4185.4000000000005,6306.0999999999985,9964.199999999988
MG,27,2027-07-04,1231.5,443.95000000000005,513.9499999999999,617.9,846.75,1959.75,3208.7000000000007,4843.199999999993,7254.874999999968
MG,28,2027-07-11,996,346.925,399.95,495,676.75,1519.25,2528.4000000000024,3850.5499999999993,6229.024999999972
MG,29,2027-07-18,810,290.77500000000003,346,403.9,548,1334,2181.8000000000025,3212.999999999999,4754.349999999988
MG,30,2027-07-25,707,247.975,287.95,346,476,1145.5,1918.4000000000005,2773.7999999999965,4578.674999999991
MG,31,2027-08-01,626,216.975,263.9,318,430,962.25,1676.700000000001,2471.3999999999996,4179.249999999998
MG,32,2027-08-08,575.5,208.85,239.95,284,392,918.5,1577.2000000000003,2354.6999999999994,3978.075
MG,33,2027-08-15,548,183.975,224,267,368.75,858,1473,2322.0999999999985,4131.724999999996
MG,34,2027-08-22,541,189,217,264.9,363,854.75,1482.5000000000007,2256.0499999999993,4089.1999999999935
MG,35,2027-08-29,537,181,218,258,354,853.5,1498.2000000000003,2404.3999999999987,3780.199999999999
MG,36,2027-09-05,550,188.975,220,263,365.75,877.25,1623.700000000001,2635.2,4255.624999999996
MG,37,2027-09-12,568,199.975,225,273.9,380.75,935.25,1627.4000000000005,2641.699999999999,4485.5499999999975
MG,38,2027-09-19,598,203.975,241.95,286,408,978.5,1718.800000000001,2916.5999999999995,4628.649999999974
MG,39,2027-09-26,644.5,210,249,309.9,425,1018.5,1915.3000000000004,3116.05,4848.224999999993
MG,40,2027-10-03,667.5,230,268,314,443,1047,1996,3312,4857.124999999994
MG,41,2027-10-10,718.5,253,296.95,355.9,490,1187.75,2259.9000000000015,3645.4499999999994,6073.72499999999
MG,42,2027-10-17,776,260.975,311,382,516.75,1289.5,2436.1000000000004,3911.15,6333.299999999998
MG,43,2027-10-24,796,281,321.95,392.9,544,1402.25,2627.1000000000004,3790.1499999999996,6192.0999999999995
MG,44,2027-10-31,891,318,364.95,428.79999999999995,586,1484,2956.2000000000003,4835.3,7933.374999999911
MG,45,2027-11-07,969.5,330.975,379.9,460.79999999999995,638.75,1603,2989.0000000000055,4926.8499999999995,8202.724999999997
MG,46,2027-11-14,1063.5,377,429,512.9,705,1792,3476.5000000000036,5487.35,9449.224999999999
MG,47,2027-11-21,1138,414.84999999999997,487,566.8000000000001,766,1957.25,3684.2000000000003,5574.25,9885.124999999998
MG,48,2027-11-28,1284,458,519.95,625,860.5,2152.25,4077.700000000004,6557.699999999995,10018.124999999976
MG,49,2027-12-05,1407.5,503.85,574,697.9,960.75,2387,4333.200000000002,6413.3499999999995,10718.174999999983
MG,50,2027-12-12,1570,540.95,649.9,776.6,1053.75,2585,4987.400000000005,8208.599999999997,12648.624999999964
MG,51,2027-12-19,1781,623,734,875.8,1209,2942.5,5756.600000000003,9084.449999999986,14672.299999999885
MG,52,2027-12-26,2075,748.85,847.95,1015.9,1369,3454.75,6576.800000000001,10419.549999999997,15406.649999999981
MS,1,2027-01-03,321.5,61.975,78.95,105.9,172.75,607.25,1156,1697.999999999999,2691.249999999998
MS,2,2027-01-10,380.5,67.975,86,124,213,757.5,1369.2000000000003,2001.9499999999991,2939.524999999997
MS,3,2027-01-17,469,86.95000000000002,111,152,250,831.75,1545.5000000000007,2243.5499999999997,3282.5999999999967
MS,4,2027-01-24,518,92.94999999999999,122.95,168.9,282.75,990.25,1845.5000000000007,2735.5,3838.124999999994
MS,5,2027-01-31,604,111.975,147,192,324.75,1118.25,2017.2000000000003,3040.4999999999995,4305.924999999996
MS,6,2027-02-07,662.5,120.975,153,215,373.75,1237.25,2259.600000000001,3424.1,4895.499999999997
MS,7,2027-02-14,709,126.97500000000001,168.85,238,403,1299.5,2446.700000000002,3603.6499999999987,4971.249999999976
MS,8,2027-02-21,802.5,146.95000000000002,185,261.9,432,1477.25,2661.2,4176.399999999998,6093.074999999983
MS,9,2027-02-28,811,142.97500000000002,196.95,268.9,467.75,1589.25,2817.4000000000005,4220.2999999999975,5662.349999999988
MS,10,2027-03-07,818.5,166.97500000000002,204,277.70000000000005,459,1591.5,2759.0000000000014,4236.1,6049.874999999978
MS,11,2027-03-14,890.5,155.925,202.95000000000002,276,492.75,1663.25,2998.200000000003,4391.4,6330.674999999991
MS,12,2027-03-21,893,161.95,209.95,290.90000000000003,493,1634,3002.1000000000004,4485.499999999998,6722.874999999941
MS,13,2027-03-28,923.5,154.85000000000002,214,294,488,1679.25,3232.900000000003,4915.35,6779.049999999995
MS,14,2027-04-04,933,164.975,217.8,296.9,494,1786,3211.6000000000013,4574.3,7018.224999999988
MS,15,2027-04-11,864,143,195,275.9,465,1578,2908.2000000000016,4448.899999999999,6250.499999999992
MS,16,2027-04-18,828.5,133,178.90000000000003,249,437.25,1529.5,2770.300000000003,4090.3999999999996,5834.399999999992
MS,17,2027-04-25,756.5,132.975,174.95000000000002,248.8,408.75,1432.5,2579.4000000000033,4071.3499999999985,5700.3499999999985
MS,18,2027-05-02,678,117.95,147.95,206,375.75,1271.5,2435.500000000001,3748.699999999999,5186.124999999988
MS,19,2027-05-09,619.5,107,142,186,330.75,1154.25,2209.7000000000007,3178.1499999999996,4644.424999999992
MS,20,2027-05-16,520.5,96.975,124,170.9,284,1009.5,1822.1000000000001,2813.649999999999,3738.774999999996
MS,21,2027-05-23,447.5,73,93,132.9,238.5,858,1632,2644.25,4020.024999999994
MS,22,2027-05-30,356.5,54.975,78.95,106,196,671,1255.4000000000005,1808.049999999999,2712.4749999999976
MS,23,2027-06-06,304,50,67,94,157,581,1059.3000000000004,1540.6499999999994,2059.2499999999986
MS,24,2027-06-13,234,40.975,53,75,130.75,451.25,863.1000000000001,1286.6499999999994,1900.0499999999997
MS,25,2027-06-20,196,35,46.95,61,104,372.25,681.2000000000003,962.3999999999996,1433.1499999999992
MS,26,2027-06-27,152,27,35,50,83,311,569.3000000000004,908.3999999999996,1289.6499999999965
MS,27,2027-07-04,130,22.975,31.950000000000003,43,71,256,455.10000000000014,712.2999999999997,959.5249999999971
MS,28,2027-07-11,114,17,24,36,63,212,397.10000000000014,557.1999999999998,771.1499999999992
MS,29,2027-07-18,99,14,19,29,52,182,334.2000000000003,490,779.1499999999992
MS,30,2027-07-25,83,13,18,26,44,154,294,441.04999999999995,643.1749999999936
MS,31,2027-08-01,72,12,17,24,41,132,250.10000000000014,399,570.2499999999986
MS,32,2027-08-08,66,10,14,20,36,126,232,324.0999999999999,470
MS,33,2027-08-15,61,10,13,19,34,118,226.10000000000014,342,465.1499999999992
MS,34,2027-08-22,59,10,13,18,31,106,199,312.14999999999986,469.24999999999864
MS,35,2027-08-29,58,9,12.950000000000003,18,33,112,204.10000000000014,315.1999999999998,454
MS,36,2027-09-05,58,9,12.950000000000003,19,32,109.25,202,287,404.17499999999905
MS,37,2027-09-12,59,10,14,19,34,114,216,331,495.2249999999988
MS,38,2027-09-19,63,11,14,20,36,118,223,320,490.2249999999988
MS,39,2027-09-26,71,13,16,23,37,135,258.10000000000014,394.0999999999999,518.1999999999989
MS,40,2027-10-03,77,14,19,25,40,148.25,274.10000000000014,406.2499999999998,583.3249999999982
MS,41,2027-10-10,84,15,20,27,45,158.25,286,504.04999999999995,760.0499999999997
MS,42,2027-10-17,93.5,16,22,31,52,176.25,357.10000000000014,558,756.2499999999986
MS,43,2027-10-24,112,17.975,25,36,61.75,211,379.10000000000014,585.4499999999996,913.0749999999996
MS,44,2027-10-31,123.5,24,30,39,68,233,456.3000000000004,731.1499999999999,1108.0499999999997
MS,45,2027-11-07,138,24,32,44,74,266,537,857.4999999999995,1210.4249999999977
MS,46,2027-11-14,154,22,34,47.900000000000006,85,296,568.4000000000005,896.1499999999999,1434.0999999999995
MS,47,2027-11-21,169,29.975,38,55,94,324.25,616.2000000000003,942.3499999999997,1381.1499999999992
MS,48,2027-11-28,185,31,40,57.900000000000006,101,367,691,1150.3499999999997,1719.3499999999926
MS,49,2027-12-05,205.5,33.975,49.95,67,111,399,759.700000000001,1222.9499999999991,1819.0749999999996
MS,50,2027-12-12,218,38,50,67.9,120,436.25,843,1357.1499999999999,1810.0749999999996
MS,51,2027-12-19,244.5,39,54.95,75,131,480,946.2000000000003,1412.3999999999996,2275.0999999999995
MS,52,2027-12-26,277,48,61.95,87,151.75,531.5,1044.1000000000001,1543.05,2154.5999999999967
MT,1,2027-01-03,476,176,199,242,334,687,1001,1304.1999999999998,1758.4499999999975
MT,2,2027-01-10,543,204.95,227.95,286,380,793,1181.1000000000001,1578.1,1995.1249999999993
MT,3,2027-01-17,641,239.975,281.9,334,455,928.25,1395.1000000000001,1770.999999999999,2354.374999999998
MT,4,2027-01-24,721,270.97499999999997,316.95,372,500.5,1064,1537.3000000000004,2053.3999999999987,2706.0499999999997
MT,5,2027-01-31,777,285.975,334.95000000000005,400,561,1125.25,1652,2170,2728.4999999999973
MT,6,2027-02-07,830.5,299,366.95000000000005,438,592,1197,1745.2000000000003,2339.15,3118.0499999999997
MT,7,2027-02-14,844.5,324.975,371,444,603.75,1231,1850.6000000000022,2480.7999999999993,3242.149999999999
MT,8,2027-02-21,843.5,313.95,374.85,450,602,1249,1794.3000000000004,2341.699999999999,3113.075
MT,9,2027-02-28,835,310,367,437,596.75,1236,1781.800000000001,2379.25,3045.1749999999993
MT,10,2027-03-07,814.5,311.9,366,432.9,579.75,1202.25,1788,2316.2999999999997,2939.4999999999973
MT,11,2027-03-14,808.5,308.975,358.90000000000003,418,582.75,1161,1709.4000000000005,2241.0499999999993,2912.0499999999997
MT,12,2027-03-21,792,298,352.9,409,570,1166.5,1728.1000000000001,2232.2,2925.1249999999995
MT,13,2027-03-28,799,294.95,337.95,414,554.5,1152.5,1623,2208.1499999999996,2907.2749999999983
MT,14,2027-04-04,779.5,283.975,340.95,396,544,1117.5,1651.700000000001,2151.2999999999997,3013.224999999993
MT,15,2027-04-11,786,290,330.95000000000005,405,551.75,1129.25,1671.6000000000008,2164.3999999999987,2855.849999999995
MT,16,2027-04-18,782,274.975,320.9,386.90000000000003,550,1161.25,1709.4000000000005,2280.4999999999995,2868.8249999999953
MT,17,2027-04-25,768,280.975,331,394,548.75,1094.5,1665.4000000000005,2217.4499999999994,3141.0999999999995
MT,18,2027-05-02,735,257,315.95,377.9,513,1092.25,1637.1000000000001,2080.05,2790.2249999999985
MT,19,2027-05-09,704,250.925,301,363.9,491.75,1037.25,1523,2026.4999999999995,2613.224999999999
MT,20,2027-05-16,628.5,234.97500000000002,268,318,441.75,956.25,1414.9000000000012,1880.1,2623.499999999992
MT,21,2027-05-23,590,206.95000000000002,237,292.9,404.75,859.5,1317,1716.1,2254.399999999998
MT,22,2027-05-30,515.5,181.97500000000002,211.95,252,361,772,1162.2000000000003,1537,2025.274999999993
MT,23,2027-06-06,459.5,155.975,184,227,313,685.25,1058,1345.5999999999995,1747.1499999999992
MT,24,2027-06-13,386,136.975,162,195.9,269.75,588,900.1000000000001,1207.05,1546.0499999999997
MT,25,2027-06-20,331.5,116,138,169,232.75,489.5,724.700000000001,989.05,1243.924999999995
MT,26,2027-06-27,286.5,101.975,118.95,143,198,429.25,628.1000000000001,870.0999999999999,1181.2749999999985
MT,27,2027-07-04,241,87,103.95,123,170,361,546,756.4499999999996,977.1499999999992
MT,28,2027-07-11,201,72,85,103,140.75,299,462.2000000000003,603.05,792.0749999999996
MT,29,2027-07-18,177,62,73,89,123,265,404,536.1499999999999,655.0999999999995
MT,30,2027-07-25,155,54,64.95,78,109.75,233.25,352.10000000000014,446.04999999999995,575.724999999996
MT,31,2027-08-01,137,47.975,59,71,96,201,301.10000000000014,385.04999999999995,488.17499999999905
MT,32,2027-08-08,122,43,51,60.900000000000006,82.75,181,271.10000000000014,360.0999999999999,472.0499999999997
MT,33,2027-08-15,113,38,47,57,80,164,245,318,471.02499999999986
MT,34,2027-08-22,107,35.975,43,53,72,157,228,301,388
MT,35,2027-08-29,100,33,39,48,69,144,213.10000000000014,277.04999999999995,351.44999999999754
MT,36,2027-09-05,97,33,39.95,48.900000000000006,67,139,206,274.04999999999995,361.1249999999993
MT,37,2027-09-12,94,32,38,46.900000000000006,65.75,136,199,271.0999999999999,353.02499999999986
MT,38,2027-09-19,92,31,38,46,65,132,194,263.1999999999998,351.0499999999997
MT,39,2027-09-26,95,34,40,47,66,141,201.10000000000014,269,350.24999999999864
MT,40,2027-10-03,100,34,40,50,70,145,213.20000000000027,279.04999999999995,384
MT,41,2027-10-10,106,38,45,54.900000000000006,74,155.25,222.10000000000014,295.04999999999995,386.09999999999945
MT,42,2027-10-17,119,41,50.95,60,83,175,251,339.04999999999995,454.0749999999996
MT,43,2027-10-24,131,45,55,66,92,198,302,405,569.0749999999996
MT,44,2027-10-31,148.5,54.975,62,76,103,224,344.10000000000014,469.0999999999999,622.0999999999995
MT,45,2027-11-07,177,60.975,74,88,120,256,393.10000000000014,537.4499999999996,667.0499999999997
MT,46,2027-11-14,201,67,83,98,139,308,460,649,911.2499999999986
MT,47,2027-11-21,235,81,93,115,160,349,516.1000000000001,681.1499999999999,933.174999999999
MT,48,2027-11-28,264,89,105,132.9,183,392,634,862.7499999999993,1172.0999999999995
MT,49,2027-12-05,290,103,123,147,201,435.25,686,882,1212.0749999999996
MT,50,2027-12-12,323.5,115,134.95000000000002,165,223,477.25,709.1000000000001,957.3499999999997,1303.2749999999985
MT,51,2027-12-19,353.5,123.975,146.95000000000002,179.9,246,533.25,803.1000000000001,1049.1999999999998,1356.5749999999969
MT,52,2027-12-26,399,144,168,203,282.75,595.25,899.4000000000005,1196.2499999999998,1681.9499999999948
PA,1,2027-01-03,134,41,53,65.9,92,197,295,369,479.17499999999905
PA,2,2027-01-10,172,58,70,85,120,251,365.10000000000014,478.0999999999999,626.0999999999995
PA,3,2027-01-17,216,72,87,108,149,324,464.10000000000014,590.3999999999996,739.0749999999996
PA,4,2027-01-24,266.5,87,103,130.9,184.75,387,586,746,968.0249999999999
PA,5,2027-01-31,301.5,102,126.95,150,206,441.25,643,796.05,1016.0499999999997
PA,6,2027-02-07,321,113,133,159,224,472.25,696,887,1059.199999999999
PA,7,2027-02-14,338.5,111.975,136,169,237,483,725.2000000000003,931.3499999999997,1180.3999999999978
PA,8,2027-02-21,329,115,135.95,167,230.75,481.25,732,929,1142.0499999999997
PA,9,2027-02-28,331,119.975,140.95,171,233,484,708.1000000000001,923,1090.199999999999
PA,10,2027-03-07,327,109.975,130,163.9,228.75,473,716.4000000000005,917.1999999999998,1114
PA,11,2027-03-14,316,111.95,133,158.8,220.75,457,690.2000000000003,867.05,1084.1249999999993
PA,12,2027-03-21,300,104,122.95,150,207,435,643.3000000000004,804.6499999999994,1006.0749999999996
PA,13,2027-03-28,282,94,116,144,195,414,583,745,945.3249999999982
PA,14,2027-04-04,272,93,110.95,137,188,392,575.1000000000001,755.05,961.0749999999996
PA,15,2027-04-11,258,86,100,126,177,373,536,696.05,903.0749999999996
PA,16,2027-04-18,234,78.97500000000001,98.95,120.9,167,345,506.2000000000003,643,794.0499999999997
PA,17,2027-04-25,225,77.975,91.95,113.9,157,322,461,587,721.0249999999999
PA,18,2027-05-02,211,72,84,104,145,308,442,570.0999999999999,715.0499999999997
PA,19,2027-05-09,189.5,65,77,95,132,274.25,415.10000000000014,545.05,691.4499999999975
PA,20,2027-05-16,169.5,58,69,85,118,251.25,370,469.04999999999995,564.0999999999995
PA,21,2027-05-23,154,48,61,76,107,218,312.10000000000014,389,501.0499999999997
PA,22,2027-05-30,134,45.975,52.95,66.9,92,196,282.10000000000014,366.04999999999995,433.0749999999996
PA,23,2027-06-06,120,40.975,49,59,81,179,256.10000000000014,323,410.1249999999993
PA,24,2027-06-13,107,35,43,52,74,158,234,297.04999999999995,381.02499999999986
PA,25,2027-06-20,97,32,39,49,68,144,213.10000000000014,274.0999999999999,332.09999999999945
PA,26,2027-06-27,89,29.975,35,43,61,129,185.10000000000014,247.0999999999999,306.0749999999996
PA,27,2027-07-04,81,25.975,31,40,55,121,178.10000000000014,232,292.1499999999992
PA,28,2027-07-11,76.5,25.975,31,37,53,116,173,221.04999999999995,278.0499999999997
PA,29,2027-07-18,73,25,30,36,51,109,166,211.04999999999995,296.0499999999997
PA,30,2027-07-25,73,23,29,36,51,109,167,215,276.1499999999992
PA,31,2027-08-01,73,23,29,36,50,110.25,169,217.0999999999999,288.0499999999997
PA,32,2027-08-08,73,23,28,35,50,113.25,172.10000000000014,233,306.17499999999905
PA,33,2027-08-15,73,23,29,36,50,109,170.10000000000014,222,282.0499999999997
PA,34,2027-08-22,70,23,28,35,48,109,168.10000000000014,226,292
PA,35,2027-08-29,72,22,27,33,47,106,163.10000000000014,206.04999999999995,268.02499999999986
PA,36,2027-09-05,68,23,27,33.900000000000006,46,101,152,203.0999999999999,272.02499999999986
PA,37,2027-09-12,65,20,25,31,44,99,146,195,267
PA,38,2027-09-19,66,20,24,30,43.75,96,149.10000000000014,193.0999999999999,239
PA,39,2027-09-26,65,20,25,32,44,96,145,179,218
PA,40,2027-10-03,64,22,25,30.900000000000006,43,95,135.10000000000014,182,238.14999999999918
PA,41,2027-10-10,65,19,24,31,44,95,137,173,232.02499999999986
PA,42,2027-10-17,64,20.975,24,31,44,97,143.10000000000014,192,247.02499999999986
PA,43,2027-10-24,66,20.975,25.950000000000003,32,44,98,145,186.0999999999999,243
PA,44,2027-10-31,68,20,26.950000000000003,33,47,99,144,183,245
PA,45,2027-11-07,73,22,27,34,50,107,155,200.04999999999995,266.0749999999996
PA,46,2027-11-14,80,25,29,38,54,116,166,213,277.0499999999997
PA,47,2027-11-21,83.5,26.975,32,41,57,121,177,221.04999999999995,278.0499999999997
PA,48,2027-11-28,91,27,34,43,61,133,192,243.0999999999999,309.02499999999986
PA,49,2027-12-05,93,31,36,45,63,137,195.10000000000014,257,317
PA,50,2027-12-12,94,30,35,45,63,143,201,250,298.0499999999997
PA,51,2027-12-19,98,31,37,47,66,143.25,208,255,310.1249999999993
PA,52,2027-12-26,114,34.975,42,53,76,165,231.10000000000014,280,341.02499999999986
PB,1,2027-01-03,94,21,28,38,59,149,219,291,368.02499999999986
PB,2,2027-01-10,105,26,31,43,65,165,251.10000000000014,332.0999999999999,417.02499999999986
PB,3,2027-01-17,118,28.975,37,49,76,186,293,368,490
PB,4,2027-01-24,141.5,37,44,58.900000000000006,89.75,221.25,346,447.0999999999999,583.0499999999997
PB,5,2027-01-31,164,43.975,56,71,104,254,385,527.3499999999997,681.1999999999989
PB,6,2027-02-07,196,45,56.95,77,122,302.25,470,615.05,791.724999999996
PB,7,2027-02-14,225,56,69,91,144,349,538.1000000000001,695.0999999999999,870.2499999999986
PB,8,2027-02-21,259.5,65,83.95,106,162,410,616.1000000000001,797.1499999999999,1019.4249999999977
PB,9,2027-02-28,287.5,71,93,124,187,457,693.3000000000004,902.1999999999998,1174.0999999999995
PB,10,2027-03-07,324,86.97500000000001,105.95,134,205,506.25,744.1000000000001,960.05,1274.174999999999
PB,11,2027-03-14,342,82.97500000000001,108,146.9,217.75,540,828,1132.05,1399.1249999999993
PB,12,2027-03-21,363,94,120.95,155,233.75,567,836.3000000000004,1123.1999999999998,1548.0499999999997
PB,13,2027-03-28,393,102,127,164,246,599,941.700000000001,1227,1535.2249999999988
PB,14,2027-04-04,392,100.975,128.9,166,250,609,935.1000000000001,1255.1999999999998,1675.0249999999999
PB,15,2027-04-11,409,98,126,170,259,654,1004.1000000000001,1336.1999999999998,1738.1249999999993
PB,16,2027-04-18,428,108,137,176.9,271,676,1048.5000000000007,1437.05,1838.0249999999999
PB,17,2027-04-25,436,114.97500000000001,143,186.9,281,692.25,1041.1000000000001,1419.1499999999999,1824.0749999999996
PB,18,2027-05-02,434,119,146.95000000000002,190,284,697.75,1082.1000000000001,1454,1855.5249999999971
PB,19,2027-05-09,433,111.975,143,187,287,687.25,1077,1419,1935.549999999997
PB,20,2027-05-16,424,117.975,143.95,188,273,675.25,1051,1435.05,1710.374999999987
PB,21,2027-05-23,422,105,141.95,180,281,652.25,975.4000000000005,1262.1999999999998,1778.1249999999993
PB,22,2027-05-30,407.5,114,143.95,184,266.75,617,962.1000000000001,1284.1,1785.174999999999
PB,23,2027-06-06,395,107,134,169,254.75,606,938.4000000000005,1182.1,1493.174999999999
PB,24,2027-06-13,378,96,118.95,158,239,589,891.1000000000001,1167.999999999999,1576.2999999999984
PB,25,2027-06-20,351,91.95,120.95,156,228,549,818.1000000000001,1051.05,1399.2999999999984
PB,26,2027-06-27,323,80.975,103.95,134,213.75,519,776,1087.1499999999999,1408.0749999999996
PB,27,2027-07-04,305,86.97500000000001,106,142,200,496,772.2000000000003,1029.2499999999998,1305.0249999999999
PB,28,2027-07-11,306,76.975,99,127.9,187,469,724.6000000000008,952.1499999999999,1226.174999999999
PB,29,2027-07-18,287,65.975,85,115,181.75,444.25,697.4000000000005,926.2999999999997,1183.0499999999997
PB,30,2027-07-25,263,63.975,86,110,167,418,637.1000000000001,873.0999999999999,1076.199999999999
PB,31,2027-08-01,256,64.975,80,106,164,397,596.1000000000001,805.05,1077.1249999999993
PB,32,2027-08-08,232,59.975,78.95,99.9,150.75,358.25,550,754.0999999999999,927
PB,33,2027-08-15,221,52,67.95,90.9,137,355,544.3000000000004,696.0999999999999,943.0499999999997
PB,34,2027-08-22,206,55,68,85,131,327.25,493.2000000000003,637.0999999999999,819.0999999999995
PB,35,2027-08-29,186,44.975,56,72.9,117,296,460.10000000000014,602.0999999999999,796.0499999999997
PB,36,2027-09-05,178,42,53,71,109.75,276,425.10000000000014,564.05,736
PB,37,2027-09-12,162,38,49,66,102,252,386.2000000000003,500.04999999999995,665.0249999999999
PB,38,2027-09-19,150,35,44.95,60,92,241.25,358.10000000000014,470,574.0999999999995
PB,39,2027-09-26,141,32.975,42.95,55,87,228,340,448.04999999999995,587.0249999999999
PB,40,2027-10-03,127,31,41,54,82,202,312,410.04999999999995,525
PB,41,2027-10-10,121,28,36,49,75,189,295,387.0999999999999,474.0499999999997
PB,42,2027-10-17,109,23.975,32.95,44,68,182,283,376.14999999999986,488.1249999999993
PB,43,2027-10-24,104,25,31,41,64,168,252,334,446.02499999999986
PB,44,2027-10-31,99,23.975,30,39.900000000000006,61,155,240.20000000000027,321.04999999999995,412.2249999999988
PB,45,2027-11-07,95,21,26.950000000000003,36,60,147,228,296.04999999999995,378.0749999999996
PB,46,2027-11-14,88,21,27.950000000000003,35,55,141,219,300,384.0749999999996
PB,47,2027-11-21,88,21,25.950000000000003,35,55,142,212,274,335.0499999999997
PB,48,2027-11-28,84,18,23,33,52,137,214,269,362.09999999999945
PB,49,2027-12-05,83,20,26,34,52,133,203.10000000000014,267,342.0749999999996
PB,50,2027-12-12,83.5,19,25,33,52,133,209,270,344.0749999999996
PB,51,2027-12-19,84,20,25,34,53,132,206,265.04999999999995,350.1249999999993
PB,52,2027-12-26,87.5,20,26,36,56,138,210,275.04999999999995,348.09999999999945
PE,1,2027-01-03,230.5,42,59.95,78.9,132,407.25,716,957.2499999999998,1399.199999999999
PE,2,2027-01-10,238,50,62.95,84.9,138,419,671.1000000000001,959.2499999999998,1345.0499999999997
PE,3,2027-01-17,251,54,70.95,95,151,449,765.2000000000003,1114,1481.2249999999988
PE,4,2027-01-24,275.5,55,74,101,166.75,479,797.2000000000003,1107,1479.0499999999997
PE,5,2027-01-31,320,67.975,84.95,113.9,189,555,910.1000000000001,1185.05,1633.3999999999978
PE,6,2027-02-07,347,73.975,100,130,205,594.25,993.3000000000004,1480,1931.0749999999996
PE,7,2027-02-14,390,80,104.95,140.8,228,667,1183,1644.1,2260.774999999996
PE,8,2027-02-21,436,96,121,164.9,263,737,1315.2000000000003,1815.1499999999999,2304.6749999999965
PE,9,2027-02-28,492,104.975,132,180,280,813.5,1351.5000000000007,1905.6999999999994,2598.075
PE,10,2027-03-07,524,107.975,142,191,315,887,1475.800000000001,2037.999999999999,2861.124999999988
PE,11,2027-03-14,553.5,128.975,166.90000000000003,214,334.75,991.25,1664.700000000001,2196.8499999999995,3013.025
PE,12,2027-03-21,606,123,166,222,354.75,1029.25,1726.2000000000016,2456.7499999999986,3208.3249999999925
PE,13,2027-03-28,649,143.975,188.95,249.9,390,1147.25,1857.3000000000004,2494.3999999999987,3372.2499999999986
PE,14,2027-04-04,683,145,184,247,398,1172.25,1934.3000000000004,2671.299999999999,3423.649999999996
PE,15,2027-04-11,697.5,159.925,202.95000000000002,259.9,412,1220.25,1991.0000000000014,2794.3999999999987,3895.5499999999965
PE,16,2027-04-18,725.5,163.95,199,269,438.75,1263.25,2106.1000000000004,2930.0999999999985,4290.474999999975
PE,17,2027-04-25,730,181,217,284.9,438.75,1271,2092.2000000000003,2902.7999999999993,3889.6249999999854
PE,18,2027-05-02,767.5,180.975,230.95000000000002,299.8,461.75,1303,2286.4000000000005,3154.1,4387.0999999999995
PE,19,2027-05-09,757,178.97500000000002,217,284.9,464,1259,2101.9000000000024,2996.249999999999,4135.124999999999
PE,20,2027-05-16,752,173.97500000000002,216,288,465,1255.25,2145,2876.5499999999993,3847.624999999991
PE,21,2027-05-23,761.5,170,213,279,455.75,1250.25,2052.500000000001,2807.1000000000004,3763.524999999997
PE,22,2027-05-30,691.5,152.925,198.90000000000003,261,423,1233,2102.1000000000004,2898.849999999998,3660.899999999984
PE,23,2027-06-06,673.5,150.97500000000002,184.95,250.9,395.75,1175.25,2005.2000000000003,2833.2,3818.049999999983
PE,24,2027-06-13,624,145.975,183.95,242,379.75,1082,1872.1000000000001,2599.7999999999975,3889.025
PE,25,2027-06-20,605.5,130,163,213,356,1025.5,1802.5000000000007,2526.3999999999996,3567.249999999998
PE,26,2027-06-27,569,125.875,158.90000000000003,214,336,964.5,1774.2000000000003,2474.5499999999993,3222.149999999999
PE,27,2027-07-04,557,109.95,137.95,192.8,313.75,945.5,1587.5000000000007,2236.3499999999995,3069.075
PE,28,2027-07-11,500,105.975,139.85000000000002,188,298,881.25,1523.2000000000003,2199.199999999999,2913.1749999999993
PE,29,2027-07-18,496.5,105.975,127.95,173.9,285,850.25,1512.500000000002,2143.3999999999996,3067.324999999998
PE,30,2027-07-25,470.5,96,129,167,266.75,847.25,1431.2000000000003,1925.5999999999995,2742.349999999998
PE,31,2027-08-01,441,84.975,116.95,154,256.5,790.25,1306.6000000000008,1895.3499999999997,2770.2499999999986
PE,32,2027-08-08,409,84.925,110.95,152,245.75,705.25,1199.6000000000008,1800.1,2364.749999999996
PE,33,2027-08-15,389.5,76.975,101.95,133,223,706.75,1266.1000000000015,1764.9499999999991,2419.0749999999994
PE,34,2027-08-22,392,79,103.95,138,226.75,700,1233.1000000000001,1763.2499999999998,2263.199999999999
PE,35,2027-08-29,361,75,99.95,131.9,210,627,1126.2000000000003,1616.3999999999996,2345.8249999999957
PE,36,2027-09-05,351,62,87,122,201,632.25,1068.4000000000005,1543.5499999999995,2137.7749999999905
PE,37,2027-09-12,336.5,67,89.95,118,191.75,610.75,1034.700000000001,1482.4499999999996,1973
PE,38,2027-09-19,311,64,81.95,113,181.75,562.25,982.1000000000001,1444.8999999999992,1890.4499999999975
PE,39,2027-09-26,308,63,83.95,111,176,568,1037.1000000000001,1606.1999999999998,2213
PE,40,2027-10-03,302,57.975,78,104.9,170,527.5,935.2000000000003,1310.7499999999993,1807.3249999999982
PE,41,2027-10-10,289,56,74.95,99.9,168,525.25,955.2000000000003,1395.3999999999996,2069.4749999999867
PE,42,2027-10-17,285,61,77,104,165,521,923.1000000000001,1422.05,1977.1249999999993
PE,43,2027-10-24,275,56,74,98.9,155,487,850.1000000000001,1286.4499999999996,1675.4499999999975
PE,44,2027-10-31,260,55.975,71,96,149.75,461,821.3000000000004,1136.3499999999997,1632.0249999999999
PE,45,2027-11-07,261,50,66,89.9,150.75,460,775,1107.4999999999995,1643.0999999999995
PE,46,2027-11-14,245,48.975,65.95,90,146,450,803.4000000000005,1113.3499999999997,1670.724999999996
PE,47,2027-11-21,244,46.975,64,86.9,142,426,750.1000000000001,1064.1999999999998,1459.4249999999977
PE,48,2027-11-28,235,49,61,81.9,135,396,697.1000000000001,1021.4999999999995,1509.2749999999985
PE,49,2027-12-05,225,46,59,79.9,133,387.25,670.1000000000001,1023.0999999999999,1565
PE,50,2027-12-12,218,47.975,60,82,135,381,683,1021,1451.1249999999993
PE,51,2027-12-19,209,42.975,55,74,125,375.5,649.4000000000005,931.0999999999999,1210.0499999999997
PE,52,2027-12-26,220,40.975,54,81,131,377,684.2000000000003,1006.2999999999997,1361.3249999999982
PI,1,2027-01-03,40,9,12,15,24,67,106,143,201.04999999999973
PI,2,2027-01-10,50,12,15,20,31,80.25,127,169.04999999999995,238.0749999999996
PI,3,2027-01-17,64.5,16,20,26,40,101,160,225.14999999999986,325
PI,4,2027-01-24,78,19,24,32.900000000000006,49,127,201.10000000000014,271.04999999999995,379.02499999999986
PI,5,2027-01-31,96,26,31,40.900000000000006,61,153,237,310.04999999999995,414.0499999999997
PI,6,2027-02-07,111.5,29,38,48,74,186,288,387.04999999999995,491.0499999999997
PI,7,2027-02-14,136,35,45,59.900000000000006,86,215,329,452.04999999999995,642.174999999999
PI,8,2027-02-21,158,44,53,68,100,245,377.10000000000014,491.3499999999997,686.0499999999997
PI,9,2027-02-28,178,48.975,59,77,116,283,432,601,815.0249999999999
PI,10,2027-03-07,201.5,57.975,70,90,128,322,500.5000000000007,687.4999999999995,939.2499999999986
PI,11,2027-03-14,237.5,74,89,108,158,369,552.2000000000003,778.3499999999997,1021.174999999999
PI,12,2027-03-21,271,74,90.95,115,172,431,671.2000000000003,899.0999999999999,1292.0999999999995
PI,13,2027-03-28,297,85,103,132,195,467.5,716,948.7499999999993,1298.4249999999977
PI,14,2027-04-04,326,97.975,118.95,143,216,520.25,795.3000000000004,1113.1,1413.2499999999986
PI,15,2027-04-11,350,107,122,154,224,542,855.1000000000001,1134.05,1480.0749999999996
PI,16,2027-04-18,366,100.975,128.9,166,236,567,873.1000000000001,1156.05,1562.1499999999992
PI,17,2027-04-25,373.5,112,132.95,163,240,585,898.2000000000003,1215.05,1477.4999999999973
PI,18,2027-05-02,379.5,115,142.95000000000002,178,251,574,920.3000000000004,1189.3999999999996,1554.349999999998
PI,19,2027-05-09,373.5,112,138,171.9,244.75,567,849.2000000000003,1076.05,1416.0749999999996
PI,20,2027-05-16,350,108.975,128,161.9,235,538.5,813.1000000000001,1139.8499999999992,1586.724999999996
PI,21,2027-05-23,327,94.97500000000001,117,146,210,507,767.1000000000001,1043.1499999999999,1451.2749999999985
PI,22,2027-05-30,297,90.97500000000001,110,135,195,457,705.2000000000003,959.1999999999998,1176.0249999999999
PI,23,2027-06-06,262,76.975,99,119,176,412,640,851.1999999999998,1172.199999999999
PI,24,2027-06-13,239.5,71,83.95,106,153,367.25,574,770.05,985.2749999999985
PI,25,2027-06-20,207,59.975,75,94,136,329,506.10000000000014,684.05,861.2749999999985
PI,26,2027-06-27,182,51,64,82,123,285.25,435,580.05,741.5249999999971
PI,27,2027-07-04,162,43.975,54,68,102,259,386.10000000000014,490,656.0999999999995
PI,28,2027-07-11,141,41,49,63,88,217,345,460,610.0249999999999
PI,29,2027-07-18,123,36.975,45,57,80,193,302,397.0999999999999,520.1499999999992
PI,30,2027-07-25,111.5,30,38,48,72,177,278,364.04999999999995,495.1249999999993
PI,31,2027-08-01,99.5,27,33,42,64,157.25,249,326.0999999999999,426
PI,32,2027-08-08,89,25,29,38,55,143,223.10000000000014,307,423.0499999999997
PI,33,2027-08-15,74,20,25,32,48,122,197.20000000000027,282,390.02499999999986
PI,34,2027-08-22,66,17,21.950000000000003,27,42,107,174.10000000000014,222,297.0499999999997
PI,35,2027-08-29,56,14,18,23,36,91,146,201.19999999999982,277.1999999999989
PI,36,2027-09-05,47,12,15,19,30,75,123,166.0999999999999,226.02499999999986
PI,37,2027-09-12,39,10,12,16,25,66,104.10000000000014,147.04999999999995,186
PI,38,2027-09-19,35,8,10,13,21,56.25,91.10000000000014,124.04999999999995,154.0749999999996
PI,39,2027-09-26,30,7,9,11,19,49,82.10000000000014,112.04999999999995,153.04999999999973
PI,40,2027-10-03,26,5,7,9,15,44,70,104.04999999999995,135
PI,41,2027-10-10,24,4,6,9,14,39,63.100000000000136,85,121
PI,42,2027-10-17,22,3,5,7,12,36,59,80,105
PI,43,2027-10-24,21,3.9750000000000014,5,7,12,35,57,77.04999999999995,106.02499999999986
PI,44,2027-10-31,21,3,5,7,12,36,59.100000000000136,81,100.04999999999973
PI,45,2027-11-07,21,4,5,7,12,34,55,73.04999999999995,96
PI,46,2027-11-14,21,4,5,7,12,35,55,76.04999999999995,103
PI,47,2027-11-21,22,3.9750000000000014,5,7,13,37,60,85,107.02499999999986
PI,48,2027-11-28,22,4,5,7,13,38,60,80,112
PI,49,2027-12-05,23,4,6,8,14,40,63,81,99.02499999999986
PI,50,2027-12-12,25,5,6,9,14,42,69,91,117
PI,51,2027-12-19,28,5,7,10,17,47,73,96.04999999999995,125.02499999999986
PI,52,2027-12-26,33,6,8,11,19,54,84,114,153.02499999999986
PR,1,2027-01-03,878.5,109.975,155,231.9,421,1841.25,3993.6000000000004,7120.199999999999,12204.574999999986
PR,2,2027-01-10,1010.5,133.90000000000003,185,284.79999999999995,520,2207,4775.4000000000005,8023.7,13520.224999999922
PR,3,2027-01-17,1202.5,170.97500000000002,244.95,351,607.75,2701.25,6333.000000000007,10668.050000000001,17650.374999999964
PR,4,2027-01-24,1509.5,203,291.95,410,746.75,3192.25,6624.800000000001,11496.849999999995,21542.52499999999
PR,5,2027-01-31,1840.5,241,328.9,488,885.75,3837,8470.100000000002,14539.999999999996,26937.72499999977
PR,6,2027-02-07,2252.5,315.95000000000005,413.85,628.9,1138.75,4599.25,9529.400000000018,16123.2,29305.324999999953
PR,7,2027-02-14,2695,373.95000000000005,493,709.8000000000001,1289.75,5707,12161.20000000001,21362.949999999993,32342.1749999999
PR,8,2027-02-21,3092.5,416.82500000000005,600.9000000000001,821,1529.5,6438,14348.300000000003,25194.69999999999,40518.1
PR,9,2027-02-28,3588,484.975,655.95,954.3000000000001,1789.5,7643.5,16797.40000000001,28072.14999999999,46866.42499999988
PR,10,2027-03-07,4118,510.97499999999997,767.8,1127.7,2019,8820.5,19039.300000000007,31054.1,47600.94999999996
PR,11,2027-03-14,4503,565.9250000000001,762,1173,2297.75,9613.25,21944.700000000008,33693.899999999994,61566.27499999998
PR,12,2027-03-21,5003,637.725,912.6500000000001,1312.7,2406,10416.25,21414.300000000007,37556.799999999996,70701.22499999989
PR,13,2027-03-28,5307,712.925,979.9,1479.9,2608,11538.75,24191.000000000022,44467.749999999985,74972.22499999973
PR,14,2027-04-04,5560,750.325,1057.9,1506.6000000000001,2824.25,11514.75,25833.4,43111.09999999997,62123.599999999984
PR,15,2027-04-11,5472.5,732,1018.5500000000001,1516,2824.25,11862,25415.400000000023,46586.99999999997,75621.29999999974
PR,16,2027-04-18,5314.5,713.875,982.8499999999999,1559.9,2741,11106.5,23388.30000000001,42999.299999999996,70076.99999999983
PR,17,2027-04-25,5091.5,673.875,919.9,1280.5,2513.5,10896.5,24021.00000000001,40122.149999999994,71817.6749999999
PR,18,2027-05-02,4467.5,603.95,814.8499999999999,1197.8000000000002,2228.5,9814.25,20841.000000000007,34909.700000000004,69065.54999999993
PR,19,2027-05-09,3820,491.90000000000003,690.6500000000001,1018,1919,8306,17893.200000000008,29877,47274.49999999989
PR,20,2027-05-16,3024,421,557.9000000000001,819.8,1547.25,6529.5,13543.000000000004,22538.99999999998,36686.74999999991
PR,21,2027-05-23,2377,312.975,450.85,632.9,1215.75,5213.75,10786.200000000012,18800.09999999999,32634.92499999977
PR,22,2027-05-30,1822.5,257.9,352.9,495.30000000000007,860.75,3923.75,8257.3,14691.099999999995,22059.35
PR,23,2027-06-06,1424,182.97500000000002,257.95,377,715.75,3078.25,6494.600000000001,10740.149999999996,18554.824999999993
PR,24,2027-06-13,990.5,134.97500000000002,191.95,291,515,2153.25,4760.700000000001,8012.1,13694.54999999997
PR,25,2027-06-20,793.5,104.975,145,215,389,1702.25,3708.600000000005,6346.699999999999,10792.224999999966
PR,26,2027-06-27,635,82.97500000000001,114.95,165.9,322.75,1259.75,2754.6000000000035,4332.399999999999,7754.274999999988
PR,27,2027-07-04,481,68,91.95,131,237.75,993.25,2138.500000000001,3511.7499999999995,6337.374999999949
PR,28,2027-07-11,382,48,66.95,102,184.75,796.75,1751.0000000000014,2841.199999999998,4802.399999999981
PR,29,2027-07-18,304,37,52.95,79.9,147,665.5,1357.800000000001,1982.3999999999996,3199.3249999999875
PR,30,2027-07-25,254.5,32,45.95,66,129,533.25,1151.5000000000007,1939.4499999999978,3034.0249999999887
PR,31,2027-08-01,222,29,41,58.900000000000006,109,464.75,1025,1841.2499999999989,2955.024999999989
PR,32,2027-08-08,194,24,33.95,52,97,430.25,852.6000000000008,1441.9499999999991,2352.6749999999965
PR,33,2027-08-15,186.5,24,31,47,89,382,828.2000000000003,1450.1,2405.3499999999867
PR,34,2027-08-22,177,23,32,46,90,363,808.1000000000001,1443.1,2449.025
PR,35,2027-08-29,177,20,28,46,88,376.25,800.1000000000001,1185.2499999999998,2064.075
PR,36,2027-09-05,173,22,32,48,88,364,797.3000000000004,1375.2499999999998,2427.424999999992
PR,37,2027-09-12,184,23,34,49,89,398,854.3000000000004,1572.6999999999994,3091.5999999999913
PR,38,2027-09-19,203,24,35,52.900000000000006,100,426.5,981.500000000002,1728.4499999999996,2679.2749999999933
PR,39,2027-09-26,215,28.975,39,57,108,480,1033.1000000000001,1676.4499999999987,3123.1499999999987
PR,40,2027-10-03,245,30,40,64,120.75,510,1065.0000000000014,1729.4999999999995,2756.1999999999935
PR,41,2027-10-10,271,33,49,69,135,583.25,1200.3000000000004,1950.5999999999995,3357.4999999999973
PR,42,2027-10-17,313.5,40,63,88,156,637.5,1329.1000000000001,2112.1,3096.0999999999995
PR,43,2027-10-24,331.5,44.975,60,90,167,701.25,1426.1000000000001,2453.1499999999996,3899.5499999999965
PR,44,2027-10-31,371.5,50,68.95,99.9,179,791.75,1650.3000000000004,2649.099999999999,4866.724999999985
PR,45,2027-11-07,421,55,75,108.9,207.75,875.5,1860.0000000000014,3216,4544.174999999999
PR,46,2027-11-14,452,61,85,125.9,233,959,2101.1000000000004,3399.0499999999993,5656.924999999995
PR,47,2027-11-21,519,64,100,133,255,1053.5,2290.500000000002,3880.149999999999,5976.124999999999
PR,48,2027-11-28,544,69.975,98,147.9,273.75,1164,2509.2,3980.8999999999974,6431.174999999988
PR,49,2027-12-05,619.5,80,111,164.9,301.75,1291,2770.9000000000015,4475.199999999998,6409.099999999994
PR,50,2027-12-12,639,93.95,135,176.9,326,1259.25,2805,5142.649999999998,7583.724999999996
PR,51,2027-12-19,695.5,95,135.95,188.9,344.5,1480.5,2998.7000000000053,4768.5999999999995,7938.024999999983
PR,52,2027-12-26,741.5,112,150,212,366,1575.75,3486.900000000004,5818.8499999999985,9799.124999999962
RJ,1,2027-01-03,286,17,29,49.900000000000006,112,729,1656.4000000000005,2492.649999999998,3925.174999999994
RJ,2,2027-01-10,336.5,15,26.950000000000003,53,125,809.25,1977.4000000000005,3588.2999999999993,5061.249999999993
RJ,3,2027-01-17,386,20,36.95,65,151,1005.25,2394.1000000000004,4148.9,6258.5499999999975
RJ,4,2027-01-24,461,22.975,37,69,178,1122,2553.2,4171.45,6223.69999999999
RJ,5,2027-01-31,495.5,30,49,79.9,186.75,1261.5,3011.4000000000033,5109.4,6770.024999999994
RJ,6,2027-02-07,548,31,54,87,215,1352.25,3338.800000000004,5651.199999999997,9359.54999999997
RJ,7,2027-02-14,613,29,49.95,97,248.5,1593.5,3433.1000000000013,5699.699999999991,10168.424999999992
RJ,8,2027-02-21,648,40.975,67.95,109,256,1643,3609,6156.2999999999975,9598.624999999996
RJ,9,2027-02-28,718,41,68,113.9,289,1816.75,4393.4000000000005,7852.099999999998,11235.599999999975
RJ,10,2027-03-07,742,41.95,69.95,126,301.75,1877.25,4254.6,7303.25,11345.099999999977
RJ,11,2027-03-14,793.5,41.975,66.95,118.9,300.5,1940.5,4520.4000000000005,7611.149999999999,11179.874999999978
RJ,12,2027-03-21,808,34.975,76.95,130.9,316.75,2141.25,4662.700000000002,7327.3,11059.549999999963
RJ,13,2027-03-28,800.5,45.975,72.9,130.9,327,1934.25,4538.4000000000015,7783.749999999999,11340.299999999994
RJ,14,2027-04-04,836,42.975,72,124.9,318.5,1943.25,4509.800000000012,7728.249999999996,11879.549999999985
RJ,15,2027-04-11,802.5,53,75.9,131.9,322,2068.25,4861.800000000001,7805.499999999996,13802.374999999938
RJ,16,2027-04-18,761,41.975,71,125,320,2063.25,4575.700000000001,7582.899999999998,11966.874999999967
RJ,17,2027-04-25,751,43,71.9,124,293,1943,4446.200000000001,7190.149999999995,12321.224999999999
RJ,18,2027-05-02,684,35.975,64,110,288,1758,4330.900000000002,6939.549999999994,11329.075
RJ,19,2027-05-09,679,35.975,58,106,262,1669.5,3889.300000000002,6836.949999999996,10560.899999999994
RJ,20,2027-05-16,595,28,50.95,98.9,237,1551.25,3612.600000000001,5499.3499999999985,8807.199999999988
RJ,21,2027-05-23,544,24,50,83,208,1352.5,3251.700000000001,5103.599999999998,7774.074999999994
RJ,22,2027-05-30,482.5,26,42,80,192.75,1212.25,2898.2000000000003,4663.399999999997,6876.749999999996
RJ,23,2027-06-06,428.5,20,36,66.9,166,1028.25,2251.500000000002,3880.45,5994.174999999994
RJ,24,2027-06-13,357,17.975,31,55.900000000000006,133,938.5,1992.200000000003,3524.45,5970.549999999992
RJ,25,2027-06-20,286,13,25.950000000000003,47,120,714,1782.6000000000008,2881.2499999999995,4706.199999999999
RJ,26,2027-06-27,264,15.975000000000001,28.950000000000003,46,105,684.25,1487.4000000000005,2487.25,4113.3249999999925
RJ,27,2027-07-04,229,12,19.950000000000003,39,92,569.25,1411.2000000000016,2249.4499999999994,3589.249999999993
RJ,28,2027-07-11,196,10.975000000000001,18,31,73.75,481,1158.5000000000007,1917.1,2832.699999999996
RJ,29,2027-07-18,175,9,15.950000000000003,29,66.75,454.25,1027.4000000000005,1701.3499999999997,2722.099999999994
RJ,30,2027-07-25,155,7,14,25.900000000000006,59,388.5,887.1000000000001,1547.2999999999997,2446.6499999999915
RJ,31,2027-08-01,141,6,12,22,52,345,860.2000000000003,1442.4499999999996,2095.4499999999975
RJ,32,2027-08-08,121,6,10,18.900000000000006,49,311.25,696.2000000000003,1127.05,2023.549999999997
RJ,33,2027-08-15,113,5,9.950000000000003,18.900000000000006,46,282.25,641,1050.05,1612.174999999999
RJ,34,2027-08-22,105,5,9,16,40,264,616.1000000000001,1080.4999999999995,1581.5999999999967
RJ,35,2027-08-29,100,5,9,16,39,251,559.3000000000004,956.4499999999996,1444.4249999999922
RJ,36,2027-09-05,94.5,5,8,15,36,236.25,522.4000000000005,890.05,1313.349999999998
RJ,37,2027-09-12,88,5,9,15,35,233.25,508,855.05,1309.9749999999947
RJ,38,2027-09-19,98,4,8,14,37,240.75,516.1000000000001,871.1499999999999,1356.9499999999948
RJ,39,2027-09-26,100,4,7,14,35,242,569.1000000000001,961.8999999999992,1467.174999999999
RJ,40,2027-10-03,97,5,9,15,38,254,580.1000000000001,946.6499999999994,1426.1249999999993
RJ,41,2027-10-10,111,4,8,15,40,261,601.2000000000003,1096.1499999999999,1854.1499999999937
RJ,42,2027-10-17,114,5,8,15,42,289,647.3000000000004,1067,1654.82499999999
RJ,43,2027-10-24,117,6,9,17,45,309,692.2000000000003,1196.299999999998,1910.0249999999999
RJ,44,2027-10-31,126,5,10,18,47.75,328.25,749.2000000000003,1342.1499999999999,2297.025
RJ,45,2027-11-07,132,5,10,19,47,335,789.4000000000005,1374.7999999999993,2255.1499999999987
RJ,46,2027-11-14,144.5,6,11,21,53,363,848.4000000000005,1467.6999999999994,2220.6249999999964
RJ,47,2027-11-21,154,7,13,22,59,378,913.6000000000008,1644.9499999999991,2401.449999999998
RJ,48,2027-11-28,169,8,14,24,62.75,437,982.2000000000003,1764.7499999999993,2751.2749999999983
RJ,49,2027-12-05,181,8,15.950000000000003,28,67,446.5,1111.800000000001,1830.9499999999982,3089.2749999999987
RJ,50,2027-12-12,203.5,9,16,29,75,500,1261.3000000000004,2117.4999999999995,3175.3749999999927
RJ,51,2027-12-19,222.5,9,17,32,83,541,1336.4000000000005,2325.1499999999996,3269.87499999999
RJ,52,2027-12-26,239,11,20,35,89.75,608.25,1410.1000000000001,2525.5499999999993,3818.7999999999956
RN,1,2027-01-03,101,13,19,29,52.75,189,330.10000000000014,457.0999999999999,631.2749999999985
RN,2,2027-01-10,109,16,22,33.900000000000006,60,209.25,393,594.05,838.1999999999989
RN,3,2027-01-17,127,20,27,39.900000000000006,71,255,447,616.2999999999997,890.2999999999984
RN,4,2027-01-24,151.5,21,29,44,80,288.25,533.3000000000004,756.1999999999998,1017.3499999999981
RN,5,2027-01-31,177,26,34,50,93,346,615.1000000000001,902.099999999999,1301.0249999999999
RN,6,2027-02-07,213.5,33,47.95,67.9,119,402,720.1000000000001,1051.1,1393.6499999999965
RN,7,2027-02-14,256.5,36.975,56,80,135,478,816.1000000000001,1149.6999999999994,1685.1499999999992
RN,8,2027-02-21,294.5,40,63,92,163,539,966,1375.1499999999999,1852.2499999999986
RN,9,2027-02-28,332,53,72.95,99,175,622.25,1074.1000000000001,1611.1499999999999,2270.8499999999954
RN,10,2027-03-07,360.5,61.975,84,113,197,651.25,1140.6000000000008,1699.1999999999998,2552.774999999996
RN,11,2027-03-14,396,59.975,83.95,119,217,724.25,1258.4000000000005,1749.2999999999997,2609.224999999999
RN,12,2027-03-21,410.5,69,95,130,228,776.25,1341.4000000000005,1899.05,2917.8749999999955
RN,13,2027-03-28,426,63,82.95,127.9,227,793,1371.1000000000001,2005.1,2741.399999999998
RN,14,2027-04-04,435,67,96.95,133,236,819.25,1385.5000000000007,1930.5499999999995,2760
RN,15,2027-04-11,469.5,77.975,96.95,139.9,255.75,822,1523.1000000000001,2149.199999999999,2902.574999999997
RN,16,2027-04-18,460,80,103,148,251,872,1568.1000000000001,2302.3999999999996,3179.7749999999955
RN,17,2027-04-25,476.5,75,105,137,256.75,879.25,1573.1000000000015,2337.2999999999993,3246.075
RN,18,2027-05-02,473.5,74,99.95,151,251,879.25,1566,2202.199999999999,3255.674999999996
RN,19,2027-05-09,445.5,79,106.95,145,255,874,1555.4000000000005,2244.1,3095.6999999999907
RN,20,2027-05-16,455,67.975,93,132.9,249.5,843.5,1491.5000000000007,2110.6999999999994,2794.324999999998
RN,21,2027-05-23,432,66.97500000000001,97,131,242,822.25,1436,2111.4999999999995,2699.024999999994
RN,22,2027-05-30,422.5,68,98,131.9,227,802.25,1418,2001.1499999999999,2722.8749999999955
RN,23,2027-06-06,407,71,96,131.9,226,741,1221.2000000000003,1835.5499999999995,2684.549999999997
RN,24,2027-06-13,398,63,87,124,208,714,1216.2000000000003,1763.6499999999994,2305.075
RN,25,2027-06-20,356.5,50.975,73,106,193,678,1258.2000000000003,1748.2999999999997,2425.025
RN,26,2027-06-27,338,56.975,74.95,105.9,185.75,646.25,1113.1000000000015,1605.05,2162.8749999999955
RN,27,2027-07-04,344.5,53,72,107,186,622.25,1083.4000000000005,1555.1,2182.199999999999
RN,28,2027-07-11,318,43,63,88,162,580.25,1051.2000000000003,1397.2499999999998,1859.3249999999982
RN,29,2027-07-18,307.5,50,69.95,93,163,561.5,1023.1000000000001,1419.1499999999999,1885.8749999999952
RN,30,2027-07-25,282,46,64,92,156.75,492,902.1000000000001,1268.05,1804.374999999998
RN,31,2027-08-01,274,44,56.95,81,145,482.75,845.2000000000003,1149.2499999999998,1653.1499999999992
RN,32,2027-08-08,247,43,58,81,140,462,792.2000000000003,1115.2499999999998,1516.2749999999985
RN,33,2027-08-15,231.5,36,52,75,123,413.25,713.3000000000004,1099.1,1566.574999999986
RN,34,2027-08-22,210,35,47.95,66,117,391,695,979.1499999999999,1371.2749999999985
RN,35,2027-08-29,195,31.950000000000003,40.95,58.900000000000006,104,350.25,635.1000000000001,914.2999999999997,1237.2249999999988
RN,36,2027-09-05,177.5,26.975,37.95,54,96,323.25,569.1000000000001,787.4499999999996,1156
RN,37,2027-09-12,164,24.975,33.95,49,89,301.25,531.3000000000004,736.3999999999996,944
RN,38,2027-09-19,147,24,32,46,79,279,473.10000000000014,686.1999999999998,940.6499999999965
RN,39,2027-09-26,138,21,31,43,75,251,444,655.05,868.2999999999984
RN,40,2027-10-03,126,21,29,41,68,233,412,599.05,877
RN,41,2027-10-10,118,18,25,34.900000000000006,62,215.25,374,528.0999999999999,773.0499999999997
RN,42,2027-10-17,108,18,24,34,59,207,374.2000000000003,558.05,784.374999999998
RN,43,2027-10-24,105,17,22,31,57,190,355,521.2999999999997,698.0749999999996
RN,44,2027-10-31,95,12.975000000000001,19.950000000000003,28,51,176,327,472.04999999999995,707.5749999999969
RN,45,2027-11-07,92,13,19,27,49.75,168,313.10000000000014,437.0999999999999,670.0249999999999
RN,46,2027-11-14,82,12.975000000000001,18,26,44,159,291,407.04999999999995,622.0249999999999
RN,47,2027-11-21,83,13,17,24,44,151,272.10000000000014,422.0999999999999,615
RN,48,2027-11-28,79,11,16,23.900000000000006,43,156,272.10000000000014,404.0999999999999,577.1249999999993
RN,49,2027-12-05,80,11,16,23,42,146,254.10000000000014,366.0999999999999,510.0749999999996
RN,50,2027-12-12,77,11,15,22,41,144,268,435.04999999999995,660.0999999999995
RN,51,2027-12-19,82,11,16,24,42,155.25,284,403.04999999999995,554.174999999999
RN,52,2027-12-26,91,12,18,26,46,168,296.10000000000014,434.0999999999999,642.0249999999999
RO,1,2027-01-03,85,13,18,26,48,164.25,294.10000000000014,423.04999999999995,574.1249999999993
RO,2,2027-01-10,103,16,21.950000000000003,31,56,185,340.2000000000003,509.7999999999993,702.0749999999996
RO,3,2027-01-17,113,16,23,34,60,205,360.2000000000003,522.05,681.374999999998
RO,4,2027-01-24,125,18,26,38,68,231,403.2000000000003,621.4499999999996,871.4999999999973
RO,5,2027-01-31,130,20.975,28,41,72,250,453.10000000000014,654.05,845.0999999999995
RO,6,2027-02-07,142,21.975,30,41,78,265.25,450.10000000000014,730.2499999999998,998.374999999998
RO,7,2027-02-14,146,24,32,45,78,269,506,732.0999999999999,999.0749999999996
RO,8,2027-02-21,150,22,32,45,79,278,481.10000000000014,673.1499999999999,955.1249999999993
RO,9,2027-02-28,140,21.975,30,42.900000000000006,75,258.25,469.3000000000004,720.2999999999997,924.0249999999999
RO,10,2027-03-07,138.5,19.975,30,41.900000000000006,73,260.25,469.10000000000014,654.1499999999999,900.0749999999996
RO,11,2027-03-14,129,17.975,26,36,70.75,234,430.2000000000003,618.1999999999998,877.0749999999996
RO,12,2027-03-21,118,18,24,35,62,224,411,614.8499999999992,910.3499999999981
RO,13,2027-03-28,109.5,17,24,34,60,208,387.10000000000014,567.05,872.0499999999997
RO,14,2027-04-04,104,13,20,31,55,190,340,495.04999999999995,743.3999999999978
RO,15,2027-04-11,96,14,20,29,53,173.25,315.10000000000014,482,670.0499999999997
RO,16,2027-04-18,85,12,18,26,46,157,283.10000000000014,427.04999999999995,609.1249999999993
RO,17,2027-04-25,79,11,16,23,42,145,254.10000000000014,371.1999999999998,519.0749999999996
RO,18,2027-05-02,73,11,14.950000000000003,21,40,131,241.10000000000014,339.0999999999999,473.0749999999996
RO,19,2027-05-09,67,9,13,19,36,124.25,224.10000000000014,290.04999999999995,457.0749999999996
RO,20,2027-05-16,61,10,12,18,31,111,202,305.0999999999999,455
RO,21,2027-05-23,55,8,11,16,30,104,180,260.1999999999998,363.0499999999997
RO,22,2027-05-30,50,7,10,14,27,93.25,168,233.14999999999986,338.2749999999985
RO,23,2027-06-06,46,6,9,13,25,87,152.10000000000014,227.04999999999995,321.02499999999986
RO,24,2027-06-13,45,6,9,12,23,78.25,145,203.04999999999995,307.0499999999997
RO,25,2027-06-20,38.5,6,8,12,21,73,135.10000000000014,188.04999999999995,272.02499999999986
RO,26,2027-06-27,37,5,7,10,19,68,117,166.04999999999995,236
RO,27,2027-07-04,33.5,4,7,9,18,61,108,164.04999999999995,214.02499999999986
RO,28,2027-07-11,32.5,5,7,9,17,57,99.10000000000014,154,206.14999999999918
RO,29,2027-07-18,28,4,5,7,14,54,94,136,178.02499999999986
RO,30,2027-07-25,25,3,5,7,14,45,81,118,164.17499999999905
RO,31,2027-08-01,22,3,4,6,12,42,74.10000000000014,107,142.02499999999986
RO,32,2027-08-08,20,3,4,6,11,39,71,99.09999999999991,145
RO,33,2027-08-15,18,2,3,5,9.75,34,60,84.04999999999995,121.02499999999986
RO,34,2027-08-22,16,1.9750000000000014,3,4,8,31,53,80,119.07499999999959
RO,35,2027-08-29,15,2,3,4,8,29,50,74,99
RO,36,2027-09-05,14,1,3,4,8,27,49,71,95
RO,37,2027-09-12,14,1,2,4,7,26,50,69,89
RO,38,2027-09-19,15,1,2,4,7.75,27,49,73,101
RO,39,2027-09-26,15,2,3,4,8,28,51,68,103.09999999999945
RO,40,2027-10-03,17,2,3,4,9,32,57,80,109.04999999999973
RO,41,2027-10-10,18,2,3,5,9,34,60,89.04999999999995,125
RO,42,2027-10-17,20,2,4,5,11,37,67.10000000000014,99,138
RO,43,2027-10-24,22,3,4,6,12,42,73,101.04999999999995,145.04999999999973
RO,44,2027-10-31,26,3,5,8,15,46,81.10000000000014,115,160.0749999999996
RO,45,2027-11-07,30,4,6,8.900000000000006,15,55,92.10000000000014,131.0999999999999,176.04999999999973
RO,46,2027-11-14,35,5,7,10,19,63,108.10000000000014,160,222.04999999999973
RO,47,2027-11-21,41,6,8,12,21,73.25,132.10000000000014,190,255.02499999999986
RO,48,2027-11-28,46,7,10,14,25,84,138.10000000000014,188.04999999999995,256.02499999999986
RO,49,2027-12-05,51,6.975000000000001,10,15.900000000000006,28,90,166.10000000000014,233,303.1249999999993
RO,50,2027-12-12,58,9,13,18,32,102.25,185.10000000000014,284,408.09999999999945
RO,51,2027-12-19,67,10,14,20,36,118,203,297.14999999999986,465.17499999999905
RO,52,2027-12-26,73,10,14.950000000000003,22,40,135,235.20000000000027,342.04999999999995,480.1499999999992
RR,1,2027-01-03,3,0,0,0,1,8,19,32,48
RR,2,2027-01-10,3,0,0,0,1,8,18,30,49
RR,3,2027-01-17,3,0,0,0,1,8,20,30,47
RR,4,2027-01-24,3,0,0,0,1,8,19,35,50.024999999999864
RR,5,2027-01-31,3,0,0,0,1,9,20,34,47
RR,6,2027-02-07,3,0,0,0,1,8,19,31,46.024999999999864
RR,7,2027-02-14,3,0,0,0,1,8,19.100000000000136,32.049999999999955,51.024999999999864
RR,8,2027-02-21,3,0,0,0,1,9,19.100000000000136,36,59
RR,9,2027-02-28,3,0,0,0,1,9,21,36,55
RR,10,2027-03-07,4,0,0,0,1,9,22,37.049999999999955,60
RR,11,2027-03-14,3,0,0,0,1,10,21.100000000000136,37.049999999999955,55.024999999999864
RR,12,2027-03-21,4,0,0,0,1,9,22,37.049999999999955,61.04999999999973
RR,13,2027-03-28,4,0,0,0,1,10,23,41,58.07499999999959
RR,14,2027-04-04,4,0,0,0,1,9,21.100000000000136,39.049999999999955,63.07499999999959
RR,15,2027-04-11,4,0,0,0,1,10,23,37,62
RR,16,2027-04-18,4,0,0,0,1,10,25,41,63
RR,17,2027-04-25,4,0,0,0,1,10,23,39,63
RR,18,2027-05-02,4,0,0,0,1,11,25.100000000000136,40,59.024999999999864
RR,19,2027-05-09,4,0,0,0,1,11,25,42,70
RR,20,2027-05-16,4,0,0,0,1,11,25,44,72.02499999999986
RR,21,2027-05-23,4,0,0,0,1,11,26,45,67.02499999999986
RR,22,2027-05-30,4,0,0,0,1,12,27,43,68.04999999999973
RR,23,2027-06-06,4,0,0,0,1,11,27.100000000000136,47,75
RR,24,2027-06-13,4,0,0,0,1,12,28,50.049999999999955,75.04999999999973
RR,25,2027-06-20,5,0,0,0,1,12,27,44,63
RR,26,2027-06-27,5,0,0,0,1,12,28,46.049999999999955,79.04999999999973
RR,27,2027-07-04,5,0,0,0,1,12,31,48.049999999999955,75
RR,28,2027-07-11,5,0,0,0,1,13,31,53,91.02499999999986
RR,29,2027-07-18,5,0,0,0,2,13,29,46,76
RR,30,2027-07-25,5,0,0,0,2,12,30,52,88.02499999999986
RR,31,2027-08-01,5,0,0,0,1.75,14,31,51.049999999999955,79.02499999999986
RR,32,2027-08-08,5,0,0,0,2,14,35,53,91.02499999999986
RR,33,2027-08-15,5,0,0,0,2,13,31,51,88.02499999999986
RR,34,2027-08-22,5,0,0,0,2,14,33,54,85.02499999999986
RR,35,2027-08-29,6,0,0,0,2,14,29.100000000000136,53,79.09999999999945
RR,36,2027-09-05,5,0,0,0,2,13,31,52,76.02499999999986
RR,37,2027-09-12,5,0,0,0,2,13,29,45,71
RR,38,2027-09-19,5,0,0,0,2,13,30,49.049999999999955,82.04999999999973
RR,39,2027-09-26,5,0,0,0,1,12,30,48,76
RR,40,2027-10-03,5,0,0,0,1,12,29,45,68.04999999999973
RR,41,2027-10-10,4,0,0,0,1,11,23,36,52
RR,42,2027-10-17,4,0,0,0,1,10,22,34,57.04999999999973
RR,43,2027-10-24,4,0,0,0,1,10,20,33,49.024999999999864
RR,44,2027-10-31,4,0,0,0,1,10,19,29.049999999999955,44.024999999999864
RR,45,2027-11-07,4,0,0,0,1,9,19,31,45.07499999999959
RR,46,2027-11-14,3,0,0,0,1,9,19.100000000000136,30,44.024999999999864
RR,47,2027-11-21,3,0,0,0,1,8,18,29,42
RR,48,2027-11-28,3,0,0,0,1,8,18,29,41.024999999999864
RR,49,2027-12-05,3,0,0,0,1,8,18,29,46.024999999999864
RR,50,2027-12-12,3,0,0,0,1,8,17,25.049999999999955,41.04999999999973
RR,51,2027-12-19,3,0,0,0,1,8,17,26,40
RR,52,2027-12-26,3,0,0,0,1,7,15,25,36
RS,1,2027-01-03,60,5,7,12,25,174,524,1261.2499999999998,2514.549999999992
RS,2,2027-01-10,68.5,6,9,14,30,201,549.1000000000001,1414.3999999999996,2901.674999999991
RS,3,2027-01-17,79,8,11,17,33,218,613.6000000000008,1187.5499999999995,2711.199999999999
RS,4,2027-01-24,97,9,13,19,38,263.25,710.8000000000011,1546.5499999999986,3231.4999999999973
RS,5,2027-01-31,119.5,10.975000000000001,16.950000000000003,24,49,332,951.2000000000016,2038.5499999999995,3876.0499999999997
RS,6,2027-02-07,158,16,22,34,65,424.25,1264.1000000000015,2414.05,5314.799999999985
RS,7,2027-02-14,209,21,29,44,91,586.25,1575.2000000000003,4019.949999999997,8568.949999999952
RS,8,2027-02-21,298,26,37,58,120,828.25,2453.3000000000047,6199.4,12628.049999999996
RS,9,2027-02-28,427.5,37,53,88,175,1137.25,3102.700000000002,6291.749999999993,13768.024999999907
RS,10,2027-03-07,574.5,51.975,71,115,242.75,1571.25,4388.800000000001,9636.099999999995,19412.12499999989
RS,11,2027-03-14,736,66.97500000000001,96.95,141.9,299.75,2103.75,6007.300000000007,13027.15,28750.59999999978
RS,12,2027-03-21,1036,89,125,199,436,2818.5,8159.800000000004,17198.54999999999,43487.6999999999
RS,13,2027-03-28,1286.5,107.95,154.95000000000002,250,519.5,3622,9861.200000000006,23361.049999999977,51691.024999999914
RS,14,2027-04-04,1498.5,137.95,189.95,295.9,622.5,4243.25,12431.300000000003,25590.899999999987,54357.92499999993
RS,15,2027-04-11,1703,141.97500000000002,188.95,292.79999999999995,671.75,4542.5,13593.100000000002,32038.14999999998,66439.44999999978
RS,16,2027-04-18,1731.5,169.975,218,332,697,4885.75,15131.30000000002,36947.499999999985,84007.12499999999
RS,17,2027-04-25,1591,145,204.95,313,663.75,4998.75,15673.30000000001,30470.59999999998,65220.74999999993
RS,18,2027-05-02,1421.5,122.95000000000002,167,255,546.75,3988,11863.1,29127.04999999996,60968.549999999996
RS,19,2027-05-09,1096,96.975,140,216.9,434.75,3200.5,10063.30000000004,22347.6,52207.524999999616
RS,20,2027-05-16,816,77.9,105,165.60000000000002,351.5,2512.5,8085.3,18935.449999999993,41555.22499999999
RS,21,2027-05-23,588,46.975,67.95,111,248,1844.25,6121.9000000000015,14867.249999999996,41445.949999999975
RS,22,2027-05-30,428.5,35,51,80.9,172.75,1269.75,4053,9860.449999999995,22725.749999999996
RS,23,2027-06-06,289,22,35,53,115,939.25,2988.600000000001,6958.7999999999965,15519.024999999956
RS,24,2027-06-13,198,17,24,36,73.75,658.5,2067.0000000000014,4868.449999999999,9997.12499999996
RS,25,2027-06-20,152,10,17,27,60,473,1600.800000000001,3729.449999999999,7691.699999999985
RS,26,2027-06-27,105,8,12.950000000000003,19,43,353.25,1158,2660.449999999999,6230.224999999978
RS,27,2027-07-04,75,6,9,14,29,258.25,818.3000000000004,2002.9499999999982,4133.0999999999995
RS,28,2027-07-11,58,4,6,10,23,176.25,619.3000000000004,1446.3499999999997,3293.4999999999973
RS,29,2027-07-18,44,3,5,7,17,137,470,953.1999999999998,2339.499999999992
RS,30,2027-07-25,35,2.9750000000000014,4,6,14,111,350.3000000000004,785.5999999999995,2077.075
RS,31,2027-08-01,31,2,3,5,12,95,304.3000000000004,708.149999999999,1595.1999999999935
RS,32,2027-08-08,27,1,3,5,11,80.25,287.10000000000014,679.05,1513.0249999999999
RS,33,2027-08-15,23,1,2.950000000000003,4,9,67,224,495.2499999999998,1066.2499999999986
RS,34,2027-08-22,21,1,2,4,9,65,190.10000000000014,507.3499999999997,889.6749999999963
RS,35,2027-08-29,22,1,2,4,8,60.25,214.10000000000014,473.0999999999999,1116.0499999999997
RS,36,2027-09-05,20,1,2,3,8,58.25,190.10000000000014,461.04999999999995,955.7749999999958
RS,37,2027-09-12,19,1,2,4,8,53.25,184,407.2499999999998,1037.0749999999996
RS,38,2027-09-19,21,1,2,4,9,61,189,441.5499999999995,1061.0999999999995
RS,39,2027-09-26,22,1,2,4,9,62,174.40000000000055,388,991.2249999999988
RS,40,2027-10-03,22,1,2,4,9,61,200,471.14999999999986,912.4749999999974
RS,41,2027-10-10,23,1,3,4,9,63,195,393.69999999999936,836.1999999999989
RS,42,2027-10-17,25,2,3,5,10,70.25,202,400.5499999999986,954.6249999999966
RS,43,2027-10-24,25,2,3,5,11,69,219.10000000000014,462.04999999999995,1038.4749999999974
RS,44,2027-10-31,29,2,3,5,12,77.25,221.10000000000014,504.2499999999998,1068.6249999999966
RS,45,2027-11-07,29,2,3,6,12,80,225.10000000000014,454.04999999999995,1179.0749999999996
RS,46,2027-11-14,33,3,4,6,15,88,264.2000000000003,527.05,1121.1249999999993
RS,47,2027-11-21,38,3,5,7,15,97.25,274.2000000000003,695.5999999999995,1592.0749999999941
RS,48,2027-11-28,43,3,5,9,19,122,359.6000000000008,813.5499999999995,1653.2499999999877
RS,49,2027-12-05,49,3,6,9,20,131,444.10000000000014,910.2499999999989,1885.749999999996
RS,50,2027-12-12,53,5,6.950000000000003,10,22,143,426.2000000000003,1001.4499999999996,2237.499999999981
RS,51,2027-12-19,56,4,7,11,23,161,477.20000000000164,1165.3499999999988,2473.9249999999893
RS,52,2027-12-26,60,5,7,12,25,154,507,1104.05,2733.5999999999913
SC,1,2027-01-03,129,11,15,24,52,352,1196.2000000000003,3252.3999999999996,6003.574999999997
SC,2,2027-01-10,134,12,17,26,59,406,1290.3000000000031,2879.599999999996,5352.274999999992
SC,3,2027-01-17,154,14,19,28,60,498.5,1646.4000000000005,3788.599999999995,7508.949999999989
SC,4,2027-01-24,180,15,22.950000000000003,36,71,485.25,1666.2000000000016,3885.3999999999933,7906.125
SC,5,2027-01-31,212,16,25,39,88,605,2035.400000000002,4726.65,10408.149999999987
SC,6,2027-02-07,253.5,21.975,32,49,101.75,778.25,2610.800000000001,5022.649999999997,10760.299999999977
SC,7,2027-02-14,344.5,28,41,63,130,924.25,3333.0000000000014,7778.149999999999,17415.749999999935
SC,8,2027-02-21,430,34,52.95,78,168.75,1172,3896.9000000000015,9191.499999999987,20464.149999999987
SC,9,2027-02-28,530,47,68,104,217,1573,4947.5000000000255,13208.449999999997,27041.749999999887
SC,10,2027-03-07,760,64.95,92,139.9,288.75,2119.75,6724.500000000001,17763.25,41142.099999999926
SC,11,2027-03-14,911,78,109,160,359,2613.5,8916.100000000002,22708.199999999986,56389.399999999754
SC,12,2027-03-21,1197.5,112.975,151.95,212.9,474.75,3458.25,11229.400000000012,27637.149999999965,55630.09999999875
SC,13,2027-03-28,1390,119.95,173.9,277,530.5,4083.75,13648.000000000002,36785.99999999998,90722.42499999973
SC,14,2027-04-04,1684,141,196,306,671,4919.75,15146.20000000002,37738.099999999984,96027.6999999992
SC,15,2027-04-11,1867.5,162.97500000000002,247.95,363.8,733.75,5605.5,17858.7,44864.14999999998,111988.19999999944
SC,16,2027-04-18,2014.5,156.825,236.85,384,801.75,5857.5,18827.100000000013,47339.34999999999,112133.67499999962
SC,17,2027-04-25,2007.5,165.97500000000002,239,382.90000000000003,808,5853.5,20883.200000000004,50356.75,150146.69999999867
SC,18,2027-05-02,1847,164,238.95000000000002,372.79999999999995,731.5,5496.25,19277.500000000015,43516.44999999999,93140.19999999988
SC,19,2027-05-09,1778,126.97500000000001,204.95,309.9,678.5,5029.5,18365.800000000014,45968.899999999994,123673.65
SC,20,2027-05-16,1397,119.975,166.95000000000002,248.9,568.75,4271,16025.800000000008,37551.84999999999,82089.47499999884
SC,21,2027-05-23,1111,82.97500000000001,120.95,184.8,435.75,3354.75,13132.000000000015,31200.04999999996,87966.25
SC,22,2027-05-30,886,59,93.95,148.9,324.75,2741.25,10216.800000000007,25576.84999999999,68779.12499999983
SC,23,2027-06-06,646,51.975,73,112,245,2081.25,7875.800000000007,21319.699999999983,47809.17499999984
SC,24,2027-06-13,509,33.975,53,79,185,1547,5481.900000000008,14326.399999999998,41195.524999999994
SC,25,2027-06-20,354,23,35,55.900000000000006,128,1113.75,3484.600000000005,10319,33866.54999999995
SC,26,2027-06-27,255.5,19,26.950000000000003,41.900000000000006,96,827.25,2959.700000000001,7888.199999999996,16974.94999999982
SC,27,2027-07-04,182,14,19,28.900000000000006,71,604.5,1923.8000000000025,5912.899999999992,13016.49999999997
SC,28,2027-07-11,139.5,9,14,23,52,407.5,1622.1000000000001,4219.899999999998,10929.77499999999
SC,29,2027-07-18,103,8,11,18,39,335.25,1074.1000000000015,2914.0999999999976,5958.92499999999
SC,30,2027-07-25,83,6,8.950000000000003,14,31,247,886.2000000000003,2171.8999999999996,6483.874999999957
SC,31,2027-08-01,65,5,7,12,24,208.25,709.6000000000008,2212.5999999999985,4453.749999999996
SC,32,2027-08-08,54,4,6,9,21,167,533.9000000000026,1468.3999999999996,3099.724999999996
SC,33,2027-08-15,50,3,5,8,19,149.25,500.10000000000014,1184.5999999999976,2773.9499999999894
SC,34,2027-08-22,46,3,5,7,16,138,434.40000000000055,1155,2260.199999999999
SC,35,2027-08-29,44,3,4,7,16,126,448.2000000000003,1073.2999999999997,2416.2249999999826
SC,36,2027-09-05,40,3,4,6,14,121,394.10000000000014,993.7999999999984,2191.249999999998
SC,37,2027-09-12,38,3,4,7,15,116,436.9000000000012,950.8999999999983,2068.199999999988
SC,38,2027-09-19,38.5,2,4,7,16,108,367.40000000000055,954.8499999999992,2061.3999999999924
SC,39,2027-09-26,41,2,4,7,15,117,384.2000000000003,911.05,1951.724999999996
SC,40,2027-10-03,41,3,4,7,16,127.25,402.10000000000014,855,1813.5999999999967
SC,41,2027-10-10,44,3,5,8,18,117,353.3000000000004,910.0999999999999,1843.4499999999975
SC,42,2027-10-17,44,3,5,8,18,117,372.2000000000003,806.0999999999999,1473.9999999999945
SC,43,2027-10-24,49,4,6,10,20,135,378,917.0999999999999,2172.6749999999965
SC,44,2027-10-31,53,4,6,10,22,147,399.2000000000003,956.2499999999998,2402.674999999991
SC,45,2027-11-07,57.5,4,7,11,24,163,439.8000000000011,1082.8499999999992,2673.449999999998
SC,46,2027-11-14,63.5,5,8,12,26,184,531.1000000000001,1291.049999999999,2885.7499999999964
SC,47,2027-11-21,72,6,9,14,30,193,580.1000000000001,1390.999999999999,3129.449999999998
SC,48,2027-11-28,81,7,10,15,32,218.25,649.4000000000005,1407.7499999999993,3507.174999999999
SC,49,2027-12-05,92,8,11,17,39,252,802.5000000000007,1793.7499999999993,3464.8749999999955
SC,50,2027-12-12,103,7,12,21,43,281,726,1735.4999999999995,4745.949999999983
SC,51,2027-12-19,108,10,14,21,45,301,895.4000000000005,1861.5999999999976,5326.224999999993
SC,52,2027-12-26,114.5,9,15,24,48.75,305.25,918.3000000000018,2317.0499999999997,5223.474999999991
SE,1,2027-01-03,13,0,1,2,5,34,70.10000000000014,113.04999999999995,165
SE,2,2027-01-10,14,0,1,2,5,33,71.10000000000014,115.04999999999995,169
SE,3,2027-01-17,13,0,1,2,5,33,73,119.04999999999995,167.0749999999996
SE,4,2027-01-24,14,0,1,2,5,34,70.10000000000014,119,192.0749999999996
SE,5,2027-01-31,14,0,1,2,5,36.25,75,120.09999999999991,189.22499999999877
SE,6,2027-02-07,15,0,1,2,6,39,85,135,192.04999999999973
SE,7,2027-02-14,17,1,1,3,7,43,96.10000000000014,143,211
SE,8,2027-02-21,17,0,1,2,7,41.25,92,145,222.12499999999932
SE,9,2027-02-28,20,0,1,3,8,47,100,150.0999999999999,235.12499999999932
SE,10,2027-03-07,21,0.9750000000000014,1,3,8,49,112,185.04999999999995,278.0499999999997
SE,11,2027-03-14,19,0,1,3,8,47,105.10000000000014,171.04999999999995,265.02499999999986
SE,12,2027-03-21,21,0,1,3,8,52,117,185,268.09999999999945
SE,13,2027-03-28,22,0,1,3,8,53,115.10000000000014,182,251.09999999999945
SE,14,2027-04-04,24,1,1,3,9,56,114,197.0999999999999,289.0749999999996
SE,15,2027-04-11,24,1,2,4,11,61.25,124.10000000000014,201.04999999999995,308.0749999999996
SE,16,2027-04-18,27,1,2,4,10,65,136.10000000000014,219.14999999999986,372.02499999999986
SE,17,2027-04-25,28,1,2,4,11,65,147,224.04999999999995,353.24999999999864
SE,18,2027-05-02,31,1,2,4,12,76,163.10000000000014,263,379.2249999999988
SE,19,2027-05-09,32,1,2,5,12,81,179.10000000000014,296.04999999999995,409.09999999999945
SE,20,2027-05-16,35,1,3,5.900000000000006,14,85,175.10000000000014,299,472.0499999999997
SE,21,2027-05-23,39,1,3,6,15,92.25,208,306.3499999999997,435
SE,22,2027-05-30,41,2,3,6,16,96,210.10000000000014,340.04999999999995,572.0499999999997
SE,23,2027-06-06,45,2,3,7,17,111,237.3000000000004,369.04999999999995,585.1249999999993
SE,24,2027-06-13,45,2,3,7,17,110,247,415,621.1999999999989
SE,25,2027-06-20,48,2,4,8,19,119,239,404.0999999999999,579.3499999999981
SE,26,2027-06-27,49,2,4,8,19,127,262.2000000000003,395.04999999999995,644.0249999999999
SE,27,2027-07-04,50,2,4,7,20,123,272.10000000000014,415.04999999999995,563.3499999999981
SE,28,2027-07-11,50,2,4,8,19.75,122,270.10000000000014,393.0999999999999,630.3999999999978
SE,29,2027-07-18,52,2,4,8,21,119,257,415,593
SE,30,2027-07-25,47,2,5,8,19,118,260.10000000000014,414.04999999999995,597
SE,31,2027-08-01,45,2,3,7,18,110,216.10000000000014,353,576.0499999999997
SE,32,2027-08-08,42,2,3,7,17,106,210,354.0999999999999,500.0499999999997
SE,33,2027-08-15,42,1,3,6,16,101,211,314,499.37499999999795
SE,34,2027-08-22,37,2,3,6,16,92.25,194.10000000000014,312.0999999999999,502.1499999999992
SE,35,2027-08-29,32,1,3,5,13,83,170,279.04999999999995,408.37499999999795
SE,36,2027-09-05,32,1,2,4,12,73,161.10000000000014,262.04999999999995,447.0499999999997
SE,37,2027-09-12,29,1,2,4,11,68,140,245.04999999999995,382.0499999999997
SE,38,2027-09-19,28,1,2,4,10,64,129.20000000000027,218,359
SE,39,2027-09-26,27,1,2,4,10,61.25,131,217.04999999999995,346
SE,40,2027-10-03,26,1,2,4,10,63,137,211.0999999999999,310.2249999999988
SE,41,2027-10-10,26,1,2,4,10,61,128,213.04999999999995,332.1249999999993
SE,42,2027-10-17,25,1,2,4,9,60.25,132,224.0999999999999,352.09999999999945
SE,43,2027-10-24,25,1,2,3,10,60,132.10000000000014,207,304.02499999999986
SE,44,2027-10-31,25,1,2,3,10,60,124,199,323.02499999999986
SE,45,2027-11-07,25,1,1,4,10,62,121.10000000000014,190.19999999999982,290.0749999999996
SE,46,2027-11-14,23,1,2,3,9,57,121,192.04999999999995,258.0499999999997
SE,47,2027-11-21,22,1,2,3,9,52,114,163.0999999999999,252.14999999999918
SE,48,2027-11-28,21,1,1,3,8,51,113,164.04999999999995,249.02499999999986
SE,49,2027-12-05,19,1,2,3,7,45,102,147.0999999999999,217.02499999999986
SE,50,2027-12-12,16,0,1,2,6,39,85.10000000000014,128,187.09999999999945
SE,51,2027-12-19,15,0,1,2,6,36.25,76,116,168
SE,52,2027-12-26,13,0,1,2,5,33,68,103,154.24999999999864
SP,1,2027-01-03,3881.5,1106.7,1332.95,1700,2486,6712.25,11935.200000000003,17342.9,24573.175
SP,2,2027-01-10,4587,1420.2,1657.75,1982.6,2914,7844,14235.7,22222.8,32504.399999999918
SP,3,2027-01-17,5762,1679.5,2126.6,2586,3629.75,9930.5,18080.900000000005,25628.449999999983,36928.94999999999
SP,4,2027-01-24,7084,2123.7749999999996,2407,3029.6,4572.25,11895.5,21615.800000000003,32741.349999999973,48217.22499999993
SP,5,2027-01-31,8280,2431.9,2945.6,3683.1,5275,14286,25487,40000.69999999999,57405.87499999989
SP,6,2027-02-07,9774,2841.9249999999997,3473.75,4302.7,6206.25,16298.75,30369.100000000006,45897.95,67254.19999999997
SP,7,2027-02-14,11102,3477.975,4102.55,4989.7,6971,18589.75,33440.10000000001,53213.399999999994,73549.04999999993
SP,8,2027-02-21,12414,3981.675,4651.8,5635.9000000000005,8016.25,21420,38824.000000000044,53900.24999999997,93056.3
SP,9,2027-02-28,14170,4340.825,5215.700000000001,6449.7,9136,23962.25,42417.4,59144.44999999992,94499.07499999995
SP,10,2027-03-07,15513.5,4946.85,5824.75,6766.6,10032.25,26356.25,47224.500000000095,72639.14999999998,106241.89999999978
SP,11,2027-03-14,17241.5,5818.4749999999995,6902.75,8110.3,11273.5,29038.75,48932.70000000001,74183.09999999999,111416.22499999999
SP,12,2027-03-21,19432,6253.200000000001,7069.8,8553.1,12158.75,31848,58581.100000000006,88123.89999999994,131595.77499999985
SP,13,2027-03-28,20504.5,6322.65,7380.5,9261.900000000001,13296,34350,59981.500000000044,98643.79999999996,147724.6499999991
SP,14,2027-04-04,21045,6467.4000000000005,7784.9000000000005,9889.3,13549,35236,62213.800000000076,91537.34999999983,156004.84999999928
SP,15,2027-04-11,21928.5,6753.35,7884.9000000000005,9854.800000000001,14314,36167.25,65217.100000000006,95202.74999999999,139621.6999999998
SP,16,2027-04-18,21952,6708.5250000000005,7902.6500000000005,9755.7,13995.25,36432.75,62145.200000000026,94959.74999999999,147987.12499999983
SP,17,2027-04-25,20824,6672.75,7893.4,9597.800000000001,13435,34682.25,59533.5,90655.74999999997,135766.65
SP,18,2027-05-02,18750.5,6088.775,7140.85,8674.800000000001,12125.75,31927,55390.40000000001,82144.89999999998,127556.99999999996
SP,19,2027-05-09,16793,5532.549999999999,6300.9,7444.1,10795.25,27838.25,48402.200000000004,74656.9,111406.77499999966
SP,20,2027-05-16,13896.5,4301.5,5190.5,6407.4,9157.25,22739.25,40002.40000000001,63741.99999999999,92647.7499999998
SP,21,2027-05-23,11306,3850.95,4463.9000000000005,5179,7403.75,18633.75,31981.6,51138.549999999996,74369.32499999998
SP,22,2027-05-30,8722.5,2737.825,3361,3997.8999999999996,5621,14565.75,25027.800000000017,36115.65,54459.07499999996
SP,23,2027-06-06,6762.5,2193.925,2562.6,3155.6,4410.75,11053,18569.300000000017,28778.999999999993,42208.59999999997
SP,24,2027-06-13,5248.5,1737.825,2012,2464.8,3472,8472.25,15246.800000000008,21749.599999999995,34120.074999999975
SP,25,2027-06-20,4099,1359.975,1564.9,1849.8,2622.75,7020.25,12473.000000000004,16726.55,26099.32499999998
SP,26,2027-06-27,3144.5,1031.8,1198,1463.9,2037,5193.25,9514.600000000008,13630.349999999993,19148.64999999999
SP,27,2027-07-04,2489.5,790.95,905.9499999999999,1120.9,1601.75,4061.25,7185.700000000005,11897.19999999999,18006.37499999994
SP,28,2027-07-11,1977.5,650.95,754.9,908.9,1280.75,3398,5609.3,8403.099999999999,13024.549999999992
SP,29,2027-07-18,1630.5,523,617,755.8,1058,2803,4646.000000000003,6896.199999999997,11535.97499999999
SP,30,2027-07-25,1423,422,518.9,644,908.75,2339.25,4440.100000000004,6832.2,9893.89999999998
SP,31,2027-08-01,1211,385,457,550.9000000000001,775.75,2115.5,3665.1,5522.749999999998,8616.749999999969
SP,32,2027-08-08,1118.5,362.975,409.95,496.9,701,1896.75,3478.700000000002,5096.699999999999,8151.849999999995
SP,33,2027-08-15,1035.5,323,387.9,467.9,651.5,1711.5,3124.3,4343.699999999999,6859.724999999979
SP,34,2027-08-22,987,326.95,364,441.9,630,1703.5,3016.2000000000003,4685.299999999999,6481.724999999997
SP,35,2027-08-29,999.5,314.90000000000003,362.95000000000005,442.90000000000003,650,1620.25,2865.800000000001,4607.3499999999995,6983.199999999999
SP,36,2027-09-05,998,310.95,366,451.9,640,1681.75,2989.0000000000027,4739.35,7382.424999999992
SP,37,2027-09-12,1049,322.975,375.9,472,662.5,1743.25,3012.7000000000007,4797.949999999998,7026.54999999998
SP,38,2027-09-19,1120,347.90000000000003,417.95,503.9,702.75,1855,3294.600000000005,4823.5999999999985,7533.574999999975
SP,39,2027-09-26,1133,351,426,508.7,730.75,1919,3616.3,5164.749999999999,7980.15
SP,40,2027-10-03,1233.5,377.97499999999997,439.95,534.9000000000001,795,2126.5,3664.500000000001,5435.0499999999975,8223.674999999996
SP,41,2027-10-10,1264.5,388,470.90000000000003,577.9,825,2158.5,3668.2000000000003,5473.449999999997,8623.97499999999
SP,42,2027-10-17,1336.5,435.95,511,625.9,865.75,2249,3898.9000000000015,5660.9,8708.774999999996
SP,43,2027-10-24,1433.5,471.975,563.9499999999999,673.9,928,2389.5,4238.800000000001,6115.399999999996,8930.599999999997
SP,44,2027-10-31,1498,495,593.9499999999999,704.9,1009.75,2507.5,4610.100000000004,7368.15,9926.149999999992
SP,45,2027-11-07,1619,510.95,600.7,747,1046,2633,4514.800000000001,6842.3499999999995,11235.324999999964
SP,46,2027-11-14,1716,570.925,655.95,805,1120.25,2945.5,5202.200000000002,7952.649999999998,11473.124999999989
SP,47,2027-11-21,1870.5,623.925,707.8499999999999,861,1222.75,3017.75,5389.9000000000015,7944.749999999996,12114.524999999974
SP,48,2027-11-28,2022,662,775.95,945,1297.75,3334.25,5683,8510.6,11748.674999999997
SP,49,2027-12-05,2173,694.9250000000001,816.85,992,1408.75,3758.5,6342.400000000005,9608.3,16108.074999999995
SP,50,2027-12-12,2405,780.7500000000001,924.95,1146,1582,3995.5,6741.3,10163.549999999997,16257.749999999935
SP,51,2027-12-19,2704,849,996,1229.9,1762.75,4695.25,8019.600000000003,11953.399999999998,16567.549999999996
SP,52,2027-12-26,3156,1031.925,1181.6499999999999,1407.4,1977.75,5404.75,9374.800000000001,14508.549999999994,22245.324999999888
TO,1,2027-01-03,115.5,20.975,28,39,66,195,321,440,593.0749999999996
TO,2,2027-01-10,138,23.975,33,46,76,237.25,380.2000000000003,491.04999999999995,629.0499999999997
TO,3,2027-01-17,155,30,40,54,93,274,432,605.05,729.0499999999997
TO,4,2027-01-24,186,32.975,44,61,101,317,525,674.0999999999999,875.3249999999982
TO,5,2027-01-31,199,36,49,69,118,351,550,746,989.0249999999999
TO,6,2027-02-07,217,38.975,51.95,74.9,124,367,587.2000000000003,782.0999999999999,1046.1249999999993
TO,7,2027-02-14,229,44,60,78,126,392.25,639.1000000000001,868.1499999999999,1136.1499999999992
TO,8,2027-02-21,228.5,44,57,78,135,396.25,642,865.3499999999997,1136.0249999999999
TO,9,2027-02-28,223.5,44,57,78.9,131,377.5,620,840.0999999999999,1076.0749999999996
TO,10,2027-03-07,226,49,62,81,129,390,640.3000000000004,870.0999999999999,1129.2999999999984
TO,11,2027-03-14,223,42,56,79,129.75,385,643,843.2999999999997,1046.0999999999995
TO,12,2027-03-21,222.5,41,54,76,127,373.25,596.1000000000001,825.1999999999998,1046.2249999999988
TO,13,2027-03-28,219.5,39,55,77,126.75,381.25,598,791.0999999999999,1065.0999999999995
TO,14,2027-04-04,222,41,53,71,126.75,378,612,798.1999999999998,1027.0999999999995
TO,15,2027-04-11,223,42,56,77,125.75,376,616.1000000000001,840,1095.2749999999985
TO,16,2027-04-18,218.5,41,52.95,71,123,363.25,582.2000000000003,792.1499999999999,998.1999999999989
TO,17,2027-04-25,204,41,52.95,70,120,352,588,785,1012.0249999999999
TO,18,2027-05-02,196,36,47,67,113,332.25,570.1000000000001,742.1999999999998,1055.2749999999985
TO,19,2027-05-09,190,38,48,65,107,323.25,531,719.0999999999999,975.6249999999966
TO,20,2027-05-16,167,31,40,56,94,297,470,620.3499999999997,794.1999999999989
TO,21,2027-05-23,145,28,36.95,50,83.75,254,405.2000000000003,555.2999999999997,691.1249999999993
TO,22,2027-05-30,120,25,31,39,69,207,344,462.0999999999999,610
TO,23,2027-06-06,102,17,25,36,61,177,305.10000000000014,402.04999999999995,507.09999999999945
TO,24,2027-06-13,89,16,20,29,51,151.25,240,333.04999999999995,441
TO,25,2027-06-20,74,12,17,24,42,126,204.10000000000014,269.04999999999995,357.09999999999945
TO,26,2027-06-27,63,11,15,21,35,105,172,242,305.0749999999996
TO,27,2027-07-04,53,9.975000000000001,13,19,31,87.25,149,193.0999999999999,257.09999999999945
TO,28,2027-07-11,47,8,11,16,27,81,129.10000000000014,178.04999999999995,210.22499999999877
TO,29,2027-07-18,41,7,9.950000000000003,14,24,71,117,157.04999999999995,212.12499999999932
TO,30,2027-07-25,38,7,9,13,22,67,110,153.04999999999995,204.0749999999996
TO,31,2027-08-01,35,6,8,12,20,61,100,141.04999999999995,188.04999999999973
TO,32,2027-08-08,33,5,8,11,19,56,91,123.04999999999995,157.04999999999973
TO,33,2027-08-15,31,5,7,10,18,54,86.10000000000014,113,144.02499999999986
TO,34,2027-08-22,29,5,6,9,16,51,82.10000000000014,108,135.02499999999986
TO,35,2027-08-29,27,4,6,9,16,47,75,105,136.02499999999986
TO,36,2027-09-05,24,4,5,8,14,44,72,96,127
TO,37,2027-09-12,25,4,5,8,14,41,66,90,121.02499999999986
TO,38,2027-09-19,22,3,5,7,13,39,66,89,118.02499999999986
TO,39,2027-09-26,22,3,5,7,13,39,64.10000000000014,92,126
TO,40,2027-10-03,23,4,5,7,13,41,65,91.04999999999995,121.02499999999986
TO,41,2027-10-10,26,4,6,8,14,44,71,94.04999999999995,130.02499999999986
TO,42,2027-10-17,28,5,6,9,16,47,83,109,151.02499999999986
TO,43,2027-10-24,33,6,8,11,19,58,95,132.04999999999995,181.04999999999973
TO,44,2027-10-31,37,6,9,13,21,67,110,143.04999999999995,195.09999999999945
TO,45,2027-11-07,45,9,12,16,27,79,130.10000000000014,181,246
TO,46,2027-11-14,56,11,14,20,31,99,162.10000000000014,220.04999999999995,310.1249999999993
TO,47,2027-11-21,65,12,16,23,38,115,190,253.04999999999995,325.0499999999997
TO,48,2027-11-28,75,14,18,26,43,134,215.10000000000014,309.0999999999999,408.0749999999996
TO,49,2027-12-05,82,15,21,29,48,140,232,335.04999999999995,474.0749999999996
TO,50,2027-12-12,91.5,15,22,30,52,157,267.10000000000014,352.04999999999995,478.3249999999982
TO,51,2027-12-19,94,17,22,32,54,163,283.10000000000014,380,527.0749999999996
TO,52,2027-12-26,104.5,18,25.950000000000003,35,60,185,307.10000000000014,421,567.1249999999993
BR,1,2027-01-03,18499.5,10199.15,10935.5,11958.9,14386.5,26613.25,40852.30000000002,58805.849999999955,89077.2999999995
BR,2,2027-01-10,22367,12245.974999999999,12920.65,14416.9,17113.5,31533.25,48733.30000000001,70351.29999999996,99822.24999999984
BR,3,2027-01-17,26627,14450.725,15480,17265.3,20692.75,37036,56124.40000000001,79960.04999999997,123074.22499999998
BR,4,2027-01-24,31316.5,16644.9,18510.95,20326.800000000003,24346.75,43670.75,66962.3,95683.19999999997,151159.6999999999
BR,5,2027-01-31,36308,19790.85,21468.7,23934.8,28730.75,49959.75,80597.10000000002,115200.94999999994,165538.5999999992
BR,6,2027-02-07,41345.5,22978.475000000002,24755.95,26956,32143.5,58049.25,87995.30000000002,134426.94999999987,205658.19999999987
BR,7,2027-02-14,47732.5,25512.5,27717.7,29916.4,36992,66149,103507.60000000003,151062.89999999997,213546.6499999997
BR,8,2027-02-21,53028,28662.699999999997,30613.25,34198.9,40793.5,75098.25,120059.70000000007,174512.89999999994,290889.99999999977
BR,9,2027-02-28,58336.5,31686.325,33884.3,37584.7,44915.5,84699.5,129335.80000000002,189583.74999999997,296024.3499999999
BR,10,2027-03-07,63958.5,33061.75,35802.5,40565.399999999994,49071,93038.25,144358.90000000005,210385.1499999999,289102.8249999995
BR,11,2027-03-14,70895,36552.424999999996,39795.6,43866.4,53594.5,99688.75,158410.60000000012,241113.19999999995,374429.9249999979
BR,12,2027-03-21,75116.5,39149.075000000004,42393.149999999994,46749.8,57120.5,108583.75,178266.10000000003,275794.14999999997,395720.9249999997
BR,13,2027-03-28,79074.5,41053,44543.9,48848.1,60248.25,117344,204358.80000000005,291353.19999999995,480636.2999999983
BR,14,2027-04-04,82349,42439.275,46482.85,51778.899999999994,62905.25,121086.75,200322.60000000006,287298.1999999998,448620.3749999993
BR,15,2027-04-11,85901.5,43447.85,46945.8,52262.5,64033,125826,207829.70000000004,307805.19999999984,482994.5999999993
BR,16,2027-04-18,82849.5,43078.700000000004,47639.350000000006,52446.1,62627.5,123859,208047.30000000002,331227.49999999994,544077.8999999999
BR,17,2027-04-25,81739,40921.7,44868.450000000004,49412.5,60820.5,118766,204025.30000000005,342230.75,566553.7749999998
BR,18,2027-05-02,73943,38262.125,41665.55,45983.100000000006,55767.75,110742.5,177440.7,290983.5,452843.64999999944
BR,19,2027-05-09,66727,34237.725,37368.95,41148.9,49793.5,97423.25,165064.10000000015,245398.59999999992,386228.19999999995
BR,20,2027-05-16,56317,29663.550000000003,31897.8,35570,42778,83529.5,138584.2,208763.19999999987,360079.7749999999
BR,21,2027-05-23,47392,25729.199999999997,27869.600000000002,30483,36277.5,68613.5,113582.20000000019,172732.94999999992,271270.37499999994
BR,22,2027-05-30,38995,20703,22639.550000000003,24830.7,30114.5,55073.25,88975.00000000006,134743.94999999998,208303.22499999948
BR,23,2027-06-06,31566.5,17336.15,18818.7,20718.8,25003.5,45160,72041.50000000003,110144.15,178932.17499999827
BR,24,2027-06-13,25682.5,14357.95,15331.35,16858.9,20250.25,35688.75,56817.700000000084,86371.8499999999,141526.54999999978
BR,25,2027-06-20,21100,11783.275,12692.75,13970.3,16534,29032.5,48422.90000000001,67820.24999999999,106060.24999999991
BR,26,2027-06-27,17535,10305.7,10808.9,11861.4,13940.25,24117.25,36375.00000000003,49807.1,77821.04999999999
BR,27,2027-07-04,14768,8400.425,9073.949999999999,9956.6,11712.5,20079,31186.900000000005,42966.549999999996,65827.65
BR,28,2027-07-11,12371.5,7230.2750000000005,7837.85,8548.8,9965.75,16781,25688.60000000001,37044.049999999974,48665.84999999998
BR,29,2027-07-18,10837,6492.375,6862.8,7512,8735.75,14493.75,21089.400000000005,28591.59999999998,42972.24999999998
BR,30,2027-07-25,9723,5784.975,6099.9,6637.8,7716,12994.75,19259.000000000015,27364.999999999993,37472.97499999998
BR,31,2027-08-01,8799.5,5161.9749999999995,5554,6061.9000000000005,7073.25,11668.25,17057.200000000008,24110.699999999997,31213.324999999953
BR,32,2027-08-08,7908,4798.575,5124.85,5576.3,6487.5,10742.75,15261.400000000014,20512.399999999998,29232.799999999992
BR,33,2027-08-15,7472.5,4345.875,4687.5999999999995,5106.9000000000005,6038,9845.25,14073,19569.699999999997,28716.424999999996
BR,34,2027-08-22,7027.5,4170.85,4435.25,4870.9000000000005,5687.75,9544.5,13723.100000000008,17810.59999999999,23979.67499999997
BR,35,2027-08-29,6751,4063.775,4320.85,4665.8,5467.25,9042.5,13303,16718.5,24333.874999999996
BR,36,2027-09-05,6614.5,3925.8999999999996,4187.9,4595,5349.25,8790.25,12758.000000000015,18898.300000000003,26658.949999999855
BR,37,2027-09-12,6599.5,3878.925,4140.7,4519.4,5283.75,8785.5,12850.2,16763.399999999994,25930.399999999994
BR,38,2027-09-19,6623.5,3900.975,4220.55,4561,5347,8875.25,13197.000000000011,18015.999999999996,25240.19999999996
BR,39,2027-09-26,6742.5,3893.95,4213.9,4593.9,5424.5,9228.25,13568.6,19138.499999999975,28838.849999999948
BR,40,2027-10-03,6991.5,4018.725,4262.55,4649.8,5505,9449.75,14010.800000000007,18350.149999999998,25499.94999999997
BR,41,2027-10-10,7308.5,4144.975,4504.75,4840.9000000000005,5746.75,9834.25,14447.900000000005,20826.79999999998,33233.84999999993
BR,42,2027-10-17,7483.5,4307.85,4584.95,5084.7,5959.25,10441,15320.100000000002,22208.15,30015.774999999976
BR,43,2027-10-24,7920.5,4493.45,4829.85,5257.9,6283.25,10948.75,16345.500000000002,23553.29999999999,38562.34999999998
BR,44,2027-10-31,8433,4767.825,5077.7,5515.6,6511.75,11981.5,18361.200000000008,27043.999999999996,36734.924999999916
BR,45,2027-11-07,8940,5132.925,5500.45,5955,7006.75,12401,19948.100000000006,29147.399999999987,45131.399999999965
BR,46,2027-11-14,9605.5,5336.950000000001,5763.6,6339.6,7605.75,13789.75,21464.100000000013,31352.55,47184.37499999979
BR,47,2027-11-21,10381.5,5759.75,6198.5999999999995,6858.9,8132,14579.5,23220.600000000002,34617.249999999985,49768.025
BR,48,2027-11-28,11137,6231.95,6719.35,7355.9,8800,15868,24507.600000000006,35415.549999999996,52454.02499999985
BR,49,2027-12-05,12156.5,6593.700000000001,7145.950000000001,7881.7,9420.5,17130.5,26589.400000000005,41306.59999999998,63805.27499999997
BR,50,2027-12-12,13100,7241.700000000001,7791.450000000001,8486.3,10053.75,18382,28890.40000000001,45660.199999999975,69404.82499999992
BR,51,2027-12-19,14324.5,7726.75,8363.8,9343.7,11169.75,20371.25,32475.7,48952.649999999965,77308.62499999999
BR,52,2027-12-26,16169.5,8658.9,9427.650000000001,10410,12286.25,22977.5,36547.5,54550.19999999996,83173.22499999996
