uf,week,date,pred,lower_95,lower_90,lower_80,lower_50,upper_50,upper_80,upper_90,upper_95
AC,1,2026-10-11,46,5,8,12,23,88,152,220.04999999999995,292.0499999999997
AC,2,2026-10-18,55,7,10,14,28.75,102,170.10000000000014,236.0999999999999,342.02499999999986
AC,3,2026-10-25,63,8,12,18,32,118,203,286.2999999999997,374.09999999999945
AC,4,2026-11-01,72,10,14,20,38.75,137,233,321.2499999999998,441.02499999999986
AC,5,2026-11-08,86,11,16,24,48,166,282,402.2499999999998,536.0499999999997
AC,6,2026-11-15,99.5,14,18,27,51,181,328,453.04999999999995,617.0999999999995
AC,7,2026-11-22,112,16,24,34,60,214.25,366.10000000000014,515.05,702.374999999998
AC,8,2026-11-29,136,16,24.950000000000003,37,71,250,426.2000000000003,610.1499999999999,771.1249999999993
AC,9,2026-12-06,144,20.975,29,41,77,260,456.3000000000004,653.1999999999998,882.0249999999999
AC,10,2026-12-13,153,22,31,44,82,290,510.10000000000014,706.0999999999999,928.1999999999989
AC,11,2026-12-20,160,23,32,46,87,296.25,515.1000000000001,741.05,985.2499999999986
AC,12,2026-12-27,179,27,36,52,92,326.25,556,808.9499999999991,1169.8749999999952
AC,13,2027-01-03,191,27.975,36,54,102,352,587,878.05,1239.6499999999965
AC,14,2027-01-10,207,28,40.95,61,108,390,675.4000000000005,909.1999999999998,1206.0999999999995
AC,15,2027-01-17,213.5,31,40.95,60.900000000000006,113,403,681.1000000000001,1026.1499999999999,1393.3999999999978
AC,16,2027-01-24,219.5,29.975,43.95,63,112.75,425.25,760.4000000000005,1068.2499999999998,1386.1249999999993
AC,17,2027-01-31,215,30,42,64,117,409.5,714.2000000000003,1036.1499999999999,1384.3249999999982
AC,18,2027-02-07,210,29,40,58,109,396,702,954.2499999999998,1317.2249999999879
AC,19,2027-02-14,198,29,38,58,103,375,644.2000000000003,933.0999999999999,1246.3249999999982
AC,20,2027-02-21,189,26,37,53,96,350,609.4000000000005,858.05,1115.4749999999974
AC,21,2027-02-28,171.5,22,33,49,89,313,546.2000000000003,799.0999999999999,1067.0749999999996
AC,22,2027-03-07,155,19,27,41.900000000000006,81,280,492.2000000000003,738.0999999999999,988.2749999999985
AC,23,2027-03-14,130,18,26,38,68,247.25,424.2000000000003,644.1499999999999,878.2249999999988
AC,24,2027-03-21,119,17,23,34,62.75,215.25,378.10000000000014,554.2999999999997,774.0249999999999
AC,25,2027-03-28,108,13,19,30,59,192,344,489.04999999999995,676.0749999999996
AC,26,2027-04-04,97,12.975000000000001,18.950000000000003,27,50,178,306,436.1999999999998,534.1499999999992
AC,27,2027-04-11,87.5,10,14,23,43,166,294,426,563.1999999999989
AC,28,2027-04-18,80,11,15,23,41,153.25,277.10000000000014,390.04999999999995,513.0749999999996
AC,29,2027-04-25,73,8.975000000000001,14,21,38,140,237.10000000000014,309.0999999999999,471.09999999999945
AC,30,2027-05-02,64,8,13,19,35,128,215,301.04999999999995,415.02499999999986
AC,31,2027-05-09,62,7.975000000000001,12,17,32,118,205.10000000000014,289.0999999999999,421.0499999999997
AC,32,2027-05-16,55,8,10,16,28,104,186,274.04999999999995,394
AC,33,2027-05-23,51,7,9,14,26,96,163.10000000000014,230.0999999999999,317.02499999999986
AC,34,2027-05-30,47,6,8,13,23,88,155,218,299
AC,35,2027-06-06,40,5,7,11,20,76.25,128.10000000000014,184,251.09999999999945
AC,36,2027-06-13,35,4,6,9,18,64,113,165.04999999999995,221
AC,37,2027-06-20,31,3.9750000000000014,5,9,16,60,103.10000000000014,143.0999999999999,187.04999999999973
AC,38,2027-06-27,28,3,5,7,14,56,98,134,181.02499999999986
AC,39,2027-07-04,27,2.9750000000000014,4,7,14,51,88.10000000000014,128.0999999999999,166.02499999999986
AC,40,2027-07-11,25,2,4,6,12,46,77,112,157
AC,41,2027-07-18,24,2,4,6,13,44,79,110.04999999999995,156
AC,42,2027-07-25,23,2,4,6,12,42,73.10000000000014,103,138.02499999999986
AC,43,2027-08-01,22,2,3,6,11,41,70,97,133
AC,44,2027-08-08,22,2,4,6,11,40,71,97,129.0749999999996
AC,45,2027-08-15,21,2,4,6,11,40,67,94,129.02499999999986
AC,46,2027-08-22,21,2,3,6,11,39,72,100,135.02499999999986
AC,47,2027-08-29,21,2,4,6,11,40,73,101,137.12499999999932
AC,48,2027-09-05,23,2,4,6.900000000000006,12,44,75,102,139
AC,49,2027-09-12,26,3,5,8,14,48,86,114.04999999999995,152.02499999999986
AC,50,2027-09-19,29,3,5,8,15,56,97.10000000000014,134.0999999999999,184
AC,51,2027-09-26,34,4,6,9,17,64,106.10000000000014,144.0999999999999,213.0749999999996
AC,52,2027-10-03,40,5,7,11,20,77,128.10000000000014,180.0999999999999,253
AL,1,2026-10-11,108,14.975000000000001,20,29,53,226,441.2000000000003,654.2999999999997,987.1249999999993
AL,2,2026-10-18,98,12,17,24.900000000000006,50,213.25,452.40000000000055,643,929.0999999999995
AL,3,2026-10-25,90,10,16,23,45,195,395.2000000000003,581.2499999999998,908.4499999999921
AL,4,2026-11-01,83,11,15,21.900000000000006,42,172.25,343.2000000000003,529.1999999999998,818.0249999999999
AL,5,2026-11-08,78.5,8,13,20,39,162,319.3000000000004,491.0999999999999,724.6999999999962
AL,6,2026-11-15,75,8,12,20,36.75,153,293.10000000000014,466.04999999999995,656.0749999999996
AL,7,2026-11-22,66,8,12,18,34,137,262,408.14999999999986,572.0999999999995
AL,8,2026-11-29,62,7,10,16,31.75,127,257.2000000000003,402.0999999999999,600.0499999999997
AL,9,2026-12-06,60,7,10,15,29,125,255,398.14999999999986,599
AL,10,2026-12-13,56,6,10,15,28,120,230,352,477.29999999999836
AL,11,2026-12-20,54,6,10,14,26,111,208.10000000000014,309.04999999999995,459.02499999999986
AL,12,2026-12-27,53.5,6,9,14,27,109,218,358,534.2249999999988
AL,13,2027-01-03,55,6.975000000000001,10,15,29,114,232,360,533.1499999999992
AL,14,2027-01-10,57,7,10,15,29,120.25,256.10000000000014,388.1999999999998,589.4499999999975
AL,15,2027-01-17,64,7,11,15,31,131,272.10000000000014,400.2999999999997,610.4749999999974
AL,16,2027-01-24,68.5,6,10.950000000000003,16,32,142,268,413.2999999999997,611.1499999999992
AL,17,2027-01-31,74,7.975000000000001,12,18,36,151,297,481.04999999999995,692.0749999999996
AL,18,2027-02-07,78,9,13,21,39,163,326,498.04999999999995,715.549999999997
AL,19,2027-02-14,84,9,13,21,41,175,351.10000000000014,582.05,819.0499999999997
AL,20,2027-02-21,96,11,16,25,48,193,368.2000000000003,574.05,821.0999999999995
AL,21,2027-02-28,102,13,18,26,50,217.25,417,654.0999999999999,925.1499999999992
AL,22,2027-03-07,115,14,19,29,55,237.25,473.10000000000014,696.0999999999999,1010.5999999999967
AL,23,2027-03-14,119,13,19.950000000000003,29,57,245,494,797.05,1093.0999999999995
AL,24,2027-03-21,130,16,22,33,64,255.5,519.1000000000001,763.4999999999995,1095.1249999999993
AL,25,2027-03-28,135,16,22,34,67,282,582.2000000000003,840.05,1129.4249999999977
AL,26,2027-04-04,151,19,26,40,77,319.5,650.2000000000003,979.6499999999994,1474.0249999999999
AL,27,2027-04-11,165,18,29,44.900000000000006,85,347.25,665.2000000000003,985.6499999999994,1500.0749999999996
AL,28,2027-04-18,178.5,22,33,47,90,367.5,733.2000000000003,1032.1,1505.7999999999956
AL,29,2027-04-25,194,22,33,51,97,409.25,749.8000000000011,1206.2499999999998,1664.3749999999925
AL,30,2027-05-02,217,24.975,37,52,101,448.25,891.2000000000003,1287.1999999999998,2117.1499999999996
AL,31,2027-05-09,225,27,40.95,64,117,476.75,944.5000000000007,1442.1999999999998,2062.549999999997
AL,32,2027-05-16,242.5,30,42,65,119.75,502.5,977.6000000000008,1457.1499999999999,2390.149999999999
AL,33,2027-05-23,266,30,46,71,132,544.25,996.3000000000004,1569.1499999999999,2354.5999999999967
AL,34,2027-05-30,270,37,50.95,72,137,586.5,1083.1000000000001,1608.1999999999998,2598.174999999994
AL,35,2027-06-06,272.5,37.975,53,75.9,143,568,1071,1744.3999999999996,2728.2249999999985
AL,36,2027-06-13,289,36,49,74,140,574,1109.1000000000029,1773.05,2437.424999999998
AL,37,2027-06-20,282,36,50,72.9,135,600.25,1184.4000000000005,1797.9499999999991,2666.399999999998
AL,38,2027-06-27,293,32.975,50,76,148,574,1137.1000000000001,1738.7999999999993,2485.624999999997
AL,39,2027-07-04,289,32,49,73,140,584,1163.5000000000007,1729.2999999999997,2392.1749999999993
AL,40,2027-07-11,274.5,30,48,70,138,563.25,1127.5000000000007,1703.1,2532.4749999999976
AL,41,2027-07-18,264,33.975,47,70,129.75,541.25,1029.1000000000001,1495.2999999999997,2350.0999999999995
AL,42,2027-07-25,250,31.975,44.95,65,125,528.25,1069.1000000000001,1660.05,2413.4999999999973
AL,43,2027-08-01,246,28,42,64,121.75,491.25,947.2000000000003,1452.2499999999998,2277.5999999999967
AL,44,2027-08-08,230,28,37.95,56.900000000000006,112,463.25,896.3000000000004,1437.7499999999993,2237.05
AL,45,2027-08-15,213.5,23,34,52,103,423.25,833.2000000000003,1302.3499999999997,1803.374999999998
AL,46,2027-08-22,189,22.975,34,50.900000000000006,97,381.25,726.2000000000003,1092.3499999999997,1616.0749999999996
AL,47,2027-08-29,169,21,30,45.900000000000006,86,371,702,1044.8999999999992,1564.374999999998
AL,48,2027-09-05,158,16,25,39,79,325,630.1000000000001,949.3999999999996,1566.8249999999955
AL,49,2027-09-12,150,14,23,38,72,312.25,595.1000000000001,890.05,1229.2749999999985
AL,50,2027-09-19,129,16,22,33,67.75,277,537.1000000000001,841.1499999999999,1218.0499999999997
AL,51,2027-09-26,124,15.975000000000001,21,30,60,254,502.40000000000055,803.0999999999999,1159.174999999999
AL,52,2027-10-03,115,13.975000000000001,20,31,60,240.25,466.2000000000003,690.1999999999998,959.0249999999999
AM,1,2026-10-11,57.5,12.975000000000001,16,22,36,97,158,218.04999999999995,307.1249999999993
AM,2,2026-10-18,59,12,17,23,36,102,169,234,305.02499999999986
AM,3,2026-10-25,61,12,17,22,38,100,167.10000000000014,223.0999999999999,299.0749999999996
AM,4,2026-11-01,63,12,17,24,38,106,171,240,336.02499999999986
AM,5,2026-11-08,66,14,19,25,39,107,174,238.0999999999999,329.0499999999997
AM,6,2026-11-15,69,15.975000000000001,20,26,43,112,177.10000000000014,245.04999999999995,356.3499999999981
AM,7,2026-11-22,72,16,20,27,42,119,186.10000000000014,241,332.0499999999997
AM,8,2026-11-29,75,16,22,30,47,127,196,275.0999999999999,392
AM,9,2026-12-06,82.5,19,24,31,49,132.25,204,288,361.1999999999989
AM,10,2026-12-13,86,20,25,34,52,140,211,276.0999999999999,394.24999999999864
AM,11,2026-12-20,92,20,26,34,56,148,241,315.04999999999995,396
AM,12,2026-12-27,99,23,30,39,61,164,251,326,445.02499999999986
AM,13,2027-01-03,108,23,31,41,65,176,270,365,486
AM,14,2027-01-10,116,27,36,47,73,184,299.10000000000014,400.04999999999995,521.0249999999999
AM,15,2027-01-17,124.5,30,39,51,79,206,329.10000000000014,419,517.0249999999999
AM,16,2027-01-24,135,32.975,41,56,84.75,218,328,424.04999999999995,584.0749999999996
AM,17,2027-01-31,143,34,44,58,90,234,373.10000000000014,483,621.3249999999982
AM,18,2027-02-07,145,34,45,61,90,226.25,365,503.04999999999995,623.0499999999997
AM,19,2027-02-14,145,37,47,60,93,235.25,384,526.05,693.0999999999995
AM,20,2027-02-21,148,36,44,60,92,240,389,513.05,643.3249999999982
AM,21,2027-02-28,146,36,46,59.900000000000006,91.75,230.25,373.10000000000014,493.2499999999998,628.0499999999997
AM,22,2027-03-07,146,33,44,57,89.75,232,353.40000000000055,470.04999999999995,612.0999999999995
AM,23,2027-03-14,137.5,31,41.95,55,84,224,351,449.2999999999997,612
AM,24,2027-03-21,132,32,41,53.900000000000006,82,215,323,436.04999999999995,599.0999999999995
AM,25,2027-03-28,124.5,28.975,38,50,77,200,307,405.14999999999986,506.09999999999945
AM,26,2027-04-04,118,29.975,37,49,73,193.25,296,400.04999999999995,511
AM,27,2027-04-11,114,28,36,46,71,181.25,288.10000000000014,384.1999999999998,505.0749999999996
AM,28,2027-04-18,107,23,30,40,68,169,260.10000000000014,361.04999999999995,493.0749999999996
AM,29,2027-04-25,98,23.975,29.950000000000003,41,61,159,247.10000000000014,323.04999999999995,446.02499999999986
AM,30,2027-05-02,93,21,28,37,57,151,240,316,410.09999999999945
AM,31,2027-05-09,88,20,25.950000000000003,33,54,140,219.10000000000014,286.04999999999995,380.0749999999996
AM,32,2027-05-16,80.5,17,23,31,49,128,198.10000000000014,284.14999999999986,361.0749999999996
AM,33,2027-05-23,76,17,22,30,47,125.25,198.10000000000014,253.04999999999995,325.02499999999986
AM,34,2027-05-30,70,16,20,26,43,109,175.10000000000014,237.04999999999995,335.0499999999997
AM,35,2027-06-06,66,14,18,24,39,109,170.10000000000014,232.04999999999995,315.09999999999945
AM,36,2027-06-13,62,14,18,24,38,101,162,212,271.0499999999997
AM,37,2027-06-20,58,14,17,23,36,97,151.10000000000014,203,272
AM,38,2027-06-27,57,11,15,21,35,91.25,142.10000000000014,188,250
AM,39,2027-07-04,53,12,15,20,33,88.25,136.10000000000014,184,253.0749999999996
AM,40,2027-07-11,55,11,15,20,32,87,134,182,235.0749999999996
AM,41,2027-07-18,50,11,15,20,31,80,129.10000000000014,176,228
AM,42,2027-07-25,50,9,13,18,29,80,122,160.04999999999995,219.04999999999973
AM,43,2027-08-01,48.5,10,13,17,29,77,122,153,203.02499999999986
AM,44,2027-08-08,47,10,13,18,29,76,121,169,217.02499999999986
AM,45,2027-08-15,46,10,14,18,28,76,119,164.04999999999995,220.04999999999973
AM,46,2027-08-22,46,9.975000000000001,13,17,27,75,122,166,211
AM,47,2027-08-29,48,10,13,18,29,78,126,176.04999999999995,232.04999999999973
AM,48,2027-09-05,52,10,13,18,30,83,133.10000000000014,188,252.02499999999986
AM,49,2027-09-12,54,10.975000000000001,14,19,32,88.25,143,190,283.0749999999996
AM,50,2027-09-19,55,10,15,21,34,93,152.10000000000014,211,302.09999999999945
AM,51,2027-09-26,58,12,16,22,35,97,155,229.04999999999995,299.02499999999986
AM,52,2027-10-03,61,12,16,23,37,99,164,220,315.02499999999986
AP,1,2026-10-11,9,0,0,1,4,26,61,114,190.1999999999989
AP,2,2026-10-18,9,0,0,1,3,24,58,109,168.14999999999918
AP,3,2026-10-25,8,0,0,1,3,21,54,98.09999999999991,154.02499999999986
AP,4,2026-11-01,8,0,0,1,2,20,52,95.04999999999995,152.12499999999932
AP,5,2026-11-08,7,0,0,1,2,17,40.100000000000136,73.04999999999995,119.07499999999959
AP,6,2026-11-15,6,0,0,0,2,15,39,68,122
AP,7,2026-11-22,5,0,0,0,2,14,35,68,105.02499999999986
AP,8,2026-11-29,5,0,0,0,2,14,34,60,104.02499999999986
AP,9,2026-12-06,5,0,0,0,2,13,33,62.09999999999991,101.09999999999945
AP,10,2026-12-13,5,0,0,0,1.75,14,35.100000000000136,62.049999999999955,108.02499999999986
AP,11,2026-12-20,6,0,0,0,2,16,38,67.04999999999995,112.09999999999945
AP,12,2026-12-27,8,0,0,1,2,19,45,89.04999999999995,144.0749999999996
AP,13,2027-01-03,9,0,0,1,3,24,62.100000000000136,107,169.04999999999973
AP,14,2027-01-10,12,0,1,1,4,31,82.10000000000014,140.19999999999982,257
AP,15,2027-01-17,15,0,1,1,5,41,98.10000000000014,164,275.02499999999986
AP,16,2027-01-24,17,0,1,2,6,44,108.10000000000014,199.04999999999995,341.1499999999992
AP,17,2027-01-31,20,0,1,2,7,50,123.10000000000014,239.19999999999982,433.17499999999905
AP,18,2027-02-07,21,0,1,3,7,54,145.10000000000014,246.0999999999999,429.02499999999986
AP,19,2027-02-14,22,0,1,3,8,58,137,234.04999999999995,406.3499999999981
AP,20,2027-02-21,23,1,1,3,8,59,151.10000000000014,276,451.02499999999986
AP,21,2027-02-28,24,0,1,3,8,58,139,291.14999999999986,539.0499999999997
AP,22,2027-03-07,23,0,1,3,8,58,141.10000000000014,260.2499999999998,437.57499999999686
AP,23,2027-03-14,22,0,1,3,8,55,135,258.0999999999999,449.02499999999986
AP,24,2027-03-21,20,0,1,2,7,52,122.20000000000027,213.04999999999995,405.17499999999905
AP,25,2027-03-28,19,0,1,2,7,50,117.10000000000014,198.04999999999995,324.02499999999986
AP,26,2027-04-04,18,0,1,2,6,47.25,114,209.34999999999968,359.1499999999992
AP,27,2027-04-11,17,0,1,2,6,45,113.10000000000014,196.04999999999995,329.09999999999945
AP,28,2027-04-18,16,0,1,2,6,44,96,186,327.3999999999978
AP,29,2027-04-25,15,0,1,2,5,39,95,182,299.0749999999996
AP,30,2027-05-02,14,0,1,2,5,38,96.10000000000014,169.0999999999999,318
AP,31,2027-05-09,13,0,0,1,5,34,92.10000000000014,154,250.02499999999986
AP,32,2027-05-16,13,0,0.9500000000000028,2,4,33,81,145,232.52499999999714
AP,33,2027-05-23,12,0,0,1,4,32,72,132.04999999999995,237.0749999999996
AP,34,2027-05-30,12,0,0,1,4,30,71.10000000000014,122.04999999999995,207.02499999999986
AP,35,2027-06-06,10,0,0,1,4,30,70,122.04999999999995,213.2749999999985
AP,36,2027-06-13,11,0,0,1,4,27,66.10000000000014,124,207.04999999999973
AP,37,2027-06-20,10,0,0,1,3,27,63.100000000000136,104.09999999999991,181.22499999999877
AP,38,2027-06-27,10,0,0,1,3,26,61.100000000000136,118,181.0749999999996
AP,39,2027-07-04,10,0,0,1,3,25,61,105.14999999999986,176.0749999999996
AP,40,2027-07-11,10,0,0,1,3.75,26,62,108.09999999999991,175.12499999999932
AP,41,2027-07-18,10,0,0,1,3,25,61,106.09999999999991,172.09999999999945
AP,42,2027-07-25,11,0,0,1,3,26,60,118,183.0749999999996
AP,43,2027-08-01,11,0,0,1,4,28,68,119,203.04999999999973
AP,44,2027-08-08,12,0,0,1,4,29,73,137.19999999999982,233.02499999999986
AP,45,2027-08-15,12,0,0,1,4,32,80,148,257.09999999999945
AP,46,2027-08-22,12,0,0.9500000000000028,1,4,32,81.10000000000014,142.0999999999999,262.02499999999986
AP,47,2027-08-29,13,0,0,1,4,33,74,144.24999999999977,253.02499999999986
AP,48,2027-09-05,12,0,0,1,4,30,78,149,251.04999999999973
AP,49,2027-09-12,12,0,0,1,4,30,76,136.0999999999999,241.04999999999973
AP,50,2027-09-19,10,0,0,1,4,30,73.10000000000014,138.0999999999999,232.17499999999905
AP,51,2027-09-26,11,0,0,1,4,27,66,117.04999999999995,193.02499999999986
AP,52,2027-10-03,10,0,0,1,3,28,61.100000000000136,129.04999999999995,189.04999999999973
BA,1,2026-10-11,319.5,103,125,152,212,485,756,1059,1423.4249999999977
BA,2,2026-10-18,317,101.975,120,150.9,216,488,767.6000000000008,1089.1999999999998,1410.5249999999971
BA,3,2026-10-25,312,99.975,123,149,213,493,794.1000000000001,1085.05,1520.0999999999995
BA,4,2026-11-01,325.5,106.95000000000002,124,151.9,211,495,778.1000000000001,1114.05,1531.0499999999997
BA,5,2026-11-08,320,107.975,127,157,217,501.25,796.3000000000004,1089.3499999999997,1523.1249999999993
BA,6,2026-11-15,327.5,106.97500000000001,129,157.9,218,512.25,782.1000000000001,1102.05,1515.2499999999986
BA,7,2026-11-22,335,111,132.95,167,225.75,531.25,847.3000000000004,1157.1,1566.2249999999988
BA,8,2026-11-29,349,114.95000000000002,134.95000000000002,164,232.75,542,837,1160.1999999999998,1532.0499999999997
BA,9,2026-12-06,357,112.975,137,172,239,563.25,852.3000000000004,1188.1,1571.924999999995
BA,10,2026-12-13,365.5,125,147.95,183,254,561,867,1162.05,1615.274999999993
BA,11,2026-12-20,392,124,147,182.9,256,617.25,939.1000000000001,1327.5999999999995,1788.349999999998
BA,12,2026-12-27,420.5,143.975,169.95,208,292,665,1028,1405.4999999999995,1987.0749999999996
BA,13,2027-01-03,485,164,192.95,235,328,749.25,1167.6000000000008,1586.8499999999992,2000.0249999999999
BA,14,2027-01-10,557,192,232,276,386,865,1321.2000000000003,1828.9499999999982,2606.2749999999933
BA,15,2027-01-17,664.5,236,273,325,446,1017,1582.2000000000003,2127.2,2903.9749999999945
BA,16,2027-01-24,765.5,281.97499999999997,328,395.70000000000005,541,1184.25,1821.1000000000001,2407.6499999999987,3389.4999999999973
BA,17,2027-01-31,921.5,323.95,384.95,462.70000000000005,640.75,1382,2231.1000000000004,3108.2,4143.424999999992
BA,18,2027-02-07,1081,372.95,441.79999999999995,533.9,738,1624.25,2560.1000000000004,3619.449999999999,4827.84999999999
BA,19,2027-02-14,1246,428.975,515.95,626.9000000000001,859,1867,3031.0000000000014,4043.7999999999993,5209
BA,20,2027-02-21,1415.5,489.97499999999997,576,695.9,959.75,2172,3351.2000000000016,4425.25,5533.399999999998
BA,21,2027-02-28,1574,532.975,631,779.5,1065.75,2385,3606.4000000000005,4897.0999999999995,6901.049999999988
BA,22,2027-03-07,1661,593.9000000000001,676.9,839.9,1161,2437.5,3855.3000000000006,5383.799999999999,6952.274999999999
BA,23,2027-03-14,1790,610.9749999999999,732.9,886.9000000000001,1207,2726.75,4241.600000000002,5456.999999999998,6734.074999999989
BA,24,2027-03-21,1830,641.975,755,919.8,1249.5,2785.5,4285.4000000000005,5835.3,7822.749999999969
BA,25,2027-03-28,1876.5,685.875,786.85,954.8000000000001,1312,2859.75,4406.100000000003,5741.699999999998,8114.074999999967
BA,26,2027-04-04,1948,685.8499999999999,787.9499999999999,959.8,1342.25,2925.25,4600.300000000005,6195.5,7764.249999999983
BA,27,2027-04-11,1975,656.9,788.75,980.2,1384,2936.5,4530.400000000003,6020.25,7420.025
BA,28,2027-04-18,1914.5,676.875,817,974.8000000000001,1319.5,2936,4518.500000000001,6027.149999999999,8373.125
BA,29,2027-04-25,1886,658.9749999999999,779.9000000000001,945.9,1316,2877.25,4440.7000000000035,6232.299999999999,7872.524999999997
BA,30,2027-05-02,1860.5,659.9,762,918,1274,2801.75,4140.3,5472,6694.874999999978
BA,31,2027-05-09,1733,633.9,742.9499999999999,902.7,1218.75,2723.75,3960.9000000000015,5205.399999999999,7058.249999999987
BA,32,2027-05-16,1637,546.8499999999999,639.9,799.9,1129.75,2502.75,3739.4000000000005,4959.449999999997,6562.449999999986
BA,33,2027-05-23,1475,543,641,763.9,1024.75,2195.25,3351.700000000001,4673.149999999999,6267.074999999994
BA,34,2027-05-30,1348,495,576.8000000000001,683.7,937.75,2037,3076.0000000000027,4038.7999999999993,4994.749999999985
BA,35,2027-06-06,1238.5,422,507.95,595.9,834.75,1867.75,2825.5000000000005,3559.35,4875.574999999997
BA,36,2027-06-13,1088.5,372.9,450.70000000000005,540.8,727,1627.5,2426.7000000000007,3323,4482.599999999997
BA,37,2027-06-20,940.5,334.97499999999997,403.95,481,663.75,1438.5,2169,2971.449999999999,4155.199999999999
BA,38,2027-06-27,839.5,289.95,354.75,425.9,576,1271.5,1915.700000000001,2645.649999999999,3593.4749999999976
BA,39,2027-07-04,748.5,259.95,304.9,370.80000000000007,514,1144.5,1743,2358.0999999999985,3180.7999999999956
BA,40,2027-07-11,679.5,230,273.9,327,458.75,1039.25,1647.2000000000003,2232.45,3015.249999999993
BA,41,2027-07-18,602,203.975,242,291,411,932.25,1413.5000000000007,1918.3999999999996,2583.7749999999955
BA,42,2027-07-25,547.5,197,227.8,276,373,838.5,1347.5000000000007,1945.1499999999999,2506.149999999999
BA,43,2027-08-01,499,163,192.95,236.9,336,783.25,1226.5000000000007,1655,2312.049999999994
BA,44,2027-08-08,463.5,148.975,181.95,226,312.75,696,1089.700000000001,1475.1,1989.7749999999903
BA,45,2027-08-15,421,140.975,169,203.9,288,649,1044.1000000000001,1352.2999999999997,2041.0999999999995
BA,46,2027-08-22,396,134.97500000000002,159,187,264.75,617.25,967.6000000000008,1294.2499999999998,1806.4999999999973
BA,47,2027-08-29,362,113.975,138,176,244,558.25,876.2000000000003,1173.05,1598.1499999999992
BA,48,2027-09-05,344,122,139.95,166,228,529,848.2000000000003,1183,1596.8749999999952
BA,49,2027-09-12,334,112,130,158,224,520,813.3000000000004,1127.1999999999998,1468.5249999999971
BA,50,2027-09-19,322,104.94999999999999,124.95,154,218,494.25,792.2000000000003,1104.1499999999999,1435
BA,51,2027-09-26,317,102.97500000000001,126,152,214,501.25,780.1000000000001,1057.3999999999996,1377
BA,52,2027-10-03,318,103,124.95,151.9,215,478,767.1000000000001,1012.0999999999999,1450.199999999999
CE,1,2026-10-11,126,34,42.95,52,79,202.25,316,429.04999999999995,579.2499999999986
CE,2,2026-10-18,114.5,32,39,50,73,184,290.10000000000014,400.04999999999995,568.3499999999981
CE,3,2026-10-25,111,30,38,48,69,178,286.10000000000014,414.0999999999999,615.3499999999981
CE,4,2026-11-01,108,29,37,47.900000000000006,71,178,287.10000000000014,420.2499999999998,627.2499999999986
CE,5,2026-11-08,106,31,37,45,69,176,293,429.04999999999995,603.0999999999995
CE,6,2026-11-15,108,29,36,46,68,177.25,297,408.1999999999998,596.2499999999986
CE,7,2026-11-22,110,28,35,46,70,175.25,306,398,529.1499999999992
CE,8,2026-11-29,105,26,32,41,64,168,282.10000000000014,417.0999999999999,609.0749999999996
CE,9,2026-12-06,97,26,33,42,63,159,272.10000000000014,384.2999999999997,559.0499999999997
CE,10,2026-12-13,95,25,30,39,59,154,259,379.04999999999995,532.1999999999989
CE,11,2026-12-20,92,24,30,38.900000000000006,58,149,244,333.04999999999995,477.09999999999945
CE,12,2026-12-27,92,26,32,40,58,156,258.10000000000014,356.04999999999995,480.1499999999992
CE,13,2027-01-03,100,29,36,46,65,163.25,269.10000000000014,388.04999999999995,537.2499999999986
CE,14,2027-01-10,114,34.975,42,52,74,185,308.10000000000014,456.3499999999997,598.0499999999997
CE,15,2027-01-17,136,39,47,59,87,218,347.10000000000014,476.0999999999999,641.174999999999
CE,16,2027-01-24,164,44.975,55,73,106,259,402.10000000000014,569.05,783.0749999999996
CE,17,2027-01-31,197,57,69.95,86,125,303.25,489.10000000000014,643.1499999999999,995.1249999999939
CE,18,2027-02-07,234,71,84,105,157,366,589,828.4499999999996,1142.2249999999988
CE,19,2027-02-14,275.5,88,104.95,130.9,184,434,705.4000000000005,983.2499999999998,1315.1499999999992
CE,20,2027-02-21,327,97,118.95,156,213,516.25,788.1000000000001,1128.4999999999995,1540.4749999999974
CE,21,2027-02-28,383,111,136.95,171.9,250.75,596,969.2000000000003,1339.8499999999992,1886.2249999999988
CE,22,2027-03-07,444,130,161.95,203.9,292,688.25,1121.2000000000003,1552.3499999999997,2167.0499999999993
CE,23,2027-03-14,500,154,183,224,326,777.5,1265.800000000001,1756.3999999999996,2315.5749999999966
CE,24,2027-03-21,545,159,194,247.9,362,851,1328.4000000000005,1859.1999999999998,2545.424999999998
CE,25,2027-03-28,607,178,221,281,398,957.25,1552.2000000000003,2066.25,2729.524999999986
CE,26,2027-04-04,668.5,198.95000000000002,239.85000000000002,302.80000000000007,440,1032,1717.2000000000003,2385.1499999999996,3229.249999999993
CE,27,2027-04-11,736,213.97500000000002,259,324.9,481,1156.25,1873,2661.2499999999995,3828.4249999999975
CE,28,2027-04-18,786,240.975,292.95,359.9,505.75,1258.25,1942.1000000000001,2626.2999999999997,3627.0749999999994
CE,29,2027-04-25,831.5,258.975,308.95,384,539.75,1266.25,2032.4000000000005,2772.999999999999,3914.2999999999984
CE,30,2027-05-02,858,266.975,315,390.80000000000007,572,1354.5,2098.1000000000004,2903.5499999999975,3854.4999999999973
CE,31,2027-05-09,869,266,321.9,394,554,1385.5,2119.500000000001,2927.7999999999993,3833.4749999999976
CE,32,2027-05-16,872.5,276,328.95,414.90000000000003,572,1342.25,2048.2000000000003,2897.1499999999996,3937.574999999997
CE,33,2027-05-23,859,262.97499999999997,316.95,392,564.75,1301.25,2024.4000000000005,2734.6499999999996,3658.7999999999956
CE,34,2027-05-30,807.5,234,299.9,380,537.75,1252.25,1941.1000000000001,2559.7499999999995,3188.199999999999
CE,35,2027-06-06,760.5,226.97500000000002,277.90000000000003,354,509,1187,1820.800000000001,2502.9999999999973,3461.4999999999973
CE,36,2027-06-13,707,212.975,266.95000000000005,331,473,1111.25,1763.4000000000005,2366.2999999999997,3309.249999999999
CE,37,2027-06-20,639,208.95,250.95000000000002,308.9,435,1014,1581.4000000000005,2125.05,2853.05
CE,38,2027-06-27,589,183,217,263,387.75,921,1497.2000000000003,1959.1,2918.5999999999967
CE,39,2027-07-04,551,166,198,249,366,849,1301,1767.05,2593.574999999997
CE,40,2027-07-11,503,153.975,179,227,336,772.5,1205.5000000000007,1675.9499999999991,2257.7499999999905
CE,41,2027-07-18,452,131.975,163.95,205,295.75,710,1096,1520.2499999999998,2022.3249999999982
CE,42,2027-07-25,421,116,147.95,185,276.75,645,1019.2000000000003,1367.1499999999999,1794.8749999999952
CE,43,2027-08-01,385,111,142.95000000000002,173,245,603,941.1000000000001,1301.2499999999989,1824
CE,44,2027-08-08,348.5,94.97500000000001,117.95,152.9,225,543.25,892.4000000000005,1184,1656.899999999995
CE,45,2027-08-15,300.5,85,105,133,194.75,489,795.3000000000004,1101,1669.2499999999986
CE,46,2027-08-22,270,78,95,122,179,430,694.1000000000001,961,1238.749999999996
CE,47,2027-08-29,240,71,86,108,155,382,597.1000000000001,802.1499999999999,1110.2499999999986
CE,48,2027-09-05,216,59,74.95,93,140,340,526,702.4499999999996,1043.0749999999996
CE,49,2027-09-12,186.5,51,64.95,81,121,304,483.2000000000003,651.05,855.0499999999997
CE,50,2027-09-19,171,47,57,73,106,270,427.10000000000014,597.0999999999999,841.0999999999995
CE,51,2027-09-26,150.5,40.975,52,66,96,243.25,379.2000000000003,521,730.0249999999999
CE,52,2027-10-03,130,39,47,59,87,215.25,340,469,653.2249999999988
DF,1,2026-10-11,107,5,8,15,39,269,606,1133.6499999999994,2017.3999999999924
DF,2,2026-10-18,107,5,8,16,41,278.25,648.4000000000005,1204.7499999999993,2023.2499999999932
DF,3,2026-10-25,116,5,9,16,42,291,689,1266.1999999999998,2079.2249999999985
DF,4,2026-11-01,117,5,10,17,43.75,314,802.2000000000016,1458.4999999999995,2511.724999999996
DF,5,2026-11-08,130,6,9,18,47,334,776.700000000001,1376.5499999999995,2494.749999999996
DF,6,2026-11-15,132.5,6,11,20,50,356.25,805,1402.099999999999,2335.524999999997
DF,7,2026-11-22,146,7,12,23,55,374,847.1000000000001,1532.7999999999993,2574
DF,8,2026-11-29,161,7,13,23,57,414.25,1006.6000000000022,1626.2499999999998,3021.3249999999985
DF,9,2026-12-06,169,8,14,26,63,442.25,1035.9000000000012,1866.199999999997,3254.0249999999887
DF,10,2026-12-13,185.5,9,13.950000000000003,26,73,509.5,1272.1000000000001,2262.2,3502.124999999999
DF,11,2026-12-20,212,8,15,32,77.75,545.25,1346.3000000000018,2519.1000000000004,3905.174999999994
DF,12,2026-12-27,248,11,19,34.900000000000006,94,631,1599.2000000000003,2681.749999999998,4444.249999999993
DF,13,2027-01-03,294.5,12.950000000000003,22.950000000000003,45,107.75,765.25,1809.9000000000012,3280.6499999999996,5524.399999999987
DF,14,2027-01-10,340,12.975000000000001,24,45,121.75,881.25,2090.500000000001,3757.7999999999956,6936.924999999989
DF,15,2027-01-17,420.5,17.975,31,55,150,1042.75,2517.800000000004,4510.35,8287.84999999999
DF,16,2027-01-24,463.5,24.950000000000003,40,70,173,1187.5,2883.1000000000004,4684.45,8842.82499999999
DF,17,2027-01-31,510,25.975,43,75,197.75,1362.25,3333.3,5914.799999999996,9561.57499999992
DF,18,2027-02-07,594,22.975,40.95,76,217,1570.5,3692.7000000000007,7211.149999999999,11032.199999999988
DF,19,2027-02-14,613,25,48,91.9,224,1565.5,3851.700000000001,6983.4,12285.149999999989
DF,20,2027-02-21,701,29.975,57,103.9,251,1804.5,4213.900000000002,7046.8499999999995,11916.224999999971
DF,21,2027-02-28,731,36.975,56,102.9,267,1909.25,4409.800000000003,7938.349999999998,13003.974999999973
DF,22,2027-03-07,756.5,37,61,103.9,274,1930.25,4499.100000000001,8441.099999999999,13781.349999999988
DF,23,2027-03-14,795,35,61.95,105.9,296,1944.5,4500.40000000001,8090.349999999998,13892.349999999933
DF,24,2027-03-21,765,31,62,108,294.75,2013.25,4808.6,8695.699999999999,13436.05
DF,25,2027-03-28,757,33,60,107.9,279,1881.5,4981.100000000001,8604.8,13287.174999999994
DF,26,2027-04-04,769,37.95,62.95,117,289,2150.5,4951.4000000000005,8733.05,15087.124999999993
DF,27,2027-04-11,782,39,67.95,123,288,2080.5,4678.400000000005,8760.199999999997,14353.12499999997
DF,28,2027-04-18,795,33,54.95,113.9,294.25,2032.75,4438.900000000002,8188.299999999999,14881.97499999999
DF,29,2027-04-25,764,33.95,65.95,112.9,281,2054.75,4784.100000000002,8484.599999999999,15797.249999999927
DF,30,2027-05-02,750.5,39,63,109.9,283,1873,4563.500000000001,8551.1,14010.349999999917
DF,31,2027-05-09,745,32,55.95,99,272.75,1844.25,4513.5,8044.5,12261.89999999999
DF,32,2027-05-16,708.5,32.975,59,103,258.75,1785.75,4485.3,8111.4,12361.099999999933
DF,33,2027-05-23,648,27,49,93.9,240,1658,3941.3000000000047,6397.25,10834.874999999996
DF,34,2027-05-30,563.5,24.975,44.900000000000006,77.9,206,1465.25,3702.5000000000036,6552.549999999999,10326.424999999992
DF,35,2027-06-06,507,24,41,71,175,1279.25,3039.1000000000013,5346.949999999999,8875.774999999985
DF,36,2027-06-13,402,19,32.95,59.900000000000006,144,1058,2562.9000000000024,4109.749999999999,7386.349999999971
DF,37,2027-06-20,329.5,16,28.950000000000003,49,122,818.5,1981.4000000000033,3627.3,5990.074999999999
DF,38,2027-06-27,255.5,11,19.950000000000003,37,101,683,1607.9000000000026,2921,5480.049999999984
DF,39,2027-07-04,208,12,19.950000000000003,32,75.75,548,1305.2000000000016,2385.699999999999,3980.424999999992
DF,40,2027-07-11,172,8,13,26,66,443,996.4000000000019,1907.1999999999998,3056.5999999999967
DF,41,2027-07-18,140,6,11,20,53,358.25,829.8000000000011,1500.1499999999999,2504.549999999997
DF,42,2027-07-25,119,5,9,18,44,320.25,769.4000000000005,1356.4499999999996,2390.899999999995
DF,43,2027-08-01,113,5,9,16,41,292.25,693.1000000000001,1173.5999999999995,1984.0749999999941
DF,44,2027-08-08,100.5,3.9750000000000014,7,14,37.75,256.5,709.3000000000004,1208.2499999999998,2188.075
DF,45,2027-08-15,99,4,7,13,37,238,591.1000000000001,1149,1935.1499999999992
DF,46,2027-08-22,97,5,7,14,34,246.25,591.3000000000004,987.4999999999995,1818.6749999999963
DF,47,2027-08-29,98,4,8,14,37,253.25,643,1018,1724.9499999999948
DF,48,2027-09-05,99,3.9750000000000014,8,15,35,257.25,585,1044.1499999999999,1865.374999999998
DF,49,2027-09-12,96,4,7,15,38,244,662.3000000000004,1055.05,1694.3999999999978
DF,50,2027-09-19,104,4,7,15,36,260,607.1000000000001,1185.8499999999992,1959.2999999999984
DF,51,2027-09-26,100.5,4,8,15,37,256.25,655,1216,2000.749999999996
DF,52,2027-10-03,110,5,8,15,43,264.25,639.6000000000008,1118,1748.374999999998
ES,1,2026-10-11,211,23.975,36,53,106,448.5,886.1000000000001,1461.1499999999999,2556.6249999999964
ES,2,2026-10-18,247,27.975,41,63,119.75,494,992.3000000000004,1659.3999999999987,3020.8749999999895
ES,3,2026-10-25,269,30,47,72,134,535.25,1122.9000000000012,1954.1499999999999,3475.199999999977
ES,4,2026-11-01,303,35.975,53,80,147,621.5,1312.5000000000007,2168.2999999999997,3386.899999999995
ES,5,2026-11-08,339,33,56.95,89,167.75,685,1391.1000000000001,2074.2999999999997,3330.2749999999933
ES,6,2026-11-15,385,47,67,102,197,805.25,1700.5000000000007,2936.699999999999,4821.574999999992
ES,7,2026-11-22,434,56,78.9,110.9,213,920.5,1847.1000000000001,2896.3999999999996,5116.049999999994
ES,8,2026-11-29,466,54.975,80,116,239,991,1989.1000000000015,3372.0499999999984,5871.399999999998
ES,9,2026-12-06,538.5,59,87.95,133,255.75,1155.25,2243.9000000000015,3530.7999999999993,6920.499999999997
ES,10,2026-12-13,575,70.97500000000001,103,159,290.75,1197,2426.600000000002,3757.7999999999984,6204.5999999999585
ES,11,2026-12-20,622.5,79,115,162,313,1326.5,2713.800000000001,4564.4,7505.674999999991
ES,12,2026-12-27,676.5,86.97500000000001,122.95,187,352,1406.25,3041.3,4895.65,6669.524999999986
ES,13,2027-01-03,740,99.975,132.95,196,375,1510,3141.4000000000005,5454.699999999998,8734.274999999983
ES,14,2027-01-10,805.5,93,139.95,217,404.75,1655.25,3252.600000000002,5668.5999999999995,9258.949999999963
ES,15,2027-01-17,885,118,152,225,450.5,1902.75,3872.7000000000007,6260.299999999999,9614.099999999993
ES,16,2027-01-24,974,122,177.95,257.8,475.75,1954.25,3990.2000000000003,6282.8499999999985,11258.399999999998
ES,17,2027-01-31,1027.5,123,165.85000000000002,245.9,496.5,2035.5,4302.100000000006,7533.449999999995,12242.224999999944
ES,18,2027-02-07,1113.5,142.97500000000002,191,290,539.5,2316.25,4621.800000000005,7421.8499999999985,11914.149999999994
ES,19,2027-02-14,1178,155.95,220,310,604.25,2318.75,4722.5,7905.299999999999,13761.124999999995
ES,20,2027-02-21,1257,156.975,233.9,348.6,640.75,2562.25,5223.000000000003,8262,13152.574999999953
ES,21,2027-02-28,1317,160.95,230,356.9,678.75,2702,5474.6,9447.099999999999,13110.474999999991
ES,22,2027-03-07,1297,131,198,328.7,613.75,2754,5360.500000000001,9624.549999999997,17064.874999999996
ES,23,2027-03-14,1333,155.975,225.95,340,667.75,2851.25,5242.600000000002,8806.849999999997,12299.799999999974
ES,24,2027-03-21,1274,164.9,233.95,357,663,2672.75,5541.700000000001,9040.249999999998,14186.599999999986
ES,25,2027-03-28,1326,176.975,245.9,352,696,2688,5585.3,8954.999999999998,15730
ES,26,2027-04-04,1301,155,218.90000000000003,351,657,2762.5,5361.300000000005,9130.299999999994,16454.524999999954
ES,27,2027-04-11,1311,147.95,216.85,326.80000000000007,626,2463.25,4908.100000000002,8042.0499999999965,13103.17499999994
ES,28,2027-04-18,1248,136.95,204.89999999999998,296.9,582.75,2370.25,4853.3,7696.9,11614.224999999984
ES,29,2027-04-25,1128,139.975,205,302,564.5,2255.5,4613.900000000002,7397.049999999999,13554.39999999997
ES,30,2027-05-02,1090.5,123.975,185.95,277.9,545,2167,4291.100000000001,6924.2,11460.424999999976
ES,31,2027-05-09,993,118,179.95,261,497.75,1956.25,4058.000000000001,6727.0499999999975,11466.674999999936
ES,32,2027-05-16,969.5,118.92500000000001,168.95,251.9,459.5,1915.25,3879.5000000000045,6258.0999999999985,10712.224999999993
ES,33,2027-05-23,830.5,93,136.95,217,430,1727,3529.600000000002,5524.199999999995,9494.624999999996
ES,34,2027-05-30,749.5,78.97500000000001,129,194,370.75,1538.25,3028.900000000003,4773.25,7594.899999999984
ES,35,2027-06-06,633,91.95,125,183,322,1368.25,2695.9000000000015,4268.2,6834.4499999999925
ES,36,2027-06-13,595.5,70.95000000000002,101.95,150,285,1207.5,2387.9000000000015,3693.849999999999,5871.149999999999
ES,37,2027-06-20,513.5,61,92,133.9,254,1052,2162.9000000000024,3275.6999999999985,5056.124999999988
ES,38,2027-06-27,436.5,53,77,115.80000000000001,220,907.75,1856.1000000000001,2941.2999999999993,4129.349999999993
ES,39,2027-07-04,388,46.975,67.9,100.9,186.75,780,1569.2000000000016,2420.05,4057.1749999999993
ES,40,2027-07-11,331,42,58,85,166,671.25,1327.3000000000018,2191.3999999999996,3659.87499999999
ES,41,2027-07-18,290,34.975,50,77.9,146,575.5,1186.1000000000001,1991.1999999999998,3008.074999999994
ES,42,2027-07-25,257,30.975,45.95,68,127.75,529.25,1135.1000000000001,1724.1499999999999,2482.075
ES,43,2027-08-01,221,28,38,59,112,451.25,972.3000000000004,1561.4499999999996,2550.099999999994
ES,44,2027-08-08,200,25,33,50.900000000000006,97,411.25,824.2000000000003,1384.2499999999998,2293.8999999999896
ES,45,2027-08-15,183.5,19,30,46.900000000000006,91,366,745.5000000000007,1282.199999999999,2061.949999999995
ES,46,2027-08-22,164,19,29,43.900000000000006,83,355,735.1000000000001,1125.3499999999997,1824.4749999999974
ES,47,2027-08-29,164,18,26,41.900000000000006,77,350.5,688.1000000000001,1057.2499999999989,1736.374999999998
ES,48,2027-09-05,159,16,24,39,76,318.25,683.5000000000007,1126,1972
ES,49,2027-09-12,155.5,18.975,26,38.900000000000006,72,333.25,679.2000000000003,1122.05,1862.7999999999956
ES,50,2027-09-19,161,18,27,42,79,338,632.1000000000001,1154.2999999999997,1857.0749999999996
ES,51,2027-09-26,176,20.975,29,44,86,365.25,805.1000000000001,1392.6499999999985,2004.549999999997
ES,52,2027-10-03,189,21,31,46,96,387,794.1000000000001,1234.1999999999998,2092.724999999996
GO,1,2026-10-11,667,313.925,346.90000000000003,406,516,878,1134,1312.1,1556.199999999999
GO,2,2026-10-18,675,314,369.95,419.9,518,885,1136.2000000000003,1386.4999999999995,1663.0749999999996
GO,3,2026-10-25,696.5,328,371.95,429,531,923,1208.500000000002,1486.2499999999998,1812.1499999999992
GO,4,2026-11-01,744,348.975,386,449,566,961,1272.1000000000001,1504.1499999999999,1855.549999999997
GO,5,2026-11-08,787.5,367.975,422,486.90000000000003,610,1038,1379.2000000000003,1681.1499999999999,1907.199999999999
GO,6,2026-11-15,863.5,399.975,445.90000000000003,510,654.75,1124,1438.2000000000003,1710.1499999999999,1956.0499999999997
GO,7,2026-11-22,940,441.85,483.95,559,712,1233.25,1595.1000000000001,1879.1,2185.424999999998
GO,8,2026-11-29,984,476.975,530.95,612.9,761,1283,1701.1000000000001,2023.7499999999993,2415.0999999999995
GO,9,2026-12-06,1039.5,485.95000000000005,558.9,636,804.5,1362.5,1759.1000000000001,2128.7999999999993,2520.0249999999996
GO,10,2026-12-13,1089,495.77500000000003,578,668,847,1410,1847.4000000000005,2215.5,2615.1499999999987
GO,11,2026-12-20,1151,535.825,609.9,701,883,1523,2013.3000000000004,2388.25,2822.0499999999997
GO,12,2026-12-27,1305,606.9,694,798.9000000000001,1011.75,1725.5,2245.1000000000004,2716.2,3269.574999999997
GO,13,2027-01-03,1635.5,778,867.8499999999999,995.9,1247.75,2126.5,2789,3336.3999999999996,3934.075
GO,14,2027-01-10,2003.5,957.9,1053.95,1212,1512.75,2609.25,3361.3,4054.25,4983.249999999998
GO,15,2027-01-17,2392,1158.925,1295.7,1474.7,1889,3202,4152.4000000000005,5074.0999999999985,5873.574999999992
GO,16,2027-01-24,2877,1400.875,1547,1743.8,2202.75,3760,4853.4000000000005,5918.1500000000005,7104.299999999993
GO,17,2027-01-31,3341.5,1498,1791,2056,2597.75,4341,5878,7006.749999999998,8264.999999999984
GO,18,2027-02-07,3736,1792.8249999999998,1977.95,2247.5,2862.5,4905.5,6375.4000000000005,7479,8931.724999999997
GO,19,2027-02-14,4005,1917.875,2163,2491.9,3143.75,5299.25,6972.4000000000005,8257.3,9631.474999999971
GO,20,2027-02-21,4282.5,2024.6000000000001,2284.5,2650.9,3344,5672,7330.500000000004,8881.75,10305.374999999987
GO,21,2027-02-28,4513,2127.825,2354.8500000000004,2740,3539,5910.25,7704.500000000002,9138.099999999999,10946.924999999996
GO,22,2027-03-07,4658,2209.875,2502.6,2876.9,3627.25,6166.75,7852.1,9495.099999999999,11496.524999999985
GO,23,2027-03-14,4767,2251.7999999999997,2562.95,2908.9,3658,6282.75,8047.600000000001,9463.55,11379.774999999996
GO,24,2027-03-21,4916,2253.9500000000003,2614.1,3007.4,3805.75,6354.5,8410.800000000001,10117.65,12175.074999999999
GO,25,2027-03-28,5006,2381.975,2690.8500000000004,3047,3806.75,6526.75,8555.2,10140.099999999999,11676.274999999998
GO,26,2027-04-04,5025,2322.975,2580.2500000000005,3055,3882.25,6591,8654.300000000001,10431.55,11744.599999999997
GO,27,2027-04-11,4904.5,2415.725,2724.65,3102.6,3813,6559.5,8556.7,10039.899999999998,11404.74999999999
GO,28,2027-04-18,4987,2385.675,2632.9,3014.6000000000004,3785,6437.25,8444.700000000003,9859.4,11603.974999999995
GO,29,2027-04-25,4786.5,2349.5499999999997,2588.9,2967.4,3699.75,6320.25,8323.2,9724.300000000001,11572.999999999996
GO,30,2027-05-02,4551,2171.5499999999997,2449.75,2784,3536.75,5968,7835.700000000002,9504.55,11233.89999999999
GO,31,2027-05-09,4305,2101.675,2331,2628.9,3276.75,5662.25,7395.900000000005,8832.3,10123.274999999994
GO,32,2027-05-16,3834,1887.175,2112.6,2382.7999999999997,2960.75,5007.25,6577.200000000002,7832.749999999998,9643.874999999996
GO,33,2027-05-23,3441.5,1622.875,1802.7,2064.8,2624.75,4513.5,5853.1,7118.849999999998,8567.125
GO,34,2027-05-30,2962,1422.825,1574,1798,2268.75,3855.25,5045.700000000001,5954.299999999999,7119.674999999996
GO,35,2027-06-06,2501,1214.625,1363.8,1540.8,1948.75,3239.25,4279.600000000001,5273.4,6058.574999999997
GO,36,2027-06-13,2095.5,991.95,1108.8,1304,1628,2795,3670.7000000000007,4374.1500000000005,5131.774999999996
GO,37,2027-06-20,1723.5,810,931.9,1063.9,1355.75,2330.75,3089.5000000000005,3673.0499999999997,4393.249999999999
GO,38,2027-06-27,1451.5,673.975,768.9000000000001,898,1128,1919,2445.2000000000016,2908.1499999999996,3411.7999999999956
GO,39,2027-07-04,1207.5,569,632.95,733,929,1598,2028.3000000000004,2448.05,2922
GO,40,2027-07-11,1016,469,530.95,612.9,773,1347,1755,2051,2448.124999999999
GO,41,2027-07-18,873.5,413.95000000000005,456.9,531,661.75,1141.5,1490.4000000000005,1820.2999999999997,2131.524999999997
GO,42,2027-07-25,757,358,400.85,458.90000000000003,585,991.5,1295.1000000000001,1591.05,1857.1499999999992
GO,43,2027-08-01,694,323,371,424,532,933.25,1217.3000000000004,1411.1499999999999,1673.0499999999997
GO,44,2027-08-08,659.5,309.975,345,399,497,862,1121.1000000000001,1356.05,1547.1249999999993
GO,45,2027-08-15,624,289.97499999999997,329.9,385,480.75,827.25,1077,1293.3999999999996,1531.2749999999985
GO,46,2027-08-22,605.5,281,318,364.9,465,799,1026.1000000000001,1268.1499999999999,1472.0249999999999
GO,47,2027-08-29,594,277.95000000000005,312,363,459.5,797,1028.1000000000001,1228.1499999999999,1461.2749999999985
GO,48,2027-09-05,588,275,308.95,359,453,763,996.1000000000001,1196.1499999999999,1419.2999999999984
GO,49,2027-09-12,600,273.97499999999997,311.95,353.9,458,794,1043.1000000000001,1245.1,1443.0249999999999
GO,50,2027-09-19,619,272.975,317,369,467,817.25,1083.1000000000001,1309,1551.2249999999988
GO,51,2027-09-26,624,291.97499999999997,330,373.70000000000005,482,830,1095.1000000000001,1283.2999999999997,1550.549999999997
GO,52,2027-10-03,642,298.975,340.95,395,494,857,1096.1000000000001,1305,1522.5249999999971
MA,1,2026-10-11,26,4,6,8,15,46,80,109,154.0749999999996
MA,2,2026-10-18,25,4,6,8,14,45,74,107,149
MA,3,2026-10-25,25,5,6,8,14,42,71,100.04999999999995,138.04999999999973
MA,4,2026-11-01,26,4,6,8,15,43,79,106.04999999999995,153.02499999999986
MA,5,2026-11-08,26,4,6,9,15,44,76,104,142.02499999999986
MA,6,2026-11-15,26,5,6,9,15,44,73,100,142.02499999999986
MA,7,2026-11-22,26,5,7,9,15,44,70.10000000000014,102,146.02499999999986
MA,8,2026-11-29,26,5,6,9,15,45,74,104.04999999999995,140.0749999999996
MA,9,2026-12-06,27,5,7,9,16,43,71,99.04999999999995,132.02499999999986
MA,10,2026-12-13,28,6,8,10,17,46,75.10000000000014,99,127.09999999999945
MA,11,2026-12-20,32,7,9,12,19,52,85,114,157.02499999999986
MA,12,2026-12-27,39,8,11,15,23,65,104,135.04999999999995,195.02499999999986
MA,13,2027-01-03,53,10,14,19.900000000000006,32,87,136,188,234
MA,14,2027-01-10,72,17,22,28,44,117,190,245.0999999999999,335
MA,15,2027-01-17,101,23,30,40,60,163,257.10000000000014,351,445.24999999999864
MA,16,2027-01-24,130,28,36.95,50,79,206,330.10000000000014,436.04999999999995,604.0749999999996
MA,17,2027-01-31,164,37,49,63,98,267,421.3000000000004,566.05,763
MA,18,2027-02-07,197,45.975,58,78,119,318,487.10000000000014,701,899.0249999999999
MA,19,2027-02-14,234,56,75.95,97.9,145,376.25,604.2000000000003,844.05,1092.0499999999997
MA,20,2027-02-21,266,61.975,79,104,164,429,705.1000000000001,972,1302.0999999999995
MA,21,2027-02-28,283.5,71,88,114,175,460.25,767.1000000000001,1005.1499999999999,1304.4999999999973
MA,22,2027-03-07,296,71,91,120.9,183,494,797.1000000000001,1106.5499999999995,1436.2249999999988
MA,23,2027-03-14,297,70.97500000000001,88,114,184,510.25,786.1000000000001,1038.4499999999996,1393.549999999997
MA,24,2027-03-21,292,68.975,88,112,176.75,474,765.4000000000005,1047.2999999999997,1376.0749999999996
MA,25,2027-03-28,294,70,88,114.9,175.75,469,762.6000000000008,1022.0999999999999,1401.2749999999985
MA,26,2027-04-04,284,63,83,118,178,469,729.1000000000001,943.0999999999999,1231.0749999999996
MA,27,2027-04-11,269,63,84,102.9,168,432.25,690.1000000000001,930.05,1257.174999999999
MA,28,2027-04-18,253,62,77,103,161,415,680.1000000000001,931.3499999999997,1267.0749999999996
MA,29,2027-04-25,237.5,55.975,69,94,146,390.25,615.1000000000001,817.0999999999999,1052.0499999999997
MA,30,2027-05-02,213,49,63,85,134.75,357.25,584,770.1499999999999,1055.4249999999977
MA,31,2027-05-09,196,48.975,60.900000000000006,80,124,330,528,731,944.1999999999989
MA,32,2027-05-16,170.5,43,52,68,105,291,442,629.05,800
MA,33,2027-05-23,154,37,46,59,94,243,408,547.2499999999998,782.0499999999997
MA,34,2027-05-30,133,32,39,52,83,215,347.10000000000014,494.04999999999995,674.2499999999986
MA,35,2027-06-06,115,27,34,46,70,188.25,315.2000000000003,436,595.0249999999999
MA,36,2027-06-13,98,23,30,40,62,161,262.10000000000014,384.1999999999998,503.02499999999986
MA,37,2027-06-20,85,19,25,33,52,146,229,308.0999999999999,421.1249999999993
MA,38,2027-06-27,77,17,22,29,45,124,206,269.04999999999995,388.02499999999986
MA,39,2027-07-04,67,14.975000000000001,18,26,40,108,180,258.04999999999995,381.02499999999986
MA,40,2027-07-11,61,13,16,23,37,103,170.10000000000014,237.04999999999995,316.17499999999905
MA,41,2027-07-18,54,11,16,20,33,90,152.10000000000014,199.04999999999995,296.02499999999986
MA,42,2027-07-25,52,10,13,18,30,90,152,204,279
MA,43,2027-08-01,48,9,12,17,27,82,139.10000000000014,187.14999999999986,288.0749999999996
MA,44,2027-08-08,44,8.975000000000001,11,15,26,74.25,127.10000000000014,188,255.09999999999945
MA,45,2027-08-15,40,7,10,14,23,69,120.10000000000014,168,252
MA,46,2027-08-22,37,7,9,13,22,66,114,163,234.02499999999986
MA,47,2027-08-29,35,6.975000000000001,9,12,20,60,102,156.04999999999995,220.02499999999986
MA,48,2027-09-05,33,6,8,11,18,56,97.10000000000014,137,188.02499999999986
MA,49,2027-09-12,31,5,7,10,18,52,88,131,193.09999999999945
MA,50,2027-09-19,28,5,7,9,16,51,87,130,191.04999999999973
MA,51,2027-09-26,28,5,7,10,16,48,83,121,171
MA,52,2027-10-03,26,4,6,9,15,45,75,106.04999999999995,155.12499999999932
MG,1,2026-10-11,708,242.97500000000002,285,341,482.75,1241,2395.1000000000004,3425.4499999999994,5293.274999999977
MG,2,2026-10-18,770,263.975,311.9,366.90000000000003,518,1295.25,2513.1000000000013,3835.05,6443.649999999991
MG,3,2026-10-25,838.5,286.95,338.8,403,551,1463.5,2616.2000000000044,4028.5999999999995,5894.274999999977
MG,4,2026-11-01,914,306.975,363.95,431.9,593.5,1584,2939.4000000000005,4696.7999999999975,9077.249999999995
MG,5,2026-11-08,995.5,319,386,458.90000000000003,650,1641,2948.4000000000005,4979.45,7810.124999999988
MG,6,2026-11-15,1094,371.92499999999995,429,513.9,707,1865.75,3450.4000000000005,5233.699999999999,8358.174999999994
MG,7,2026-11-22,1192,400.95000000000005,462,550.9000000000001,767.75,2000.25,3674.500000000001,6082.249999999999,10158.099999999993
MG,8,2026-11-29,1294.5,457.95,535.8,627.9,849.75,2185.75,4299.300000000001,6749.999999999999,11388.074999999957
MG,9,2026-12-06,1416,484.975,573.9000000000001,684.9,939.75,2354.5,4229.100000000007,6637.749999999999,10845.025
MG,10,2026-12-13,1587,519.95,604.95,746.9000000000001,1037,2605.5,4848.700000000001,7581.899999999999,12214.774999999996
MG,11,2026-12-20,1738.5,597.95,694,838.6,1145.25,2963.75,5249.100000000001,8197.749999999998,14971.27499999995
MG,12,2026-12-27,2022,717.9749999999999,827.95,977,1328.75,3470,6080.4000000000005,9954.699999999999,15455.074999999979
MG,13,2027-01-03,2406.5,892.975,1015.85,1207,1638.25,4120,7617.6,11023.05,16990.874999999953
MG,14,2027-01-10,3005,1098,1265.95,1497,2029,4878,8837.300000000001,13661.199999999999,20022.899999999998
MG,15,2027-01-17,3747.5,1352,1528.9499999999998,1850.2,2532.75,6094.25,11167.300000000007,17317.8,25511.524999999994
MG,16,2027-01-24,4556.5,1732.95,1940.7,2258.7,3100,7197.25,12961.900000000001,18261.499999999996,27995.824999999968
MG,17,2027-01-31,5440.5,1974.875,2311.95,2762.8,3683,8792.25,15909.1,24419.24999999998,36179.37499999996
MG,18,2027-02-07,6323,2321.8250000000003,2690,3183.4,4313,10808.5,19175.00000000001,28035.399999999994,42738.64999999995
MG,19,2027-02-14,7228,2687.975,3083.35,3667.7999999999997,4863.5,12057,20829.9,31484.54999999998,46078.499999999905
MG,20,2027-02-21,8073,2956,3319.9500000000003,4070.8,5535,13178.5,23338.000000000025,35953.19999999999,56496.27499999999
MG,21,2027-02-28,8758,3251,3700.05,4410.9,6033,15050.5,26099.20000000002,44436.79999999998,67200.92499999967
MG,22,2027-03-07,9581,3529.95,4094.7000000000003,4836.9,6494.25,16141.75,28054.2,44425.1,62470.32499999999
MG,23,2027-03-14,10138,3575.2,4170.2,4933.2,6796.5,17052.5,28545,43852.94999999998,66027.89999999992
MG,24,2027-03-21,10677.5,3712.725,4367.65,5239.8,7055,17844.75,31372,45665.74999999999,70834.79999999989
MG,25,2027-03-28,11069,3802.6749999999997,4551.4000000000005,5330.6,7472.5,18357.25,33854.000000000015,48946.999999999985,75684.47499999998
MG,26,2027-04-04,11134.5,4075.75,4605.700000000001,5507.299999999999,7302,18182.75,35031.40000000001,52587.35,78601.69999999997
MG,27,2027-04-11,11020.5,3815.875,4503.05,5231.8,7366.25,18052.75,31586.500000000007,49128.05,76611.02499999986
MG,28,2027-04-18,10999.5,3712.4249999999997,4283.55,5089,7190,17920.25,31184.1,51418.35,81951.77499999997
MG,29,2027-04-25,10172,3446.7999999999997,4147.7,5030.5999999999995,6795.75,16646.5,28336.800000000003,42398.449999999946,66490.32499999995
MG,30,2027-05-02,9119.5,3260.575,3693.9500000000003,4478.9,6029.75,15224.75,26300.600000000013,38977.05,59432.07499999991
MG,31,2027-05-09,7901,2840.65,3317.5,3892,5290.25,12908.25,21020.300000000003,33453.85,51799.549999999865
MG,32,2027-05-16,6581.5,2329.825,2726.9,3271.8999999999996,4439.5,10937.75,19211.7,27758.899999999998,40198.999999999935
MG,33,2027-05-23,5427.5,1918.45,2229.8,2726.9,3651,8620,15012.3,22790.599999999988,34900.69999999988
MG,34,2027-05-30,4223.5,1475.95,1723.95,2069.4,2790,6942.25,11813.400000000005,17604.499999999996,29126.674999999977
MG,35,2027-06-06,3263,1178.7,1369.85,1648.8000000000002,2178.25,5308.25,8680.000000000002,13041.499999999996,19998.874999999967
MG,36,2027-06-13,2498.5,870,1017.7,1212,1673.25,4059.25,6994.9000000000005,10899.199999999997,16406.624999999945
MG,37,2027-06-20,1867.5,673.6750000000001,785.9499999999999,926.7,1270.75,3119.25,5196.300000000003,8020.899999999996,12217.05
MG,38,2027-06-27,1450.5,538.95,619.95,729.8,968,2364.5,4140.4000000000005,6009.999999999997,8521.92499999999
MG,39,2027-07-04,1134,427.925,497,568,773,1819.5,3276.600000000001,4741.149999999998,6738.349999999976
MG,40,2027-07-11,920,328.95000000000005,382.85,458.80000000000007,629.75,1453,2445.7000000000007,3792.999999999998,6182.124999999978
MG,41,2027-07-18,774.5,278.97499999999997,322.95000000000005,388,525,1219.5,2086.1000000000013,3074.999999999998,4617.574999999959
MG,42,2027-07-25,660,241,271.95,323.9,450,1096.25,1915.1000000000001,2858.1499999999996,4420.174999999999
MG,43,2027-08-01,596,199.975,240.95,296,412.75,986.25,1785,2795.9499999999994,4432.699999999991
MG,44,2027-08-08,541,187,221.9,267,369,871,1574,2385.449999999998,3595.499999999992
MG,45,2027-08-15,526,193.975,217,262.9,350,853.5,1547.3000000000004,2435.2,4042.324999999987
MG,46,2027-08-22,518.5,180,209.9,249,345,853.25,1534.3000000000004,2176.5999999999995,3048.6749999999965
MG,47,2027-08-29,513,171.95,206.95000000000002,252.9,339,853.25,1629,2293.3999999999996,3785.7999999999956
MG,48,2027-09-05,536.5,181.97500000000002,215,257.9,354,898.25,1520,2395.6499999999996,3839.524999999997
MG,49,2027-09-12,557,188.95,223.95,262,363,902,1704.3000000000004,2658,4317.124999999984
MG,50,2027-09-19,577.5,206,233,282,383,960,1867.2000000000003,2882.949999999998,4538.224999999993
MG,51,2027-09-26,626.5,213,254,305.9,419,1046.5,1986.5000000000007,3090.749999999998,5023.0999999999995
MG,52,2027-10-03,669,238.97500000000002,268.95,323,450.75,1135,2067.4000000000005,3197.999999999999,4945.399999999987
MS,1,2026-10-11,84,15,21,28,49,163,316,448,677.0249999999999
MS,2,2026-10-18,98,18,23.950000000000003,33,53,178,330.10000000000014,486.04999999999995,708.724999999996
MS,3,2026-10-25,108.5,19,24.950000000000003,34,60,208.25,412,630.05,861.4249999999977
MS,4,2026-11-01,125,23,29,39,69,233,467.10000000000014,663.4499999999996,979.4249999999977
MS,5,2026-11-08,136.5,25,34,46.900000000000006,77,263,524.2000000000003,809,1154.0749999999996
MS,6,2026-11-15,153,29.975,37.95,50,85,294,574.1000000000001,878,1313.174999999999
MS,7,2026-11-22,179,32,42,58,98,351.25,644.3000000000004,1040.6499999999994,1474.2999999999984
MS,8,2026-11-29,189,34,45,61,104,364.25,716.2000000000003,1175.3999999999996,1812.8499999999954
MS,9,2026-12-06,202,35,44,65.9,111,391,767.1000000000001,1135,1754.0999999999995
MS,10,2026-12-13,226.5,42.975,53.95,74,124.75,419,820.5000000000007,1278.3999999999996,1744.2999999999984
MS,11,2026-12-20,246.5,46,60.95,80.9,133,465.25,948.500000000002,1428.1,1954.0749999999996
MS,12,2026-12-27,277,50.975,69,91,150,530,1003.6000000000008,1549.05,2239.3499999999976
MS,13,2027-01-03,331.5,61.975,80.95,107.9,182,623.25,1233.4000000000005,1847.3999999999996,2600.075
MS,14,2027-01-10,369,71.975,92.95,126,204,722.5,1510.1000000000001,2327.1000000000004,3226.524999999997
MS,15,2027-01-17,446.5,86,112.95,148,247,867.75,1737.2000000000016,2708.8499999999995,3716.2499999999986
MS,16,2027-01-24,507,96.925,125.95,168,276.75,989.75,1938.5000000000007,2879.7,4152.72499999999
MS,17,2027-01-31,567,106,137.95,193,324.75,1062.5,2026.7000000000023,3323.2999999999975,4884.524999999997
MS,18,2027-02-07,640,121.975,156,214,356,1181,2357,3465.8499999999985,4807.174999999993
MS,19,2027-02-14,685,134.97500000000002,177.95,242,387,1304.5,2484.300000000002,3770.25,5855.924999999995
MS,20,2027-02-21,755.5,152.975,199,262.8,409,1385.25,2536.5000000000023,3529.2499999999995,5949.024999999994
MS,21,2027-02-28,746,149.97500000000002,198.95000000000002,264,435.75,1410.75,2864.800000000004,4014.4999999999973,5940.15
MS,22,2027-03-07,811.5,149.97500000000002,195.9,271,460,1595.75,2887.2000000000007,4666.499999999998,6394.449999999998
MS,23,2027-03-14,861,179,221.9,292,469.5,1564.25,2989.500000000002,4473.8499999999985,6134.599999999991
MS,24,2027-03-21,813,156,205,287.9,474.75,1584.5,3028.5000000000045,4551.15,6982.9999999999945
MS,25,2027-03-28,850.5,166.97500000000002,210.95000000000002,289.9,461.5,1610,3133.800000000004,5152.949999999999,7432.399999999987
MS,26,2027-04-04,835.5,162.97500000000002,209.9,278,454,1608.25,3155.6000000000013,4479.25,5804.574999999981
MS,27,2027-04-11,844.5,161,206.95000000000002,290.90000000000003,475.5,1581.5,2965.9000000000024,4336.5999999999995,6682.074999999994
MS,28,2027-04-18,825,150,188.95,263.9,449.5,1532.25,2910.3000000000015,4070.2,5831.149999999993
MS,29,2027-04-25,734.5,136,171,234.9,412.25,1379,2558.1000000000013,3903.6499999999987,5994.05
MS,30,2027-05-02,666,113,154,213.9,362,1273,2321.0000000000027,3419.1000000000004,5209.199999999988
MS,31,2027-05-09,596,115,149.9,205.9,336,1137,2172.2000000000003,3246.1499999999996,4794.349999999988
MS,32,2027-05-16,484,105,128.95,166,277,968.75,1792.9000000000012,2721.0999999999995,3870.2249999999876
MS,33,2027-05-23,422,72.975,99.95,137,233,783,1485.2000000000003,2463.3,3595.474999999992
MS,34,2027-05-30,358,66.95000000000002,83,112,191,681,1268.6000000000008,1839.6999999999994,2878.075
MS,35,2027-06-06,291.5,53.975,69,92.9,160,538,1053.4000000000005,1654.5499999999986,2381.5999999999967
MS,36,2027-06-13,238,42,54,76,132.75,454,887.1000000000001,1376.5499999999995,2070.349999999998
MS,37,2027-06-20,201,37,46,64,109.75,381.25,710.5000000000007,1120.05,1782
MS,38,2027-06-27,158,30,41,55,91,296,578,855.05,1178.4999999999973
MS,39,2027-07-04,134,25,32,44,74,250.25,470.10000000000014,689.1999999999998,1027.4999999999973
MS,40,2027-07-11,109.5,18,26,35,59,220.25,423.10000000000014,655.0999999999999,1014.3499999999981
MS,41,2027-07-18,94,16.975,22,29,51.75,180,335,529.6499999999994,817.2249999999988
MS,42,2027-07-25,81,15,19,26,43,154,299,492.2499999999998,714.2499999999986
MS,43,2027-08-01,73,11,16,23,39,140.25,261.3000000000004,395.04999999999995,580.1249999999993
MS,44,2027-08-08,65,10.975000000000001,14,21,35,121.25,235.10000000000014,366.14999999999986,547.3249999999982
MS,45,2027-08-15,58,11,15,20,33,115,216,367,514.0999999999995
MS,46,2027-08-22,57,10,13,19,31,112,222.3000000000004,327.04999999999995,456.2249999999988
MS,47,2027-08-29,56,11,13,18,32,104,209.10000000000014,321.0999999999999,443.37499999999795
MS,48,2027-09-05,59,10,15,20,33,109,211.10000000000014,309.04999999999995,448.0499999999997
MS,49,2027-09-12,62,11,15,20,35,112,220,329.4499999999996,462.1499999999992
MS,50,2027-09-19,63,11,15,21,34,123,221.3000000000004,360.04999999999995,553.0749999999996
MS,51,2027-09-26,70,13,17,23.900000000000006,40,129,255.20000000000027,381.0999999999999,563.0249999999999
MS,52,2027-10-03,77,14,19,27,42.75,145,265.10000000000014,389,548.0249999999999
MT,1,2026-10-11,106.5,36,44,55,73.75,158,239.10000000000014,326.04999999999995,397.0499999999997
MT,2,2026-10-18,119,42,49,61,83,177.25,263,351.04999999999995,440.17499999999905
MT,3,2026-10-25,131,47,55.95,67,91,194,289,373.0999999999999,480.1499999999992
MT,4,2026-11-01,150,51,61,75,104,225,335.10000000000014,448.14999999999986,617.4749999999974
MT,5,2026-11-08,169,63,72.95,88.9,121,258,385.10000000000014,500.0999999999999,695
MT,6,2026-11-15,198,71.975,83,100,142,303.25,460.10000000000014,594.05,749.5999999999967
MT,7,2026-11-22,229,79.975,94,114,160,343,519,703.0999999999999,927.374999999998
MT,8,2026-11-29,259,91,109.95,132.9,180,399.25,622.1000000000001,832.05,1031.0249999999999
MT,9,2026-12-06,294.5,103.95,121,150.9,205,451.25,697.2000000000003,927.1499999999999,1192.0249999999999
MT,10,2026-12-13,323,109.975,131,164,223,489.25,737.4000000000005,980.3999999999996,1291.199999999999
MT,11,2026-12-20,357,125,148.95,178,247,528.25,801.2000000000003,1056.1,1363.1249999999993
MT,12,2026-12-27,398,146,172,207.9,282,598.25,891.2000000000003,1151.1999999999998,1557.0499999999997
MT,13,2027-01-03,465,174,205,246,333,688.25,1014.2000000000003,1346.2499999999998,1747.0749999999996
MT,14,2027-01-10,557,198,235.95,281.9,385,823.25,1202.1000000000001,1630.1,2082.199999999999
MT,15,2027-01-17,635,236,273,332,450,939,1399.3000000000004,1817.2499999999998,2444.0999999999995
MT,16,2027-01-24,711.5,269,313,372,503,1062.5,1626.800000000001,2172.25,2603.0249999999996
MT,17,2027-01-31,804,291.97499999999997,340.95,417.9,559.75,1175,1739.2000000000003,2336.1499999999996,3117.2999999999984
MT,18,2027-02-07,832,311,361.95,433,577,1190,1778.1000000000001,2309.2999999999993,2785.0999999999995
MT,19,2027-02-14,845.5,312.90000000000003,379,442,595,1246,1900.1000000000001,2342.2,2982.8749999999955
MT,20,2027-02-21,854.5,313.925,361,433.9,600.75,1277.5,1913.700000000001,2422.6499999999983,3235.2749999999983
MT,21,2027-02-28,844.5,308,359.9,432.9,599,1257,1800,2419.9499999999994,3255.2249999999985
MT,22,2027-03-07,830,301.975,358,430,592,1204.25,1763,2283.1000000000004,3031.0249999999996
MT,23,2027-03-14,806.5,308.925,356.9,416.9,566.75,1187.25,1743,2273.199999999999,2890.199999999999
MT,24,2027-03-21,795,303.95,349.90000000000003,411.9,553,1174.5,1733.2000000000003,2279.249999999999,2905
MT,25,2027-03-28,767,285.975,328,396,541,1103.25,1740.5000000000007,2305.499999999999,3059.3499999999976
MT,26,2027-04-04,770,278.95,333,397,541.75,1157.5,1705,2247.2,2763.6249999999964
MT,27,2027-04-11,756.5,273.85,319.95,384,531,1105.25,1611.700000000001,2121.1,2828.0999999999995
MT,28,2027-04-18,765.5,277.975,314.95000000000005,390,534,1125.5,1678.9000000000012,2131.25,2560.4499999999975
MT,29,2027-04-25,742.5,276.925,314.95000000000005,377.9,527,1093.25,1659.2000000000003,2065.299999999999,2739.974999999984
MT,30,2027-05-02,710,261,317.85,372.9,502,1065.75,1591.0000000000014,2146.1499999999996,2957.424999999998
MT,31,2027-05-09,686.5,248.975,287.95,356,485,1041,1557.1000000000001,1981.2999999999997,2629.0999999999995
MT,32,2027-05-16,622,227.975,269.95000000000005,324.9,439,939.25,1456.2000000000003,1959,2496.949999999995
MT,33,2027-05-23,560,210,240,287,388.75,842.5,1289.1000000000001,1652.05,2316.974999999995
MT,34,2027-05-30,496.5,178,214,257,353,751.25,1108.9000000000012,1542.1999999999998,1972.2249999999988
MT,35,2027-06-06,441,160,190,225,307.75,658.25,1003.1000000000001,1351.2499999999998,1832.7749999999958
MT,36,2027-06-13,386,133,156,184,265.75,569,879.2000000000003,1147.1,1564.1249999999993
MT,37,2027-06-20,328.5,113,136,163,226,499.25,760.1000000000001,1033.2499999999998,1336.4249999999977
MT,38,2027-06-27,277,103.975,122,146,193,421,647,842,1126.2999999999984
MT,39,2027-07-04,234,83,97,117,163.75,360,544,738.5499999999995,1043.0249999999999
MT,40,2027-07-11,202.5,72,82,101,140,303,481,628.1999999999998,834.2999999999984
MT,41,2027-07-18,176.5,61,71,87,122,271.25,401.10000000000014,566.05,788.0249999999999
MT,42,2027-07-25,157,54,63,78,107,230.25,351,457.0999999999999,613.4999999999973
MT,43,2027-08-01,138.5,46,56,66,94,201,297,412.0999999999999,566.0499999999997
MT,44,2027-08-08,123,43,52,62.900000000000006,87,182,269,351.04999999999995,469.0499999999997
MT,45,2027-08-15,113,39,46,56,79,166,251.10000000000014,338.04999999999995,441.0499999999997
MT,46,2027-08-22,103,37.975,43,54,70,153,225,310,403.02499999999986
MT,47,2027-08-29,99,34,40,48,68,148,215,286,377.09999999999945
MT,48,2027-09-05,93,33,38,46,65,139,204.10000000000014,264,356.1249999999993
MT,49,2027-09-12,92,32,38,46,65,136,203,275.0999999999999,359.0499999999997
MT,50,2027-09-19,92,33,38,46.900000000000006,63,136,201,261,337
MT,51,2027-09-26,92,32.975,38,47,65,137,205,278.04999999999995,389.0749999999996
MT,52,2027-10-03,98,35,40,51,69,142,212.10000000000014,284.04999999999995,380
PA,1,2026-10-11,62,20,24,30,43,93,138,171,216.04999999999973
PA,2,2026-10-18,63,21,25,30,42,94,137.10000000000014,188,245
PA,3,2026-10-25,64,20.975,24,30,43,94,136,169.04999999999995,230.02499999999986
PA,4,2026-11-01,66,21,25,32,46,98,143.10000000000014,192.04999999999995,246.04999999999973
PA,5,2026-11-08,71,24,29,35,48,105,152,195.0999999999999,251
PA,6,2026-11-15,77,24,29,37,53,110,164,218,273.0749999999996
PA,7,2026-11-22,82,27,33,41,56,124,180.10000000000014,227.04999999999995,289.02499999999986
PA,8,2026-11-29,87,28,33.95,42,60,128,192.10000000000014,243.04999999999995,312.02499999999986
PA,9,2026-12-06,92,29,36,44,63,132,192.10000000000014,245.04999999999995,313.02499999999986
PA,10,2026-12-13,90,31,37,45,64,133,194.10000000000014,255.04999999999995,316
PA,11,2026-12-20,94,30.975,38,48,66,140,198,271.04999999999995,337.02499999999986
PA,12,2026-12-27,107,35,42,53,73.75,158,230,298.04999999999995,366.0499999999997
PA,13,2027-01-03,130,44,51.95,65.9,91,194.25,286.10000000000014,364.0999999999999,457.0499999999997
PA,14,2027-01-10,169,58,68,84,117,246,356.2000000000003,451.14999999999986,597.0999999999995
PA,15,2027-01-17,212,66,81,103,150.75,313,454.10000000000014,566.2499999999998,742.2499999999986
PA,16,2027-01-24,256,84,101,123,174.75,379,554,711.05,852.1249999999993
PA,17,2027-01-31,296,104.975,123,152.9,208,426.25,611.2000000000003,782.05,996.0999999999995
PA,18,2027-02-07,317.5,108.975,137,164,224,453,676,847.4999999999995,1092.0749999999996
PA,19,2027-02-14,328,114.92500000000001,135.95,167,232,482,694.2000000000003,928.05,1201.0249999999999
PA,20,2027-02-21,328,117,137.95,168,231,487.25,705.1000000000001,915.0999999999999,1136.0249999999999
PA,21,2027-02-28,332,118.92500000000001,142.95000000000002,172,233,486,709.1000000000001,889.3499999999997,1100.0749999999996
PA,22,2027-03-07,330,110,134,165,229.75,472,668.1000000000001,891.0999999999999,1088.0249999999999
PA,23,2027-03-14,317,102.97500000000001,122,157.9,224,465.25,691.1000000000001,893.05,1115
PA,24,2027-03-21,305.5,102,123,154,211,440,659.2000000000003,841.3999999999996,1118.0749999999996
PA,25,2027-03-28,287,95,113,138,194,421,606,755.3999999999996,977.2749999999985
PA,26,2027-04-04,266,88,104.95,130,179,391.5,560,702.1999999999998,877
PA,27,2027-04-11,249,86,100.95,123,174,374,535,696,835.2749999999985
PA,28,2027-04-18,235,75.975,96,116,165,341,487,637.0999999999999,838.0999999999995
PA,29,2027-04-25,222,73,88,110,153,325,458,596.1999999999998,740
PA,30,2027-05-02,208,66.97500000000001,83.95,104,146,304.25,434,568.1499999999999,722.0999999999995
PA,31,2027-05-09,194,65,79,98,134,276.25,392.10000000000014,498,658.0249999999999
PA,32,2027-05-16,173,59.95,71,86,119,252.25,366.10000000000014,474.14999999999986,639
PA,33,2027-05-23,157,52.975,63.95,76,108.75,232,326,419,527.0249999999999
PA,34,2027-05-30,139,48,58,70.9,98,207,294.10000000000014,361.0999999999999,459.09999999999945
PA,35,2027-06-06,125,41,51,62.900000000000006,88,182,252.10000000000014,328.04999999999995,393.1499999999992
PA,36,2027-06-13,112,36.975,44.95,56,80,164,237,305,386.09999999999945
PA,37,2027-06-20,103,33,40,51,71,148,212,291.04999999999995,357.02499999999986
PA,38,2027-06-27,91,29,35,44,62,132,199,254.04999999999995,311
PA,39,2027-07-04,85,28,33,40,57,125,180,242.0999999999999,298.02499999999986
PA,40,2027-07-11,77,25,30.950000000000003,37,52,113,166.10000000000014,219,296.17499999999905
PA,41,2027-07-18,76,23.975,29,35.900000000000006,50.75,113,166,218.04999999999995,287
PA,42,2027-07-25,72,22.975,28,35.900000000000006,51,106.25,160.10000000000014,211.04999999999995,282.0499999999997
PA,43,2027-08-01,75,24,30,36,51,111,172.10000000000014,219,298.1499999999992
PA,44,2027-08-08,75,25,29,37,51,113,167,212.04999999999995,302
PA,45,2027-08-15,74,24,29,36,50,109,164,220.04999999999995,301.0499999999997
PA,46,2027-08-22,73,22,28,34,50,111,160,217,305.2749999999985
PA,47,2027-08-29,71,22.975,27,34,48,107,159,210,271.0499999999997
PA,48,2027-09-05,68,22,27,33,46,103,155.10000000000014,206,272.1249999999993
PA,49,2027-09-12,68,20,25,31.900000000000006,45,100,151,198.04999999999995,257.0499999999997
PA,50,2027-09-19,66,20.975,24,31,44,98,146,197,260.1249999999993
PA,51,2027-09-26,64,19,24,30,43,96,143,189.04999999999995,263.02499999999986
PA,52,2027-10-03,64,19,24,30,44,94,138.10000000000014,172,243.04999999999973
PB,1,2026-10-11,117,28,35,47,73,192,301.10000000000014,376,503.1249999999993
PB,2,2026-10-18,113,26,34,44,70,186,278,365,460.0499999999997
PB,3,2026-10-25,102,24,30,41,65,162,253,333.04999999999995,453
PB,4,2026-11-01,98,22,28,37,59,157,247,319.04999999999995,421.0499999999997
PB,5,2026-11-08,93,22.975,29,38,58,152,235,314,389.17499999999905
PB,6,2026-11-15,93,22,27.950000000000003,36.900000000000006,57,148,230,290.04999999999995,370.09999999999945
PB,7,2026-11-22,86,21,27,35,54,138,211,270.0999999999999,338.02499999999986
PB,8,2026-11-29,84,20,25,33,53,134,211,272.0999999999999,364.1249999999993
PB,9,2026-12-06,84,20,25,33,52,136,207.20000000000027,275,372.02499999999986
PB,10,2026-12-13,84,21,26.950000000000003,35,52,133.25,208,272.14999999999986,354.1249999999993
PB,11,2026-12-20,86,22,27,35,53,131,205,262.04999999999995,323.0499999999997
PB,12,2026-12-27,86,21,27,36,54,140,212.10000000000014,287,383.02499999999986
PB,13,2027-01-03,91,21.975,28,37,58,148.25,235.3000000000004,298,387.0749999999996
PB,14,2027-01-10,106,26.975,33,43,64,171,265,335,423.1499999999992
PB,15,2027-01-17,120,28.975,36,48,76,187,291,382,507.29999999999836
PB,16,2027-01-24,141,33,44.95,58,89,219,332,458.04999999999995,618.549999999997
PB,17,2027-01-31,160,42,52,67,104,252,400.10000000000014,537,684.0249999999999
PB,18,2027-02-07,190,45,57.95,77,117,303.25,467.2000000000003,637,821.1999999999989
PB,19,2027-02-14,223,57,71,93,138,347.25,540.3000000000004,711.4999999999995,913.0999999999995
PB,20,2027-02-21,254,61,79,104.9,159,398.25,605.3000000000004,819.3499999999997,1035.0249999999999
PB,21,2027-02-28,284,71,94,122,179,450.25,703.2000000000003,921,1129.2499999999986
PB,22,2027-03-07,314,76.94999999999999,100,131,200,490,759.700000000001,1015.05,1319.0249999999999
PB,23,2027-03-14,327,80,102,133.9,202,517,805,1058.2999999999997,1385.2249999999988
PB,24,2027-03-21,352,86.97500000000001,110,148,220.75,561.25,878.1000000000001,1108.1,1529.0249999999999
PB,25,2027-03-28,375,96,121.95,154.9,232,588,882.2000000000003,1180.1,1590.3999999999978
PB,26,2027-04-04,384,106,127,166,244.75,613.25,940,1274.05,1678.6999999999962
PB,27,2027-04-11,396,100,125,163,248,632,956,1266.1999999999998,1693.1249999999993
PB,28,2027-04-18,409,102.97500000000001,128,169,256,648.25,994.1000000000001,1213.1499999999999,1662.349999999998
PB,29,2027-04-25,413.5,106,135,171.9,256.75,664.25,1017,1317.4499999999996,1760.099999999994
PB,30,2027-05-02,414.5,110.97500000000001,132.95,177.8,264,650,1022.3000000000004,1361.2499999999998,1645
PB,31,2027-05-09,424.5,102.97500000000001,129.9,171,267,681,1036.1000000000001,1339.1,1699.2749999999985
PB,32,2027-05-16,418,111,139,176,264,660,1032.3000000000004,1356.2999999999988,1845.0999999999995
PB,33,2027-05-23,420,100,129.95,170,258,639.25,948.2000000000003,1292.1,1757.0749999999996
PB,34,2027-05-30,399.5,95,125,162,248,624,1004.1000000000001,1279.2499999999998,1717.6999999999907
PB,35,2027-06-06,383,98.97500000000001,125,163,245,609,916,1260.05,1760.2499999999986
PB,36,2027-06-13,371,102.97500000000001,124.95,154,241,594,899.1000000000001,1146.05,1532.1249999999993
PB,37,2027-06-20,346,85,117,149.9,220.75,547.25,864,1199.1499999999999,1557.924999999995
PB,38,2027-06-27,335,84.975,107,140,214,530.25,791,999.05,1308.4999999999973
PB,39,2027-07-04,322,83,103,136,202,502,775.3000000000004,981.05,1224.1249999999993
PB,40,2027-07-11,293,77,98,122,186,466,714.3000000000004,932.1499999999999,1224.0249999999999
PB,41,2027-07-18,277,69,89.95,118.9,176,437,678.3000000000004,877.05,1102.0249999999999
PB,42,2027-07-25,260,63,81.95,107,167,418,632,825,1050.0999999999995
PB,43,2027-08-01,253.5,55.975,73.95,100,156,395,605.2000000000003,777.3999999999996,1031.2249999999988
PB,44,2027-08-08,234.5,58,71.95,97,145,370,538.2000000000003,732.05,915
PB,45,2027-08-15,211,49,63,85,134,333.25,503.10000000000014,679,829.0999999999995
PB,46,2027-08-22,196.5,48.975,61,84,130,315,478.10000000000014,632.2499999999998,801.174999999999
PB,47,2027-08-29,185,41,51.95,72,116,291.25,442.10000000000014,589.05,795.0499999999997
PB,48,2027-09-05,168,38.975,52,69,107.75,270,424,532,714
PB,49,2027-09-12,160,38.975,48,65,100,260,390,522.05,651.0249999999999
PB,50,2027-09-19,148,34.975,44,59,91,233,361,464.0999999999999,610.1249999999993
PB,51,2027-09-26,138,32.975,41,52,83,217,344.2000000000003,454.0999999999999,586.1249999999993
PB,52,2027-10-03,127.5,29,38,49,80,203,320.10000000000014,417.14999999999986,508.17499999999905
PE,1,2026-10-11,278.5,54,79,105,165,514.25,938.2000000000003,1338.7999999999993,1736.549999999997
PE,2,2026-10-18,278,59.95,77,104.9,166.75,507,882.3000000000004,1273.1,1812.3999999999978
PE,3,2026-10-25,267,56.975,74,100.9,162,469.25,831.4000000000005,1203.05,1597.0749999999996
PE,4,2026-11-01,265,52.975,72.95,92,153,457,826.4000000000005,1176.7999999999993,1620.2499999999986
PE,5,2026-11-08,254,49,71,94,148,445,768.3000000000004,1144.1499999999999,1634.0249999999944
PE,6,2026-11-15,240,50,69,94,147,435,736.2000000000003,1085.1,1627.4749999999974
PE,7,2026-11-22,239,55,68,90.9,141,432.25,785.1000000000001,1121,1523.0499999999997
PE,8,2026-11-29,230,51,64,83,140,389.5,711,1028.2999999999997,1525.4749999999974
PE,9,2026-12-06,220,48,61,84.9,136,382.25,655.6000000000008,933.05,1280.3999999999978
PE,10,2026-12-13,217,48,60,76,129,369.25,666.1000000000001,968.9499999999991,1344
PE,11,2026-12-20,207,45,58,78,126,348.25,656.1000000000001,1005.0999999999999,1395.4749999999974
PE,12,2026-12-27,203,44.975,59,79,128,345.75,604,901.05,1231
PE,13,2027-01-03,207.5,50,61,81,128,363.25,640.3000000000004,930.2499999999998,1238.0249999999999
PE,14,2027-01-10,223,49,62,86,134,391.25,686,1024.1,1374.0749999999996
PE,15,2027-01-17,234,50,65,88,143,413,712.1000000000001,977.05,1389.3999999999978
PE,16,2027-01-24,266,58.975,75,105,161,469.25,807,1119.2499999999998,1665.7749999999958
PE,17,2027-01-31,295,63,79.95,105.9,174,501.25,834.3000000000004,1306.1499999999999,1728.0499999999997
PE,18,2027-02-07,343,74,96,126.9,202,576.25,960,1344.049999999999,2023.0999999999995
PE,19,2027-02-14,371,87,113.95,147.9,228,653.5,1098.2000000000003,1590.2499999999998,2315.0999999999995
PE,20,2027-02-21,414,95,119,162,252,703,1215.4000000000005,1787.2499999999998,2430.324999999993
PE,21,2027-02-28,459,96.975,135,183,282,773.25,1368,1860.2499999999998,2707.624999999991
PE,22,2027-03-07,514,118.92500000000001,151.9,202,309,857.5,1458.5000000000007,2049.25,2781.4749999999976
PE,23,2027-03-14,550,114.97500000000001,151,214,333.75,946,1575.6000000000008,2290.5999999999995,2989.5999999999967
PE,24,2027-03-21,596,135,170.85000000000002,226,358,960.25,1579.1000000000001,2297.0499999999997,3328.0999999999885
PE,25,2027-03-28,623,139.975,184.85,249.9,393,1050.75,1757.1000000000001,2507.15,3604.4749999999976
PE,26,2027-04-04,675,163,202,258.9,398,1129.25,1862.7000000000023,2776.6999999999994,3838.6249999999914
PE,27,2027-04-11,699,169.95,215.95,285.9,435.75,1147.25,1926.2000000000003,2737.699999999999,3820
PE,28,2027-04-18,722.5,184.95,227.85000000000002,279.9,457,1209,2081.1000000000004,2999.15,4218.874999999995
PE,29,2027-04-25,737,171.975,220,295,451.75,1209.5,2042.3000000000004,2915.2,4098.6749999999965
PE,30,2027-05-02,752.5,172.95,232.95,308.9,474.5,1281,2160.600000000001,3109.6499999999987,4326.174999999998
PE,31,2027-05-09,759,185,235,298,474,1264,2217.600000000001,3091.6999999999966,4362.125
PE,32,2027-05-16,764.5,182.97500000000002,229,303,477.5,1304.5,2151.400000000002,2997.5499999999993,3962.374999999998
PE,33,2027-05-23,733.5,176.975,231,289.9,451,1249,2143.1000000000004,3052.999999999999,4224.424999999992
PE,34,2027-05-30,731,161,214.90000000000003,285.9,443.5,1200.25,2110.3,2995.5,4085.9999999999945
PE,35,2027-06-06,664.5,166.97500000000002,211.85000000000002,264,408,1151.25,1943.2000000000003,2833.0499999999997,3920
PE,36,2027-06-13,642,143.95,186.95000000000002,252.8,402.75,1084.75,1825.0000000000014,2729.4499999999994,3523.4249999999975
PE,37,2027-06-20,603.5,139.975,179,233,379,1039.75,1770.2000000000003,2621.499999999997,3631.5499999999965
PE,38,2027-06-27,570,130.95000000000002,165.9,220,350.75,991.5,1752.0000000000014,2700.05,3790.349999999998
PE,39,2027-07-04,547.5,122.97500000000001,155,203.9,328,923.25,1550.800000000001,2340.2,3160.2249999999985
PE,40,2027-07-11,507,116.975,145,194,314,868,1536.3000000000004,2353.449999999999,3221.2749999999987
PE,41,2027-07-18,483,115.975,144,188.9,292,826.5,1398.2000000000003,2168,2903.5999999999967
PE,42,2027-07-25,443,97,132,170.9,267,778.25,1364.6000000000008,1981.3499999999997,2860.574999999997
PE,43,2027-08-01,421,90.97500000000001,119,159,256,764,1356,1939.1999999999998,2763.224999999982
PE,44,2027-08-08,407.5,88,110,148.9,236,733,1292.4000000000005,1898.05,2645.2999999999984
PE,45,2027-08-15,392.5,89.975,109.95,144,231,682.5,1212.0000000000014,1711.9499999999991,2242.374999999998
PE,46,2027-08-22,364.5,78,103,137,216,653,1131.700000000001,1738.2499999999998,2507.324999999998
PE,47,2027-08-29,351.5,75.975,99.95,135,210,647,1170.1000000000001,1746.05,2247.2749999999983
PE,48,2027-09-05,340.5,73,96,126,197.75,609,1123.3000000000004,1566.05,2355.3499999999926
PE,49,2027-09-12,330,65.975,88,119.9,194,577.25,1021,1531.1499999999999,2147.174999999999
PE,50,2027-09-19,321.5,64.975,87,115.9,186,553,1024.9000000000012,1626.7499999999993,2206.324999999993
PE,51,2027-09-26,294,62,80,105,172,520.25,934.1000000000001,1460.199999999998,2098.4749999999976
PE,52,2027-10-03,294,64,77,107,174.75,530,919.1000000000001,1293,1830
PI,1,2026-10-11,24,4,7,9,15,40,63,91.04999999999995,123.07499999999959
PI,2,2026-10-18,21,4,5.950000000000003,7,12.75,37,63,88.04999999999995,115.02499999999986
PI,3,2026-10-25,21,4,6,7,12,35,56,82.09999999999991,112.02499999999986
PI,4,2026-11-01,20,4,5,7,12,35,59,84,108
PI,5,2026-11-08,20,4,5,7,12,35.25,56,79,110.04999999999973
PI,6,2026-11-15,20.5,3,5,7,12,36,58,82.04999999999995,112
PI,7,2026-11-22,22,4,5,7,12,36,60,84.04999999999995,104.02499999999986
PI,8,2026-11-29,22,4,5,8,13,38,59,82,116.02499999999986
PI,9,2026-12-06,23,4,6,8,13,41,69,96,129.02499999999986
PI,10,2026-12-13,25,5,7,9,15,42,70,95.04999999999995,139.02499999999986
PI,11,2026-12-20,27,5,7,10,16,47,76,107.04999999999995,140.12499999999932
PI,12,2026-12-27,32,6,8,11.900000000000006,19,55,90,122.09999999999991,164.14999999999918
PI,13,2027-01-03,40,8,11,15,25,67,107,149,207.04999999999973
PI,14,2027-01-10,49,11,15,19,31,80,124.10000000000014,175,234.04999999999973
PI,15,2027-01-17,63,14.975000000000001,18,25,40,101,164,214,272.1499999999992
PI,16,2027-01-24,79,19,25,32,48,129,197.10000000000014,274.0999999999999,361.0499999999997
PI,17,2027-01-31,94,24,31,40,59,149.25,239.10000000000014,322,430.29999999999836
PI,18,2027-02-07,114,30.975,38,49,73,187,299.10000000000014,403.0999999999999,506.17499999999905
PI,19,2027-02-14,137,35,43,58,86,221,354.10000000000014,472.04999999999995,600.1249999999993
PI,20,2027-02-21,163,44.975,54,69.9,101,255,410.10000000000014,542.05,719.0499999999997
PI,21,2027-02-28,185,50,63,80,119.75,289,456.10000000000014,593.0999999999999,892.0249999999999
PI,22,2027-03-07,216,57,71,91,139,338,509.2000000000003,687.05,961.3999999999978
PI,23,2027-03-14,255,67.975,85,109.9,159,391,571,790.1499999999999,1016.2499999999986
PI,24,2027-03-21,286,79,97.95,125,183,442,685.3000000000004,905.05,1243.0249999999999
PI,25,2027-03-28,308.5,89.975,108,135,199,487.25,745.2000000000003,1005.05,1291.5249999999971
PI,26,2027-04-04,345,91,120.95,148,224.75,531,826.1000000000001,1101.1999999999998,1364
PI,27,2027-04-11,362,102.97500000000001,129,159,243,549.5,875.1000000000001,1184.4999999999995,1573.1499999999992
PI,28,2027-04-18,367,109,130,167.9,243,582.25,890.3000000000004,1220,1624.4999999999973
PI,29,2027-04-25,391,105.975,134,174.9,254,615.25,934.2000000000003,1203.5499999999995,1587.2749999999985
PI,30,2027-05-02,393.5,118.97500000000001,144,176,260,618.25,937.0000000000014,1241.1499999999999,1590.0999999999995
PI,31,2027-05-09,386,107,138.95000000000002,169,244,604.25,897.1000000000001,1238.1499999999999,1766.2249999999988
PI,32,2027-05-16,380,106.95000000000002,128.9,158,238.75,584,892.2000000000003,1159.1499999999999,1586.1999999999935
PI,33,2027-05-23,338,92,121,151,223,540,857.1000000000001,1140.1,1350.174999999999
PI,34,2027-05-30,315.5,89,115,141,205.75,494,743.2000000000016,959.05,1266.2999999999984
PI,35,2027-06-06,288.5,76.975,98,123.80000000000001,183,453,704.2000000000003,958.05,1196.0999999999995
PI,36,2027-06-13,250,70,84.95,108,159.75,390,612.1000000000001,760.3499999999997,1013.1999999999989
PI,37,2027-06-20,218,62,76,96.9,143,332.25,500,642.1999999999998,856.2499999999986
PI,38,2027-06-27,188,53,68,83,121.75,296.25,459,620.0999999999999,769.1999999999989
PI,39,2027-07-04,162,44,54,71,106,258,396.10000000000014,545.0999999999999,793.3249999999982
PI,40,2027-07-11,147,39,48,63,94,220,335.10000000000014,467.1999999999998,603.1499999999992
PI,41,2027-07-18,128,37,45,56,82,195.25,308,392.0999999999999,490.2249999999988
PI,42,2027-07-25,114,29,37,47,74,184,284,387.04999999999995,486
PI,43,2027-08-01,102,27,32,42,64.75,158,244,329.04999999999995,455.1999999999989
PI,44,2027-08-08,93,24,30,39,58,147,227,293.04999999999995,416.0749999999996
PI,45,2027-08-15,79,18,25.950000000000003,34,50,124,197,276.0999999999999,347.1499999999992
PI,46,2027-08-22,69,18,22,28,43,110,173.10000000000014,224,303
PI,47,2027-08-29,57,14,18,23,37,93,146,199,277.0499999999997
PI,48,2027-09-05,48,11,14,18,30,77,124.10000000000014,174.04999999999995,237.04999999999973
PI,49,2027-09-12,41,9,12,16,25,65,105.10000000000014,140.04999999999995,195.0749999999996
PI,50,2027-09-19,35,7,10,13,21,56,91,131.0999999999999,181.02499999999986
PI,51,2027-09-26,30,6,8,11,18,49,81,111,151.04999999999973
PI,52,2027-10-03,26,5,7,10,15,44,73,96,129.0749999999996
PR,1,2026-10-11,295.5,35.975,56,78.9,147,631.5,1413.9000000000012,2508.1499999999996,3884.79999999999
PR,2,2026-10-18,325,40,58,84,162,776.25,1748.2000000000003,2844.3999999999996,5542.474999999997
PR,3,2026-10-25,385,44,66,96,189,846.25,1848.1000000000001,3083.2499999999977,5762.574999999997
PR,4,2026-11-01,438.5,52,72,107,210.75,949,1983.800000000001,3415.199999999999,5739.8999999999905
PR,5,2026-11-08,467.5,61,82,118,217,990.25,2196.0000000000027,4102.8499999999995,6831.499999999991
PR,6,2026-11-15,520,65,90,135,257,1120.5,2550.7000000000007,4270.899999999998,7581.399999999998
PR,7,2026-11-22,586,74.97500000000001,100.95,148.9,279.75,1280,2675.400000000002,4548.8499999999995,7121.474999999998
PR,8,2026-11-29,615,76.975,98.95,151,297,1335.25,2930.9000000000015,4943.099999999997,8894.124999999998
PR,9,2026-12-06,662,84.975,116.95,173,319.75,1389.75,2996.2000000000003,5100.199999999997,7794.349999999981
PR,10,2026-12-13,697,95,121.95,174.9,323,1464.5,3495.2000000000007,6135.499999999999,10960.324999999993
PR,11,2026-12-20,761.5,93,127,192,375.5,1615,3571.4000000000005,6427.199999999998,10125.92499999998
PR,12,2026-12-27,812.5,107,149,203,393,1823.25,3910.9000000000015,7330.499999999999,11684.549999999894
PR,13,2027-01-03,963.5,115.975,166,258.8,464,2067.25,4345.300000000002,7610.499999999999,11833.799999999996
PR,14,2027-01-10,1096,131.95,194.95000000000002,292,533.75,2352,5081.000000000003,8302.499999999998,13442.799999999985
PR,15,2027-01-17,1286.5,166.97500000000002,235,334.90000000000003,643.75,2957.25,7081.200000000011,11784.05,19220.09999999998
PR,16,2027-01-24,1619.5,184,262.95000000000005,380.9,758.75,3563.25,7707.700000000005,13629.099999999997,20362.274999999965
PR,17,2027-01-31,1890,229,333.90000000000003,487.5,922.25,4141,9512.300000000001,16117.449999999993,26482.124999999993
PR,18,2027-02-07,2136,300.95,450.70000000000005,605.9000000000001,1084.75,4964.25,10433.700000000003,17952.549999999977,29744.12499999997
PR,19,2027-02-14,2660.5,319.9,427.85,637.6000000000001,1289.5,5833.5,13372.7,22351.1,38287.24999999999
PR,20,2027-02-21,3102.5,373.90000000000003,505.95,744.6,1446.5,6625.75,14253.200000000003,25303.1,40782.949999999924
PR,21,2027-02-28,3464.5,450.975,607.6,912.6,1697,7486.5,16721.9,29025.45,55226.57499999988
PR,22,2027-03-07,3910.5,462.95,652.55,964.8,1931.75,8676.25,18873.200000000008,31381.69999999999,58972.79999999996
PR,23,2027-03-14,4351,515.8249999999999,730.75,1128.5,2133.75,9921,21897.300000000014,36555.79999999999,62424.19999999964
PR,24,2027-03-21,4612,538.95,790.55,1177.7,2261.25,10059.5,23003.200000000015,39922.85,64949.57499999995
PR,25,2027-03-28,5056,586.975,844.9,1330.5,2507.5,11026.5,24512.700000000026,42445.34999999998,69566.97499999986
PR,26,2027-04-04,5256.5,654.875,905.7,1363.3999999999999,2580.5,11181.75,25664.200000000004,42694.399999999994,75082.79999999993
PR,27,2027-04-11,5157,669.9,962.95,1390.8,2494.5,11135.75,25703.10000000001,46584.49999999999,72077.92499999989
PR,28,2027-04-18,5093.5,646.9250000000001,845.95,1209.8999999999999,2392,11118,24952.000000000022,41588.14999999996,67054.42499999994
PR,29,2027-04-25,4845.5,609.75,841.65,1235.6,2281.75,10434.75,23085.500000000007,35374.74999999999,58596.725
PR,30,2027-05-02,4313.5,542.825,754.9,1087.1000000000001,2049.75,9451.25,20967.70000000001,34262.39999999998,60096.12499999992
PR,31,2027-05-09,3581.5,468.975,656.95,936.8,1751.5,7886,16749.2,27468.99999999999,53102.69999999982
PR,32,2027-05-16,2958,406.92499999999995,505.95,751,1395.75,6539,14645.600000000013,24896.549999999992,37827.29999999991
PR,33,2027-05-23,2288.5,293.925,388.95,570,1054.75,4958.75,10750.900000000005,17377.999999999996,30540.624999999858
PR,34,2027-05-30,1670.5,202.82500000000002,317.95000000000005,454,844.5,3875.25,7985.100000000011,13809.699999999999,22730.749999999945
PR,35,2027-06-06,1338.5,172.875,244.85,365.8,658.75,2964.75,6592.300000000002,11154.999999999993,17680.57499999997
PR,36,2027-06-13,991.5,136.95,171,264,493.75,2138,4683.0000000000055,8539.999999999995,15115.524999999992
PR,37,2027-06-20,770.5,99,137,197,382,1691,3746.200000000003,6128.8499999999995,9964.874999999978
PR,38,2027-06-27,582.5,77.975,100,160,292.75,1339,2774.500000000001,4949.499999999998,8076.774999999962
PR,39,2027-07-04,477,61.975,84.95,123,216,1026.5,2266.600000000005,4010.8499999999967,7703.874999999989
PR,40,2027-07-11,376.5,52,66.95,95,181,856.5,1780.1000000000001,2935.5,4622.474999999987
PR,41,2027-07-18,307,37,55.95,80,149,670.25,1480.1000000000001,2555.7,3991.0749999999944
PR,42,2027-07-25,245,31.975,44,67,123,547,1200.3000000000004,1953.9499999999991,3347.674999999996
PR,43,2027-08-01,228,25.975,36,55.900000000000006,110,500.5,1015,1736.2999999999997,3763.7499999999736
PR,44,2027-08-08,190,21,33.95,53,94,434.25,918.9000000000012,1438.3499999999997,2539.9999999999836
PR,45,2027-08-15,179,22.975,33.95,45,86,398.25,877.2000000000003,1493.5499999999995,2327.4249999999975
PR,46,2027-08-22,171,23,30.950000000000003,46,86,400,820.6000000000008,1412,2351.7499999999905
PR,47,2027-08-29,174.5,21.975,29,44,85,380.25,833.1000000000001,1407.9499999999991,2614.2999999999984
PR,48,2027-09-05,192.5,22,31,44,87,406,849.4000000000005,1466.2499999999998,2795.4749999999813
PR,49,2027-09-12,191,24,36,52,95,420.75,960.6000000000008,1578.8499999999992,2664.7999999999956
PR,50,2027-09-19,203,24,33,53.900000000000006,101,476.25,1037,1706,3137.399999999998
PR,51,2027-09-26,223.5,29,42,60,108,497.5,1067.3000000000004,1823.149999999998,3590.249999999982
PR,52,2027-10-03,249.5,35,48,67,126,574,1208.6000000000008,2164.1,3819.849999999995
RJ,1,2026-10-11,108,4,8,16,39,253,576,1044.05,1555.0749999999996
RJ,2,2026-10-18,110,4.975000000000001,9,16,43,272.25,680,1115.7499999999993,1656.6249999999966
RJ,3,2026-10-25,116,5,9,18,48,284.25,663.9000000000012,1041.05,1843.3999999999978
RJ,4,2026-11-01,119.5,6,10,18,47,296.25,707.2000000000003,1185,2055.4749999999813
RJ,5,2026-11-08,136,6,11,21,52,329,751.1000000000001,1321.6499999999994,2347.224999999993
RJ,6,2026-11-15,143,8,12,22,53,345,832.1000000000001,1472.5499999999986,2441.1499999999996
RJ,7,2026-11-22,160.5,7,12.950000000000003,23,61,396.25,855.1000000000001,1460.6999999999994,2230.574999999997
RJ,8,2026-11-29,168,9,15,25,64.75,399.25,939.4000000000005,1513.3999999999987,2659.1499999999937
RJ,9,2026-12-06,178,9,15,28,70.75,451.75,1053.1000000000001,1752.8499999999992,2878.549999999997
RJ,10,2026-12-13,193,10.975000000000001,18,30,73.75,510.25,1081.800000000001,1891.5499999999995,3359.199999999999
RJ,11,2026-12-20,214.5,10,19,32.900000000000006,84,513.25,1225.1000000000001,2068.2,3508.9249999999947
RJ,12,2026-12-27,240,14,21,36.900000000000006,89,617,1394.1000000000001,2439.25,4147.699999999996
RJ,13,2027-01-03,269.5,14,23,41,105,676.25,1516.6000000000008,2541.949999999999,3929.5249999999915
RJ,14,2027-01-10,328,14,26,49,125,825,1865.1000000000001,3110.05,6194.374999999987
RJ,15,2027-01-17,364,20,31,59,147,925,2072.0000000000014,3576.6999999999975,6116.574999999992
RJ,16,2027-01-24,430.5,22,34,66.9,161,1069,2322.1000000000004,4168.449999999999,6716.3499999999985
RJ,17,2027-01-31,471,23,40,72,190,1149,2599.4000000000005,4843.45,8527.574999999979
RJ,18,2027-02-07,536,25.975,43,82.9,200.75,1314.25,3088.600000000001,5475.15,8705.349999999988
RJ,19,2027-02-14,590,26,48.95,90,231.75,1512.75,3492.000000000002,5865.999999999994,9604.074999999995
RJ,20,2027-02-21,616,33,52,99,246,1529,3618.100000000003,6316.449999999999,10706.874999999924
RJ,21,2027-02-28,680,33.975,53.900000000000006,103.80000000000001,259.75,1654,3871.2000000000025,6574.799999999999,11300.174999999994
RJ,22,2027-03-07,725.5,33.975,66.95,117.9,284,1843,4189.500000000009,6870.65,10741.62499999993
RJ,23,2027-03-14,755.5,40,63,114,296,1809.75,4066.9000000000015,7374.0999999999985,11827.349999999988
RJ,24,2027-03-21,773,45,72.95,130,289.5,1896.25,4119.100000000001,7286.5499999999975,11694.774999999963
RJ,25,2027-03-28,775.5,42,67,123.9,314.75,1861,4422.100000000001,7256.2999999999965,10978.099999999962
RJ,26,2027-04-04,741.5,40,67,121.9,311.75,1854.5,4358.800000000002,7122.5499999999975,12199.299999999997
RJ,27,2027-04-11,766.5,40.975,62.95,112,275,1898,4345.700000000006,7519.299999999995,11428.77499999999
RJ,28,2027-04-18,742.5,34,61,116,287.5,1753.75,4308.300000000003,7370.0999999999985,12343.024999999985
RJ,29,2027-04-25,711.5,35.975,58.95,103,271,1723.25,4272.800000000003,6742.549999999996,10192.274999999981
RJ,30,2027-05-02,674.5,30,55.95,95,264.75,1659.5,3797.900000000005,6696.999999999999,10041.399999999998
RJ,31,2027-05-09,662.5,29,55.95,102,252.75,1579.25,3467.6000000000013,5499.999999999998,10226.574999999992
RJ,32,2027-05-16,573,35,52,84,217.75,1460,3055.1000000000004,5516.1,10110.175
RJ,33,2027-05-23,529,25,43,74,192,1262.25,2715.6000000000013,4960.2,7461.87499999999
RJ,34,2027-05-30,467,21,34,67.9,175,1127.5,2479.4000000000005,4111,6919.049999999994
RJ,35,2027-06-06,396.5,18,35,65,151,980.75,2259.600000000001,3768.9499999999985,6559.9999999999945
RJ,36,2027-06-13,338,17,26,50.900000000000006,127,796.25,1880.400000000002,3277.849999999999,5167.674999999986
RJ,37,2027-06-20,286,15,23.950000000000003,42.900000000000006,109,740.5,1603.3000000000004,2971.3999999999996,5358.374999999987
RJ,38,2027-06-27,251,11,20,39,93,606.25,1422.1000000000015,2362.0999999999985,3737.7499999999686
RJ,39,2027-07-04,223,10,18,34,83,544.25,1217,2101.45,3280.6499999999965
RJ,40,2027-07-11,190,10,17,27,71,450.25,1118.4000000000005,2052.3999999999996,3196.574999999997
RJ,41,2027-07-18,163,8.975000000000001,14,24,62,415,939.1000000000001,1505.1999999999998,2248.324999999998
RJ,42,2027-07-25,152,8,12,24,57,347.25,819.3000000000004,1476.6999999999994,2158.149999999999
RJ,43,2027-08-01,132,6,10,18,48,322.5,699.2000000000003,1150.3499999999997,1790.5249999999971
RJ,44,2027-08-08,119,5,10,18,49,299,688.6000000000008,1151.2999999999988,1789.8749999999898
RJ,45,2027-08-15,106,5,9,16,38.75,257,578.1000000000001,1070.1999999999998,1717.2499999999986
RJ,46,2027-08-22,100,5,8,14,37,250,538.2000000000003,882.0999999999999,1434.374999999998
RJ,47,2027-08-29,97.5,4,8,15,36,229,492.5000000000007,897.05,1390.6749999999963
RJ,48,2027-09-05,88,4,7,13,32.75,220,479.2000000000003,819.1499999999999,1319.349999999998
RJ,49,2027-09-12,88,4,8,14,32,212.25,517,823.2499999999998,1366.5999999999967
RJ,50,2027-09-19,92,4,6,12,33,232,493.2000000000003,835.1999999999998,1343.9749999999947
RJ,51,2027-09-26,98,4,7,14,37,231,526.2000000000003,875.6499999999994,1527.0249999999999
RJ,52,2027-10-03,105,4,7,14,38.75,248,593.2000000000003,983.0999999999999,1615.1999999999935
RN,1,2026-10-11,115,16.975,25,36,64,210,370,577.2999999999997,895.0749999999996
RN,2,2026-10-18,111,18,23,33,58.75,203.25,358.10000000000014,507,719.1999999999989
RN,3,2026-10-25,103,16,21,32,56,196,353.2000000000003,498.2499999999998,671.0249999999999
RN,4,2026-11-01,97,14.975000000000001,21,29,51.75,177,326,474.04999999999995,687.0499999999997
RN,5,2026-11-08,90,14,20,28,49,165,310,473.04999999999995,676.0499999999997
RN,6,2026-11-15,87,12,17,26.900000000000006,47.75,160.25,283.3000000000004,438.14999999999986,659.0499999999997
RN,7,2026-11-22,82,12,17,24,45,153,282.10000000000014,406.0999999999999,625.1999999999989
RN,8,2026-11-29,80,12.975000000000001,17,23,43,156,272,394,542.0999999999995
RN,9,2026-12-06,80.5,12,17,24,45,152.25,262.10000000000014,391.14999999999986,555
RN,10,2026-12-13,80,12,17,24,42.75,145,271.10000000000014,384,589.1499999999992
RN,11,2026-12-20,81,13,18,26,44,153,282,417,554
RN,12,2026-12-27,88,13,19,27,47,163,307,466.0999999999999,606.1499999999992
RN,13,2027-01-03,96,14,20,28,50,188,339.10000000000014,515.05,713.3249999999982
RN,14,2027-01-10,103,17,22,32,56,200.25,367,516.2999999999997,783.0499999999997
RN,15,2027-01-17,123,18,26,37.900000000000006,66,227,431.10000000000014,643,928.2749999999985
RN,16,2027-01-24,146,21.975,31,44,74,278.25,502.2000000000003,765.6999999999994,1047.0749999999996
RN,17,2027-01-31,177,25,36,53,96,338,587.4000000000005,849.3999999999996,1250.2249999999988
RN,18,2027-02-07,202,36,47.95,63,110.75,394,703.1000000000001,1076.05,1494.1249999999993
RN,19,2027-02-14,244,38,51.95,75.9,130,456.5,795.2000000000003,1166.2999999999997,1542.4249999999977
RN,20,2027-02-21,282,43,64,88,152,526.25,976.1000000000001,1390.2499999999998,1875.9999999999945
RN,21,2027-02-28,313,52,71,96.9,165,591.5,1036.1000000000001,1465.3999999999996,2112.1999999999935
RN,22,2027-03-07,348,52.975,75,107,191,612.25,1112.700000000001,1648.9499999999991,2281.1249999999995
RN,23,2027-03-14,359,56,79.95,113,197,671,1195.1000000000015,1758,2383.424999999987
RN,24,2027-03-21,381,61,81,118.9,208.75,663,1205.1000000000001,1778.3499999999997,2548.1749999999993
RN,25,2027-03-28,384.5,60.975,85,116.9,209,709,1243.5000000000007,1846.1499999999999,2657.3499999999985
RN,26,2027-04-04,402.5,68,91,128.9,235,722,1292.9000000000012,1856.2499999999998,2544.549999999997
RN,27,2027-04-11,414,70.97500000000001,94,132,229,737,1279.3000000000004,1911.05,2650.699999999996
RN,28,2027-04-18,421,79,103,140,244,756,1385.4000000000005,2063.5499999999993,2956.4249999999975
RN,29,2027-04-25,447.5,71.975,99.95,136,241,813.5,1461.2000000000003,2034.8999999999992,2745.025
RN,30,2027-05-02,432,73.95,102,138.9,236.75,815,1389.2000000000003,1960.7999999999993,2870.374999999998
RN,31,2027-05-09,433.5,65.975,98.95,134.9,231,813.25,1480.1000000000015,2037.149999999999,2937.3499999999926
RN,32,2027-05-16,443,70,97,137,238,817.5,1420.2000000000003,2005.4499999999996,2789.025
RN,33,2027-05-23,426.5,68,93,135,229.75,779.25,1359.1000000000001,2024.4999999999995,2875.79999999999
RN,34,2027-05-30,405.5,73.975,99,135.9,235,732.5,1282.2000000000003,1846.3999999999996,2601.024999999994
RN,35,2027-06-06,382,61,82,120,213.75,711,1245,1776.1,2583.199999999999
RN,36,2027-06-13,375,62,84.95,112.9,199,670.5,1159,1710.3999999999996,2335.3999999999814
RN,37,2027-06-20,359.5,56,75,111.9,203,656,1170,1607.1,2186.2749999999987
RN,38,2027-06-27,336.5,61,77.95,112,189,609.25,1057.700000000001,1515.6499999999994,2074.2499999999986
RN,39,2027-07-04,318,55,73,102,177,572,1028.4000000000005,1419.1,2012.2499999999932
RN,40,2027-07-11,301,51,68.95,99,173,566,972.3000000000004,1401.1,2045.0999999999995
RN,41,2027-07-18,293,50.975,67,93.9,160,520.5,912.2000000000003,1307.2499999999998,1882.1249999999993
RN,42,2027-07-25,262,47,62,88,145,480,873.3000000000004,1211.5999999999995,1642.3249999999982
RN,43,2027-08-01,260,44.975,60,83.9,143,454,809.1000000000001,1192.4499999999996,1736.0499999999997
RN,44,2027-08-08,243,37,51,75,135,429.25,732.4000000000005,1079.3499999999997,1456.174999999999
RN,45,2027-08-15,219.5,31,46,69,120,381,665.3000000000004,958.05,1381.0999999999995
RN,46,2027-08-22,206,33.975,47,66,110.75,364.25,651,977.3499999999997,1258.749999999996
RN,47,2027-08-29,178,27,42.95,59,99,321.25,599.2000000000003,879.05,1224.0749999999996
RN,48,2027-09-05,168,26,35.95,51,91,298.5,533.2000000000003,774,1125.6249999999966
RN,49,2027-09-12,159,25.975,34.95,50,87.75,292,498,716.0999999999999,1049.6249999999966
RN,50,2027-09-19,147,24,33,47.900000000000006,82,261.25,452.10000000000014,636.1999999999998,964.2499999999986
RN,51,2027-09-26,135,19,27,41,72,250,426.10000000000014,603.2999999999997,864.2999999999984
RN,52,2027-10-03,124,19,28,39,67,226,382.10000000000014,588.2499999999998,880.3999999999978
RO,1,2026-10-11,18,2,4,6,10,34,63,96.04999999999995,129.02499999999986
RO,2,2026-10-18,21,2,4,6,11,39,70,101,138.02499999999986
RO,3,2026-10-25,23,3,4,6,12,43,80.10000000000014,114.04999999999995,165.04999999999973
RO,4,2026-11-01,26,4,5.950000000000003,8,14,48,91,133,204.04999999999973
RO,5,2026-11-08,31,4,6,9,16,56,99,144,203.12499999999932
RO,6,2026-11-15,35,5,7,10,19,65,116.10000000000014,167.04999999999995,234
RO,7,2026-11-22,40,6,9,13,22,77,133.10000000000014,196,278.02499999999986
RO,8,2026-11-29,46,7,10,14,25,85,145,220.04999999999995,325.02499999999986
RO,9,2026-12-06,53,8,11,17,29,95,171.20000000000027,262,340.1499999999992
RO,10,2026-12-13,59,8,12,17,32,105.25,187,261.04999999999995,361.1999999999989
RO,11,2026-12-20,67,10,14,20,35,120,204.40000000000055,309.04999999999995,454.0749999999996
RO,12,2026-12-27,75,13,17,23.900000000000006,40,140,253,361.14999999999986,516.0499999999997
RO,13,2027-01-03,86,13.975000000000001,19.950000000000003,28,48,157,299.10000000000014,413,567.2249999999988
RO,14,2027-01-10,97.5,15,21,30,54.75,185,325.10000000000014,469.14999999999986,697.6749999999963
RO,15,2027-01-17,110.5,18,24,33,62.75,204,363.3000000000004,515.05,776.0999999999995
RO,16,2027-01-24,122,19,26,38,67,233,406,629.0999999999999,838.649999999991
RO,17,2027-01-31,132,22,29,40,74,235.25,428.10000000000014,628,835.2999999999984
RO,18,2027-02-07,142.5,23,31,44,80,261,484.10000000000014,692.3499999999997,1003.174999999999
RO,19,2027-02-14,147,23.975,33,48,82,262.25,460.3000000000004,704.1499999999999,1056.0749999999996
RO,20,2027-02-21,147,22,31,47,80,281.25,496,748.05,1029
RO,21,2027-02-28,147,24,34,49,82,271.25,486.2000000000003,728.2999999999997,1067.4499999999975
RO,22,2027-03-07,146,23,30.950000000000003,42,74,271,487.2000000000003,691.1499999999999,1084.174999999999
RO,23,2027-03-14,127.5,23,30,42,71,236,413.2000000000003,605,863.0499999999997
RO,24,2027-03-21,124,20,27,39,69,225,413.10000000000014,603.3499999999997,850.0499999999997
RO,25,2027-03-28,117,17.975,26,36,63,216,399,541.0999999999999,780.1499999999992
RO,26,2027-04-04,106,16.975,22,33,59,194.25,357.2000000000003,505,683.1999999999989
RO,27,2027-04-11,94,15,21,29,53,182,330,460.04999999999995,650.3999999999978
RO,28,2027-04-18,89,13.975000000000001,18,28,49,161,290.10000000000014,434,680
RO,29,2027-04-25,81,12,17,24,43,150,276,386.0999999999999,539.0499999999997
RO,30,2027-05-02,73,13,16,23,42,133,250.10000000000014,393.14999999999986,552.1249999999993
RO,31,2027-05-09,66,11,15,21,37,123,233,356.14999999999986,494.3249999999982
RO,32,2027-05-16,63,8.975000000000001,13,19,34,114,211.10000000000014,310,458.0749999999996
RO,33,2027-05-23,54,8,12,17,31,98,181.20000000000027,277.04999999999995,365.09999999999945
RO,34,2027-05-30,52,7,11,16,29,97,175,264.2499999999998,393.0499999999997
RO,35,2027-06-06,48,7,10,15,25,86,156.20000000000027,233.04999999999995,339.0499999999997
RO,36,2027-06-13,45,6.975000000000001,10,14,24,83,146.10000000000014,207,304.02499999999986
RO,37,2027-06-20,42,6,9,13,22,75,144,208.14999999999986,316.0749999999996
RO,38,2027-06-27,39,6,8,11,21,71,126,174.04999999999995,275.0749999999996
RO,39,2027-07-04,35,5,7.950000000000003,11,19,64,123,172.0999999999999,241.02499999999986
RO,40,2027-07-11,31,4,6,9,18,57.25,100.10000000000014,144,213
RO,41,2027-07-18,30,4,5,8,15,52,95,140.04999999999995,197.02499999999986
RO,42,2027-07-25,26.5,3,5,8,14,49,86,126.09999999999991,183.04999999999973
RO,43,2027-08-01,22,3,5,7,12,43.25,79,116.04999999999995,167.04999999999973
RO,44,2027-08-08,20,2.9750000000000014,4,6,11,37,66,103.04999999999995,148
RO,45,2027-08-15,18,2,3,5,10,34.25,61,85.04999999999995,125.02499999999986
RO,46,2027-08-22,17,2,3,5,9,30,56,81.04999999999995,110
RO,47,2027-08-29,15,1,2,4,8,29,51.100000000000136,76,105.02499999999986
RO,48,2027-09-05,15,2,3,4,8,28,51,73.04999999999995,102
RO,49,2027-09-12,15,1,2,4,7,27,48,71.04999999999995,95
RO,50,2027-09-19,15,1,3,4,7,27,48,69.04999999999995,100
RO,51,2027-09-26,15,2,3,4,8,29,52,78,117
RO,52,2027-10-03,16,2,3,4,9,31,55,81.04999999999995,117.02499999999986
RR,1,2026-10-11,4,0,0,0,1,11,25,37,57.024999999999864
RR,2,2026-10-18,4,0,0,0,1,11,23,39,56.024999999999864
RR,3,2026-10-25,4,0,0,0,1,10,22,35,53
RR,4,2026-11-01,4,0,0,0,1,10,22,35,56.024999999999864
RR,5,2026-11-08,3,0,0,0,1,9,21,35,51.024999999999864
RR,6,2026-11-15,3,0,0,0,1,9,20,32,47
RR,7,2026-11-22,3,0,0,0,1,8,18,28,47
RR,8,2026-11-29,3,0,0,0,1,8,19,31,46
RR,9,2026-12-06,3,0,0,0,1,8,18,29,41
RR,10,2026-12-13,3,0,0,0,1,7,17,28,43.04999999999973
RR,11,2026-12-20,3,0,0,0,1,8,18,29,44
RR,12,2026-12-27,3,0,0,0,1,7,16,26,41
RR,13,2027-01-03,3,0,0,0,1,7,16,25,40.024999999999864
RR,14,2027-01-10,3,0,0,0,1,7,15,23,38
RR,15,2027-01-17,3,0,0,0,1,8,17,28,43
RR,16,2027-01-24,3,0,0,0,1,8,16,26.049999999999955,44
RR,17,2027-01-31,3,0,0,0,1,8,17,28,44
RR,18,2027-02-07,3,0,0,0,1,8,18,29.049999999999955,45.024999999999864
RR,19,2027-02-14,3,0,0,0,1,8,18,30,45
RR,20,2027-02-21,3,0,0,0,1,9,18.100000000000136,32,48.024999999999864
RR,21,2027-02-28,3,0,0,0,1,9,19,31,48
RR,22,2027-03-07,3,0,0,0,1,9,20,33,50.024999999999864
RR,23,2027-03-14,3,0,0,0,1,9,20,33,47.024999999999864
RR,24,2027-03-21,3,0,0,0,1,9,20,32,45
RR,25,2027-03-28,4,0,0,0,1,9,22,35.09999999999991,54.024999999999864
RR,26,2027-04-04,4,0,0,0,1,10,22,33,50
RR,27,2027-04-11,4,0,0,0,1,10,22,37,54
RR,28,2027-04-18,4,0,0,0,1,10,22,35,53.04999999999973
RR,29,2027-04-25,4,0,0,0,1,10,23,37,64.02499999999986
RR,30,2027-05-02,4,0,0,0,1,11,24,40,65
RR,31,2027-05-09,4,0,0,0,1,11,24,36,56
RR,32,2027-05-16,4,0,0,0,1,11,27,42,66
RR,33,2027-05-23,4,0,0,0,1,12,28,46,77.07499999999959
RR,34,2027-05-30,5,0,0,0,1,12,26,43.049999999999955,72.04999999999973
RR,35,2027-06-06,5,0,0,0,2,13,28,42,67.04999999999973
RR,36,2027-06-13,5,0,0,0,1,12.25,28,43.049999999999955,66
RR,37,2027-06-20,5,0,0,0,2,13,30,47,66
RR,38,2027-06-27,5,0,0,0,1,13,29,48,73
RR,39,2027-07-04,5,0,0,0,2,13,29,47,83
RR,40,2027-07-11,5,0,0,0,2,14,29,48,72
RR,41,2027-07-18,5,0,0,0,2,13,30,47,75.04999999999973
RR,42,2027-07-25,5,0,0,0,2,13,31,50,80.02499999999986
RR,43,2027-08-01,5,0,0,0,2,13,27,44,76
RR,44,2027-08-08,5,0,0,0,2,14,32,51,83
RR,45,2027-08-15,5,0,0,0,2,13,32,47.049999999999955,73.04999999999973
RR,46,2027-08-22,5,0,0,0,2,14,31,49.049999999999955,71.02499999999986
RR,47,2027-08-29,5,0,0,0,2,13,29,50,76.02499999999986
RR,48,2027-09-05,5,0,0,0,2,13,30,50,79
RR,49,2027-09-12,5,0,0,0,2,13,29,48,80
RR,50,2027-09-19,5,0,0,0,1,12,28.100000000000136,50,76.02499999999986
RR,51,2027-09-26,5,0,0,0,1,12,27,42,62.024999999999864
RR,52,2027-10-03,4,0,0,0,1,11,25,42.049999999999955,74
RS,1,2026-10-11,25,1.9750000000000014,3,5,10,69,210,471,977.1249999999993
RS,2,2026-10-18,27,2,3,5,11,68,194,479.04999999999995,957.574999999986
RS,3,2026-10-25,30,2,3,6,13,80,241.20000000000027,473.0999999999999,1018.8249999999955
RS,4,2026-11-01,31,2,4,6,13,88.25,255.10000000000014,537.8999999999992,1208.2249999999933
RS,5,2026-11-08,33,3,4,7,14,91,259,513.05,1085.6249999999966
RS,6,2026-11-15,37,3,4.950000000000003,7,16,104,297,694.3999999999996,1881.1499999999992
RS,7,2026-11-22,42,3,5,8,18,117.25,369.5000000000007,695.2499999999998,1620.4749999999974
RS,8,2026-11-29,46,4,6,9,19,125,372.2000000000003,842.05,1709.3999999999978
RS,9,2026-12-06,49,4,7,10,22,133,393.70000000000095,952.3499999999997,2449.2249999999713
RS,10,2026-12-13,54,5,7,11,22,147,444.40000000000055,981.9999999999991,2445.075
RS,11,2026-12-20,57,4.975000000000001,7,11,24,172,486.10000000000014,1003.3499999999997,2309.299999999993
RS,12,2026-12-27,61,5,8,12,27,164.25,516.3000000000004,1230.7999999999984,2507.449999999992
RS,13,2027-01-03,70,5,9,14,28,178,544,1241.9499999999973,2837.374999999987
RS,14,2027-01-10,73,7,10,15,31,197,528,1160.6499999999994,3231.9749999999945
RS,15,2027-01-17,83,8,11,18,36,225,663.2000000000016,1394.8999999999992,2560.4249999999865
RS,16,2027-01-24,94,10,14,19,39,246.25,679,1360.8999999999992,3176.574999999991
RS,17,2027-01-31,112.5,10,16,24,48,289,826.2000000000003,1855.1999999999998,4185.824999999973
RS,18,2027-02-07,142,14,20,30,63,403.5,1077.2000000000003,2153.3499999999995,3748.2999999999984
RS,19,2027-02-14,197.5,18,27,40,83,537,1488.1000000000001,3057.199999999999,5508.299999999998
RS,20,2027-02-21,272.5,26.975,36,54,114,718,2017.400000000002,4624.699999999999,9745.924999999934
RS,21,2027-02-28,351,32,45,69,148.75,959.5,2821.0000000000055,6499.5,13204.025000000001
RS,22,2027-03-07,473,45.975,63.95,96,206,1437.75,4062.000000000001,7708.15,15303.699999999964
RS,23,2027-03-14,646.5,58,87.95,127,252,1724.25,4726.600000000001,10001.65,19587.249999999967
RS,24,2027-03-21,815.5,74,103,163,327.5,2277.25,6265.800000000001,12040.549999999987,26039.94999999999
RS,25,2027-03-28,1027.5,93,128,205,422,2684.25,7721.000000000013,13724.35,31871.174999999912
RS,26,2027-04-04,1131,115.975,159.95,249.9,494.5,3112.25,8795.500000000011,20171.549999999985,38327.37499999995
RS,27,2027-04-11,1263,107,162.85000000000002,257.9,545.75,3540,10964.000000000005,21248.349999999966,42470.874999999985
RS,28,2027-04-18,1365,113.95,161.95,254.8,545.75,3758,11282.20000000001,25008.149999999994,56483.199999999815
RS,29,2027-04-25,1282,111.975,158.90000000000003,235.9,514.75,3705,10358.400000000003,22095.24999999999,52956.89999999992
RS,30,2027-05-02,1020,90.97500000000001,136,208,438,2896.25,8908.300000000001,19572.549999999992,51897.52499999964
RS,31,2027-05-09,900,77,113.95,177,366.75,2332,7687.400000000007,19538.749999999996,43807.5999999999
RS,32,2027-05-16,673.5,55,81,128.9,267.75,1981,6422.500000000001,14875.1,39895.924999999996
RS,33,2027-05-23,478,41.95,60,87.9,192,1429.25,4461.70000000001,10785.349999999997,31696.999999999993
RS,34,2027-05-30,341,27,39,62,135.75,1010.5,3584.2000000000003,7664.7999999999965,17820.874999999993
RS,35,2027-06-06,234,18,26,43,91,727.25,2154.100000000006,4769.399999999998,11082.749999999964
RS,36,2027-06-13,169.5,14,19,30,67,510,1812.800000000001,4166.249999999998,8092.274999999857
RS,37,2027-06-20,126,10,15,23,49,362.25,1127.2000000000003,2867.3499999999967,5918.124999999999
RS,38,2027-06-27,94,7,11,18,37,270.25,997,2220.349999999996,4582.749999999991
RS,39,2027-07-04,69,5.975000000000001,8.950000000000003,13,27,202.25,677.8000000000011,1457.3499999999997,3431.299999999993
RS,40,2027-07-11,52.5,4,5,9,20,151,513.2000000000003,1126,2862.049999999989
RS,41,2027-07-18,40,3,4,7,16,116,382.40000000000055,832.5999999999995,1936.3999999999978
RS,42,2027-07-25,33,2,3,6,12,92,333.40000000000055,795.7499999999993,1681.1249999999939
RS,43,2027-08-01,27,2,3,5,11,79,250,560.2499999999998,1275.1499999999992
RS,44,2027-08-08,23,1,3,4,9,70,225,518,968.7749999999958
RS,45,2027-08-15,21,1,2,4,8,62,200,472.04999999999995,919.4499999999975
RS,46,2027-08-22,19,1,2,3,8,54,185,429.1999999999998,939.4249999999977
RS,47,2027-08-29,19,1,2,4,8,49,165.20000000000027,348.1999999999998,836.4499999999975
RS,48,2027-09-05,18,1,2,3,7.75,51,163.20000000000027,324.1999999999998,645.2499999999986
RS,49,2027-09-12,18,1,2,3,7,50,156.10000000000014,310,789.0999999999995
RS,50,2027-09-19,19,1,2,3,8,55,173.20000000000027,362.0999999999999,808.2749999999985
RS,51,2027-09-26,21,1,2,4,9,56,172.10000000000014,395.1999999999998,863.2249999999988
RS,52,2027-10-03,22,1,2,4,9,61.25,178.10000000000014,367.7999999999993,859.2499999999986
SC,1,2026-10-11,43.5,3,5,8,17,125,399.2000000000003,911.2999999999997,2109.249999999999
SC,2,2026-10-18,48,4,6,9,19,141,466.2000000000003,1029.099999999999,2124.4499999999975
SC,3,2026-10-25,53,4,6,10,21,153,513,1136.5499999999959,2575.399999999998
SC,4,2026-11-01,59,5,7,11,23,173,561.8000000000011,1158.05,2139.5749999999916
SC,5,2026-11-08,63,5,8,12,27,176,586.3000000000004,1185.7999999999993,2992.699999999996
SC,6,2026-11-15,70,5,9,14,29,206,628.0000000000014,1341.7499999999975,2463.0749999999994
SC,7,2026-11-22,79.5,6,9,14,31,218.25,679.6000000000008,1524.149999999999,3174.574999999997
SC,8,2026-11-29,83,7,10,16,34,240.5,751.1000000000001,1807.2499999999989,3448.899999999946
SC,9,2026-12-06,94,7,10.950000000000003,18,37,272,872.1000000000001,1830.4499999999996,3927.7999999999847
SC,10,2026-12-13,105,9,12,19,42,284.25,888.700000000001,1981.6499999999994,4543.824999999979
SC,11,2026-12-20,111,9,13,22,44,325,1106.2000000000016,2181.499999999998,4484.274999999992
SC,12,2026-12-27,111.5,9,14,21.900000000000006,46,317,1079.700000000001,2361.0499999999993,5589.89999999998
SC,13,2027-01-03,126.5,11,16,24,48,360,1155.400000000002,2672.6999999999975,5051.124999999999
SC,14,2027-01-10,137,10,16,25,53,382,1178.3000000000004,2515.05,4680.324999999998
SC,15,2027-01-17,152.5,12.975000000000001,19,28,60,441.25,1263.5000000000007,3470.5499999999975,6567.474999999987
SC,16,2027-01-24,171,14,21,31.900000000000006,64,495.5,1535,3225.299999999992,6867.499999999997
SC,17,2027-01-31,192.5,16.975,24.950000000000003,35,78,581.25,1835.9000000000012,3815.2499999999977,9683.249999999949
SC,18,2027-02-07,226.5,20,28,44,93,652.25,2072.2000000000016,4376.849999999993,10449.174999999967
SC,19,2027-02-14,285,25,35.95,56,112,829,2660.4000000000033,6067.249999999996,13759.774999999983
SC,20,2027-02-21,370,31,43,71,143,1048,3373.0000000000055,7653.899999999994,15955.075
SC,21,2027-02-28,486,38,57,93,190,1373.5,4266.700000000003,9433.549999999987,22360.674999999792
SC,22,2027-03-07,584,45,70,111.9,227,1652,5223.700000000001,12117.249999999998,22788.799999999745
SC,23,2027-03-14,735.5,63,89,133,289,2267.5,6600.700000000004,15054.399999999994,38469.29999999984
SC,24,2027-03-21,968,93.92500000000001,125,180,367,2886.75,9209.200000000004,22011.399999999965,48219.34999999993
SC,25,2027-03-28,1168,113,140,214.9,443,3177.75,9979.700000000012,23941.34999999997,45751.97499999928
SC,26,2027-04-04,1356.5,113.975,165,262,539.75,3990,13649.400000000007,30836.449999999993,59686.09999999957
SC,27,2027-04-11,1427,143.875,194,285.9,591.75,4195.75,13716.9,30880.749999999996,68827.59999999966
SC,28,2027-04-18,1594.5,117,179,290,630.75,4538.5,15664.800000000023,37110.85,83675.69999999893
SC,29,2027-04-25,1476,128,195.75,311,632.5,4493,17309.100000000006,38955.599999999984,78602.52499999972
SC,30,2027-05-02,1565,131,179,282.9,592.5,4286.25,15508.100000000008,36712.84999999997,76350.27499999966
SC,31,2027-05-09,1351,122.97500000000001,160.95,257,514.75,4016.5,15167.10000000002,36008.899999999994,89584.44999999997
SC,32,2027-05-16,1111,95,131,198,425,3295.5,11520.100000000006,28928.799999999927,73884.04999999987
SC,33,2027-05-23,851.5,66.97500000000001,96.95,159,334,2736.5,9494.900000000001,23777.44999999999,49285.59999999995
SC,34,2027-05-30,686,53.975,75,117.9,262.5,2059.25,7626.200000000013,18096.349999999988,43716.724999999926
SC,35,2027-06-06,467,42,59,90,184.75,1438.75,5397.700000000004,13194.749999999982,29870.14999999991
SC,36,2027-06-13,383,29,44,72,151,1199.25,4329.300000000003,10445.3,22439.074999999975
SC,37,2027-06-20,284,23,32,51,108.75,947.75,3312.300000000002,7345.249999999996,15990.199999999966
SC,38,2027-06-27,215,16,23,38,82,705.25,2177.1000000000004,5515.499999999996,12675.174999999994
SC,39,2027-07-04,155,12,17,27,58,511,1651.3000000000004,3488.0499999999984,9295.62499999999
SC,40,2027-07-11,112,8.975000000000001,13,21,45,348.25,1213.5000000000007,2948.7499999999986,5994.124999999956
SC,41,2027-07-18,89.5,6,10,17,36,281.25,949.3000000000004,1939.1,4499.42499999997
SC,42,2027-07-25,68,5,7,11,27,207,698.4000000000005,1669.1,3645.1249999999995
SC,43,2027-08-01,57,4,6,10,23,174,608.2000000000016,1369.4999999999995,2760.6499999999965
SC,44,2027-08-08,45,3,5,8,19,142,493.1000000000015,1169.2999999999997,2366.499999999992
SC,45,2027-08-15,41,2.9750000000000014,4,6.900000000000006,16,130.25,411.10000000000014,906.2499999999998,2116.9249999999947
SC,46,2027-08-22,37,2,4,7,15,119,364,831.1499999999999,1736.8749999999952
SC,47,2027-08-29,36,2,4,6,13,102,332.10000000000014,721.4999999999995,1726.0249999999999
SC,48,2027-09-05,35,2,4,6,14,103,324.2000000000003,778.0999999999999,1605.099999999994
SC,49,2027-09-12,35,3,4,6,15,96,369.40000000000055,838.05,1729.0749999999996
SC,50,2027-09-19,36,3,4,6,14,103.25,348.10000000000014,777.05,1670.0999999999995
SC,51,2027-09-26,38,3,4,6,15,115.25,382.10000000000014,774.6999999999994,1707.6999999999744
SC,52,2027-10-03,40,3,4.950000000000003,7,16,119,377.10000000000014,877.6499999999994,2005.7249999999906
SE,1,2026-10-11,25,1,2,4,10,60,140,234.04999999999995,355.02499999999986
SE,2,2026-10-18,25,1,2,3,9,59,138,230.04999999999995,339.1999999999989
SE,3,2026-10-25,25,1,2,4,9,58,129.10000000000014,207,375.02499999999986
SE,4,2026-11-01,24,1,2,3,9,63,139,226,344.02499999999986
SE,5,2026-11-08,24,1,2,3,9,59,129.10000000000014,199.14999999999986,319.1249999999993
SE,6,2026-11-15,22,1,2,3,9,57,125,216.04999999999995,321.09999999999945
SE,7,2026-11-22,22,0,2,3,8,52.25,108.10000000000014,177.04999999999995,288.0749999999996
SE,8,2026-11-29,20,0,1,3,7,48,107.10000000000014,163,252.04999999999973
SE,9,2026-12-06,19,0,1,3,7,45.25,97.10000000000014,143,204.17499999999905
SE,10,2026-12-13,16,0,1,2,6,41,86,127.09999999999991,213.04999999999973
SE,11,2026-12-20,14,0,1,2,5,35,82,122.04999999999995,198.12499999999932
SE,12,2026-12-27,13,0,1,2,5,31,72.10000000000014,110,180.22499999999877
SE,13,2027-01-03,12,0,1,2,5,30,71,105,175.02499999999986
SE,14,2027-01-10,13,0,0,1,4,30,65,104.04999999999995,175.02499999999986
SE,15,2027-01-17,11.5,0,1,1,4,30,66,107.04999999999995,171.02499999999986
SE,16,2027-01-24,13,0,1,1.9000000000000057,5,31,69,109.19999999999982,172.1999999999989
SE,17,2027-01-31,13,0,1,2,5,33.25,72.10000000000014,113.04999999999995,166
SE,18,2027-02-07,13,0,1,2,5,33,72.10000000000014,120.04999999999995,180.2749999999985
SE,19,2027-02-14,14,0,1,2,5,35,78,118.04999999999995,189.04999999999973
SE,20,2027-02-21,15,0,1,2,6,40,84,126.09999999999991,193.09999999999945
SE,21,2027-02-28,16,0,1,2,6,41,93,152,214.0749999999996
SE,22,2027-03-07,17,0,1,2,7,41,87.10000000000014,134.04999999999995,223.14999999999918
SE,23,2027-03-14,18,0,1,2,7,45,95.10000000000014,165.04999999999995,235
SE,24,2027-03-21,19,0,1,3,8,46,106.10000000000014,166,256
SE,25,2027-03-28,21,0,1,3,8,54,110.10000000000014,187.0999999999999,294.2249999999988
SE,26,2027-04-04,22,1,2,3,8,54,117,209,343.09999999999945
SE,27,2027-04-11,25,1,1,3,9,60,129,207.0999999999999,336.2749999999985
SE,28,2027-04-18,24,1,2,4,9,62.25,131,198.04999999999995,313.09999999999945
SE,29,2027-04-25,26,1,2,4,10,62.25,139,217,331.0749999999996
SE,30,2027-05-02,29,1,2,4,12,70,152,240.0999999999999,379.02499999999986
SE,31,2027-05-09,30,1,2,5,12,76,177.20000000000027,276,429.2749999999985
SE,32,2027-05-16,33,1,3,5,13,83.25,182.20000000000027,308.04999999999995,457.0749999999996
SE,33,2027-05-23,35,1,2,5,14,90,213,338.49999999999955,521.2499999999986
SE,34,2027-05-30,36,1,3,6,15,96,210.10000000000014,348.0999999999999,530.374999999998
SE,35,2027-06-06,41,2,3,6,16,101,221.10000000000014,349,593.0499999999997
SE,36,2027-06-13,45,2,4,7,17,110.25,235.10000000000014,371.04999999999995,583.0749999999996
SE,37,2027-06-20,46,2,4,7,19,116.25,239.10000000000014,408.1999999999998,634
SE,38,2027-06-27,46,2,3.950000000000003,7,18,118,269,420.04999999999995,615.174999999999
SE,39,2027-07-04,47,2,4,8,19,114,245.10000000000014,406.1999999999998,706.2249999999988
SE,40,2027-07-11,48,2,4,7,19,114,253,402.0999999999999,681.0499999999997
SE,41,2027-07-18,45,2,4,7,18,113.25,251,411.04999999999995,639.0249999999999
SE,42,2027-07-25,44,2,4,7,17,110.25,241,409.0999999999999,659.1499999999992
SE,43,2027-08-01,42,2,4,6,16,104,230.20000000000027,384,604.0499999999997
SE,44,2027-08-08,41,1,3,5,16,97,209,346.04999999999995,564.2499999999986
SE,45,2027-08-15,37,1,3,5,14,89.25,189,364.04999999999995,578.0249999999999
SE,46,2027-08-22,32,1,3,5,12,82,167,265.04999999999995,370.09999999999945
SE,47,2027-08-29,30,1,2,4,11,77,172.10000000000014,261.3499999999997,419.02499999999986
SE,48,2027-09-05,30,1,2,5,12,68,143,251.19999999999982,373.0499999999997
SE,49,2027-09-12,28,1,2,4,10,67,150,255,363.02499999999986
SE,50,2027-09-19,25,1,2,4,10,61,135,227,351.0499999999997
SE,51,2027-09-26,24,1,1,4,10,61,136.20000000000027,212.04999999999995,354.02499999999986
SE,52,2027-10-03,25,1,2,4,10,62,134.10000000000014,215.0999999999999,342.17499999999905
SP,1,2026-10-11,1341.5,433.85,526.95,640,884,2230,4150,6416.3499999999985,9712.574999999973
SP,2,2026-10-18,1455.5,452.875,543.95,670.9000000000001,960.75,2425.75,4320.100000000003,6697.0499999999975,11414.424999999988
SP,3,2026-10-25,1576,507.95000000000005,593.75,723,1035.75,2598.75,4500.700000000003,6750.399999999997,11369.174999999945
SP,4,2026-11-01,1711.5,524.875,624,760.9,1115.75,2779.5,4967.000000000003,8131.849999999997,12213.449999999997
SP,5,2026-11-08,1771,579.9499999999999,665.85,818.4000000000001,1138,2951,5166.100000000001,7731.199999999998,12183.049999999897
SP,6,2026-11-15,1894.5,599,720,862,1249,3183.25,5578.000000000001,8291.699999999999,12595.94999999999
SP,7,2026-11-22,2012,648.9749999999999,761.85,928,1313,3363.75,5725.100000000001,8880.649999999998,14371.674999999974
SP,8,2026-11-29,2172.5,688.9,810.9,974,1404.75,3641.25,6075.900000000002,10296.599999999993,17177.499999999964
SP,9,2026-12-06,2338,728.6999999999999,876.7,1084.4,1529,3920.25,7011.4000000000005,10572.449999999995,16754.049999999952
SP,10,2026-12-13,2629,861.925,1019,1202,1669.75,4315.25,8043.200000000001,12297.549999999992,18387.29999999998
SP,11,2026-12-20,2834,892.95,1036.75,1281.8999999999999,1809.5,4782,8722.1,13469.199999999999,22579.124999999905
SP,12,2026-12-27,3282.5,1020.9250000000001,1211.9,1495.8,2118.75,5557.25,9882.800000000001,15660.699999999997,26714.074999999997
SP,13,2027-01-03,3874,1240.975,1435.65,1765,2528,6419.5,11951.500000000005,18829.59999999999,34317.724999999955
SP,14,2027-01-10,4751,1499.85,1748.95,2134.7999999999997,3047.25,7856.5,14219.400000000012,22809.05,36980.3499999999
SP,15,2027-01-17,5716.5,1726.9250000000002,2078.9500000000003,2486.9,3793.5,9626,17810.60000000001,27878.599999999995,42904.12499999984
SP,16,2027-01-24,6918.5,2261.725,2579.45,3195.5,4547,11777.75,20909.500000000004,34089.2,50094.74999999991
SP,17,2027-01-31,8248.5,2422.9,2893.65,3623.5,5203.75,14094.25,24384.40000000001,35292.09999999999,58682.72499999993
SP,18,2027-02-07,9507.5,2937.4750000000004,3528.85,4253,6353.75,15818.75,29444.500000000015,43376.89999999996,77314.27499999992
SP,19,2027-02-14,10842.5,3457.5,4080.05,5046.7,7106.75,18344.5,32523.2,50311.49999999999,92887.94999999985
SP,20,2027-02-21,12436.5,3713.95,4593.95,5632.2,8128.25,20762.75,36462.00000000003,54981.149999999994,92422.67499999989
SP,21,2027-02-28,13550.5,4342.675,5182.5,6091.5,8800.25,22118.5,38573.30000000002,62983.4,107018.34999999971
SP,22,2027-03-07,15091,4622.675,5531.55,6785.9000000000005,9715.5,25296.75,44341.600000000006,74387.2,126116.22499999989
SP,23,2027-03-14,16011.5,5605.875,6316.75,7559.5,10530.75,26703.25,47367.90000000001,69698.69999999997,128440.84999999999
SP,24,2027-03-21,17302,5826.875,6699.55,8208.8,11382.25,29125.5,52089.400000000016,82233.14999999994,137347.7749999997
SP,25,2027-03-28,18453.5,5914.7750000000005,7063,8673.9,11975.25,30897.75,57488.600000000006,82153.34999999999,155432.89999999997
SP,26,2027-04-04,19644.5,6098.75,7495.85,9051.5,12937.25,32078,57897.80000000002,85437.49999999999,132539.94999999995
SP,27,2027-04-11,19991.5,6613.0250000000005,7679.25,9048.9,12694,32771.25,54657.40000000002,91416.14999999997,152566.29999999996
SP,28,2027-04-18,19516,6319.95,7771.950000000001,9192.699999999999,12805,32232.5,58335.90000000004,86982.09999999999,151864.72499999957
SP,29,2027-04-25,18759,6212.700000000001,7193.65,8536.5,12258,31033.5,54341.300000000025,81747.29999999993,144283.0749999997
SP,30,2027-05-02,17366.5,5443.6,6436.95,8169.3,11619.75,28115.5,50868.80000000002,73976.99999999997,114564.57499999985
SP,31,2027-05-09,15439.5,4764.775,5693,6982.6,9933.75,24807.25,43015.50000000002,65795.19999999994,106275.07499999987
SP,32,2027-05-16,12573.5,4022.7999999999997,4742.450000000001,5818,8282.25,20273.75,34969.600000000006,50284.5,80914.4249999999
SP,33,2027-05-23,10394,3265.6749999999997,4055.1000000000004,4862.4000000000005,6805.5,17417,31556.000000000007,46447.549999999996,80447.09999999976
SP,34,2027-05-30,7889,2636.8,3115.6,3777.3,5306,12978.5,23654.40000000003,37417.84999999999,61002.299999999574
SP,35,2027-06-06,6202.5,1952.8249999999998,2347.75,2854.3,4040.5,10224.75,17793.90000000002,28535.299999999996,47886.89999999994
SP,36,2027-06-13,4752.5,1642.925,1937.95,2273,3215.75,7768.75,14410.100000000002,21665.649999999994,35006.999999999905
SP,37,2027-06-20,3750,1237.95,1456.8,1798.2,2534.75,6118.75,11034.000000000002,18054.149999999998,26483.74999999992
SP,38,2027-06-27,2940,931.9,1155.8999999999999,1399.8,1956,4898.25,8668.800000000003,13376.399999999996,19565.924999999963
SP,39,2027-07-04,2361.5,757.9250000000001,901.8000000000001,1087.9,1587.75,3876.5,6878.800000000001,10625.749999999989,16188.62499999998
SP,40,2027-07-11,1913,612.975,744.95,900.7,1240.75,3148.5,5589.800000000004,8987.39999999999,13736.399999999987
SP,41,2027-07-18,1600,513.925,602,731.8,1065.25,2609.5,4632.000000000002,7401.399999999994,11133.599999999959
SP,42,2027-07-25,1362,429.95000000000005,521,626.9000000000001,869.75,2301.25,4073.900000000005,6275.8499999999995,9709.424999999997
SP,43,2027-08-01,1224.5,395.925,457.9,557,786,1961,3423.9000000000015,5583.299999999995,8459.524999999949
SP,44,2027-08-08,1087,337.95,411.95,495,705.5,1822.5,3184.900000000004,5155.5499999999975,7772.6749999999965
SP,45,2027-08-15,1020,327,382,462,655,1676,2920.000000000002,4176.999999999999,7551.274999999992
SP,46,2027-08-22,990,304.90000000000003,365.95000000000005,441,626,1682.25,3028.1000000000004,4432.9999999999945,7060.049999999999
SP,47,2027-08-29,955.5,303.975,360,437.9,620,1622.25,2967.2000000000007,4554.299999999999,6972.424999999987
SP,48,2027-09-05,978.5,308.975,378.95000000000005,457,647.75,1633.75,2924.000000000002,4834.799999999996,6693.274999999993
SP,49,2027-09-12,999.5,327,397,471.9,671,1680,3053.3,4875.1,6980.049999999994
SP,50,2027-09-19,1064,332,410,504.9,700.75,1752,3258.4000000000005,4500.449999999999,7920.574999999997
SP,51,2027-09-26,1180.5,362,426.95000000000005,515,757.75,1966.5,3315,5291.599999999998,8639.699999999957
SP,52,2027-10-03,1244.5,412.975,487,576.9,795,2061.5,3883.1000000000026,5479.499999999996,8628.324999999993
TO,1,2026-10-11,26,4,5.950000000000003,8,15,46,77,108,147.02499999999986
TO,2,2026-10-18,29,5,7,10,17,50,85,114.04999999999995,154.04999999999973
TO,3,2026-10-25,34,5,7,11,19,60,104,146.0999999999999,202.04999999999973
TO,4,2026-11-01,41,7,10,13,24,70,114,156.04999999999995,225.0749999999996
TO,5,2026-11-08,49,7,11,17,28,83,143.10000000000014,205.04999999999995,270.24999999999864
TO,6,2026-11-15,58,10,14,19,33,101.25,163,241.0999999999999,319.2249999999988
TO,7,2026-11-22,67,13,17,23,40,120,203,274.2999999999997,388.02499999999986
TO,8,2026-11-29,80,14,20,27,46,140,228,303.14999999999986,420.0749999999996
TO,9,2026-12-06,86,15.975000000000001,21,28,50,146.25,267,374.04999999999995,516.0749999999996
TO,10,2026-12-13,94.5,16,22,32,54,162,279,414.04999999999995,560.0999999999995
TO,11,2026-12-20,96.5,16,21,31,54.75,171,298.10000000000014,419.2499999999998,591.0749999999996
TO,12,2026-12-27,102,19,27,36,60,183,321.10000000000014,436.2999999999997,618.0499999999997
TO,13,2027-01-03,118,19,28,39,67,207,337.10000000000014,482.04999999999995,658.0999999999995
TO,14,2027-01-10,137,25,33,47,79,235,404.2000000000003,552.05,739.3249999999982
TO,15,2027-01-17,157,29,38,52,88,265,458.10000000000014,636.1499999999999,913.2999999999984
TO,16,2027-01-24,178,33,43,60.900000000000006,103,306.25,507.10000000000014,729.05,994.2749999999985
TO,17,2027-01-31,195.5,33.975,48,67,112,345,578.1000000000001,820.0999999999999,1083.0999999999995
TO,18,2027-02-07,214,35.95,49.95,72.9,124,369,621.1000000000001,852.1499999999999,1158.3999999999978
TO,19,2027-02-14,216,40,56,78,126,370.25,626.1000000000001,923.5999999999995,1183.199999999999
TO,20,2027-02-21,228,42.975,59,79,134,394,644.3000000000004,925.05,1275.1499999999992
TO,21,2027-02-28,219.5,40.975,57,79.9,130,370,633.1000000000001,898.0999999999999,1253.9249999999895
TO,22,2027-03-07,224.5,46.975,58,79,134,386.25,642.1000000000001,877.1499999999999,1149.174999999999
TO,23,2027-03-14,230.5,41,58,81.9,133,391,633.4000000000005,895.3499999999997,1218.0999999999995
TO,24,2027-03-21,231,45,60.95,81,133.75,398.25,657,936.05,1253.2749999999985
TO,25,2027-03-28,228,43,57,81,133,393.25,681,969,1211.1249999999993
TO,26,2027-04-04,238,46,59.95,86,143,410,691.1000000000001,958.0999999999999,1281
TO,27,2027-04-11,239,46,60,83,137,411.25,680,970.0999999999999,1325.0249999999999
TO,28,2027-04-18,234,48,64.95,87,142,389.25,694.2000000000003,1021.2499999999998,1322.2999999999984
TO,29,2027-04-25,233,45,59,82,139,394.25,677.1000000000001,933.0999999999999,1296.174999999999
TO,30,2027-05-02,223,43.975,56,76,126,382.25,640.1000000000001,911.05,1230.9749999999947
TO,31,2027-05-09,201,40,53.95,70,115,348,604.1000000000001,863,1255.2749999999985
TO,32,2027-05-16,191,37,50,68,109,334.25,566,822,1088.0249999999999
TO,33,2027-05-23,166,30,42.95,58,96,294,474,687.2999999999997,940.0999999999995
TO,34,2027-05-30,141,27,35,50,80,242,414,568.2499999999998,818.3499999999981
TO,35,2027-06-06,118,22,29,41,70,208,358,500.0999999999999,660.0999999999995
TO,36,2027-06-13,98,18,25,34,58,173,289.10000000000014,413.2499999999998,544.0499999999997
TO,37,2027-06-20,84,15,21,29,47,141,248,344.0999999999999,468.02499999999986
TO,38,2027-06-27,68,12,16,24,38,119,208.10000000000014,299.1999999999998,401.0499999999997
TO,39,2027-07-04,58,10,14.950000000000003,19.900000000000006,34,100,161.10000000000014,237,332
TO,40,2027-07-11,50,9,12,17,29,82,136,188.0999999999999,257.0499999999997
TO,41,2027-07-18,45,8,10,15,25,76,134.10000000000014,185.04999999999995,247.0749999999996
TO,42,2027-07-25,40,7,9,13,23,72.25,122,169.04999999999995,217.39999999999782
TO,43,2027-08-01,38,6,8,12,21,65,103,150.04999999999995,218.02499999999986
TO,44,2027-08-08,34,5.975000000000001,8,11,20,60,99,139.04999999999995,192.02499999999986
TO,45,2027-08-15,31,5,7,10,19,56,95,136,186.02499999999986
TO,46,2027-08-22,30,5,7,10,17,53.25,88,123.04999999999995,166
TO,47,2027-08-29,28,4,6,9,16,49,81,109,154.04999999999973
TO,48,2027-09-05,26,5,6,9,15,47,77.10000000000014,110.09999999999991,153
TO,49,2027-09-12,26,4,5,8,14,44,74,100.04999999999995,132
TO,50,2027-09-19,24,4,5,8,14,44,74,98.04999999999995,130.04999999999973
TO,51,2027-09-26,25,4,5,8,13,43,71,98.09999999999991,141
TO,52,2027-10-03,24,4,5,8,13,43,74,99,146.02499999999986
BR,1,2026-10-11,7259,4231.5250000000005,4488.85,4895.9,5735.75,9689.75,14172.800000000003,19163.999999999996,29200.624999999985
BR,2,2026-10-18,7611.5,4348.925,4701.8,5153.9000000000005,6065,10220.75,15997.200000000003,21252.55,31440.024999999983
BR,3,2026-10-25,8000.5,4614.9,4924.45,5408.9,6409,10826,16222.000000000002,22808.599999999995,32796.34999999993
BR,4,2026-11-01,8524.5,4936.925,5323.15,5748.700000000001,6804,11712.25,17442.100000000006,24154.499999999993,34605.474999999984
BR,5,2026-11-08,9059,5105.85,5515.5,6061.5,7181,12320.5,17983.800000000017,24847.899999999998,34787.07499999999
BR,6,2026-11-15,9824,5612.875,6057.6,6607.9,7701.5,13365,19829.9,26721.249999999993,40126.15
BR,7,2026-11-22,10417,6016.425,6424.9,7012.4,8345.75,14267.25,21698.90000000001,30780.599999999995,46362.84999999995
BR,8,2026-11-29,11213,6311.85,6734.85,7486.9000000000005,8865.75,15499.75,23867.4,34436.84999999999,49880.17499999999
BR,9,2026-12-06,12049.5,6727.95,7330.65,8060.8,9461.5,16413.25,23739.3,35340.749999999985,54406.49999999984
BR,10,2026-12-13,12830,7358.9,7822.95,8514.4,10072.25,18189,28181.70000000003,40715.34999999999,59220.52499999999
BR,11,2026-12-20,13923,7739.45,8395.9,9110,10915.75,19341.5,29264.40000000001,43025.09999999999,64478.09999999989
BR,12,2026-12-27,15620,8711.474999999999,9364.5,10268.9,12310,21951,33035.20000000002,47391.6,71423.84999999982
BR,13,2027-01-03,18180.5,9873.75,10878.599999999999,11979.599999999999,14226.25,24946.75,40034.100000000006,58159.049999999996,86106.89999999956
BR,14,2027-01-10,21458.5,11802.175000000001,12812.85,14062.6,16700.75,29615.25,44037.900000000016,60613.69999999997,85570.29999999987
BR,15,2027-01-17,25665.5,14232.975,15242.45,16817,20300.25,35750.75,52498.50000000003,75366.15,108192.34999999996
BR,16,2027-01-24,29836.5,16784.675,18259.8,19893.7,23637.5,41336.5,61053.200000000055,85948.04999999997,127361.59999999976
BR,17,2027-01-31,35100,19217.575,21022.5,23481.6,28126.25,48683.5,71361.00000000003,97589.29999999997,143385.79999999973
BR,18,2027-02-07,40853,21860.275,23957.100000000002,26634.9,31861.75,55955.75,83841.70000000004,122941.09999999996,191661.22499999983
BR,19,2027-02-14,45380.5,24916.625,26859.100000000002,29503.7,35346.75,63692.75,97349.2,146871.05,210058.17499999993
BR,20,2027-02-21,50244,27541.825,29595.05,32727.2,39240.5,71016.75,107956.30000000002,157180.25,240555.04999999818
BR,21,2027-02-28,55806,30037.675,32145.65,35920.8,43183.5,77719.25,123820.60000000003,190782.74999999953,272412.1499999995
BR,22,2027-03-07,61294,32133.2,35116.4,38369.9,47051,85425.75,135179.50000000006,197837.69999999992,287626.49999999994
BR,23,2027-03-14,65004.5,34568.450000000004,37291.35,41297.2,49282.25,91870,143473.20000000013,234896.74999999994,346161.64999999985
BR,24,2027-03-21,68951.5,36560.024999999994,39315,44075.2,53231.5,99160.25,155615.00000000003,228223.44999999995,348309.0499999997
BR,25,2027-03-28,72412.5,37803.85,41416,45709,55485.25,102445,164589.60000000003,243318.99999999965,383769.3999999995
BR,26,2027-04-04,75970.5,38892.95,42337.3,47805.799999999996,58069.25,111434.25,172981.90000000014,258733.99999999985,381607.39999999973
BR,27,2027-04-11,76494,39006.025,42069.5,47360,58116.5,108642.5,178775.20000000013,274684.0499999998,466415.52499999636
BR,28,2027-04-18,76461.5,38996.5,42778.600000000006,47533.3,58153.25,112026,182873.00000000026,295380.15,481480.09999999957
BR,29,2027-04-25,73094.5,37301.525,41248.55,45475.3,55497.5,106155.75,177759.70000000004,283710.4999999999,434830.62499999895
BR,30,2027-05-02,68498,35266.725,38316.549999999996,42627.8,51702.75,97994.75,165911.80000000002,261877.39999999982,409197.67499999946
BR,31,2027-05-09,61218,31831.425,35209.45,38077.4,46667.5,87439,146798.2,237711.49999999997,343776.6499999996
BR,32,2027-05-16,53000,28232.775,30410.2,33350,40410.5,73074.5,121642.90000000005,182227.34999999992,314947.399999999
BR,33,2027-05-23,44243,24345.775,26528.85,28825,34588.5,63121,100319.1,143367.75,242641.34999999864
BR,34,2027-05-30,36156.5,19820.725000000002,21518.8,23759.7,28572.75,50287.25,85236.30000000005,124090.29999999999,168589.07499999995
BR,35,2027-06-06,30174,16691.875,17983.75,19607.5,23421.25,41126.75,62363.10000000002,89730.59999999999,156656.6999999999
BR,36,2027-06-13,24543.5,14025.85,14953.15,16247.6,19227,34191.25,51386.90000000001,75775.24999999999,112212.87499999959
BR,37,2027-06-20,20120.5,11767.225,12654.95,13741.099999999999,16230.75,27795,41217.60000000002,58806.349999999984,88160.79999999997
BR,38,2027-06-27,16561.5,9727.575,10388.6,11463,13481.5,22549,33978.30000000004,47884.24999999998,78199.39999999998
BR,39,2027-07-04,13997.5,8408.95,9008.65,9731.6,11498.75,18807.75,27588.8,37578.94999999999,55414.624999999956
BR,40,2027-07-11,12057,7286.425,7767.9,8318,9819.25,15753.5,22676.70000000001,30734.899999999994,44058.574999999946
BR,41,2027-07-18,10430.5,6295.95,6835.55,7320.7,8487.5,13507.25,19353.60000000001,25785.6,37411.32499999994
BR,42,2027-07-25,9283,5613.55,6013.700000000001,6516.6,7650,12237,17434.9,24640.449999999997,31671.874999999935
BR,43,2027-08-01,8536.5,5082,5478.35,5955,6947.5,11048.75,16065.700000000006,21289.749999999985,29022.524999999947
BR,44,2027-08-08,7754,4751.7750000000005,5089.95,5491.6,6333.75,10163.75,14270.800000000001,19358.8,26606.249999999956
BR,45,2027-08-15,7244.5,4374.8,4666.8,5022.5,5889,9471.25,13415.800000000007,17768.849999999995,23456.574999999906
BR,46,2027-08-22,6862.5,4192.95,4491.65,4840.9000000000005,5579.5,8988.25,12681.700000000006,16676.05,22727.424999999985
BR,47,2027-08-29,6555.5,4012,4267,4627.6,5387.75,8610.25,12091.800000000001,16083.349999999995,23208.574999999986
BR,48,2027-09-05,6442,3911.925,4178.8,4527.7,5239,8468.5,11934.400000000012,16443.8,23416.024999999972
BR,49,2027-09-12,6420,3823.7250000000004,4111.95,4534.1,5231.25,8428.75,12223.200000000003,15899.349999999993,22728.374999999953
BR,50,2027-09-19,6519.5,3925.875,4167.8,4459.8,5241.75,8545.25,12526.000000000004,16905.749999999996,24057.024999999983
BR,51,2027-09-26,6706,3899.875,4204,4575.6,5412.5,8910.25,12830.300000000003,17682.749999999996,26336.59999999999
BR,52,2027-10-03,6810,4045.975,4320,4729.8,5503.5,9238.25,13119.100000000002,18130.399999999998,25015.149999999987
