uf,week,date,pred,lower_95,lower_90,lower_80,lower_50,upper_50,upper_80,upper_90,upper_95
AC,1,2027-01-03,3,0,0,0,1,7,15,22,31
AC,2,2027-01-10,4,0,0,0,1,8,17,28,38
AC,3,2027-01-17,4,0,0,0,1,9,19,28.049999999999955,42.024999999999864
AC,4,2027-01-24,4,0,0,0,1,9,19,28.049999999999955,39.024999999999864
AC,5,2027-01-31,4,0,0,0,1,10,20,30,41
AC,6,2027-02-07,4,0,0,0,1,10,19,28,38.024999999999864
AC,7,2027-02-14,4,0,0,0,1,9,19,27,40
AC,8,2027-02-21,4,0,0,0,1,10,19,29,42
AC,9,2027-02-28,4,0,0,0,1,9,19,28,39
AC,10,2027-03-07,4,0,0,0,1,9,18,26,39
AC,11,2027-03-14,3,0,0,0,1,9,17,25,35
AC,12,2027-03-21,3,0,0,0,1,7,14,22,31
AC,13,2027-03-28,3,0,0,0,1,7,13,20.049999999999955,28.024999999999864
AC,14,2027-04-04,2,0,0,0,1,6,12,19,27
AC,15,2027-04-11,2,0,0,0,0,5,11,17,22
AC,16,2027-04-18,2,0,0,0,1,5,10,15,21
AC,17,2027-04-25,2,0,0,0,0,5,9,14,19
AC,18,2027-05-02,2,0,0,0,0,4,8,12,16
AC,19,2027-05-09,2,0,0,0,0,4,8,13,17
AC,20,2027-05-16,2,0,0,0,0,4,9,14,19
AC,21,2027-05-23,1,0,0,0,0,4,8,11,16.024999999999864
AC,22,2027-05-30,2,0,0,0,0,4,8,12,17
AC,23,2027-06-06,2,0,0,0,0,4,8,13,17
AC,24,2027-06-13,2,0,0,0,0,4,8,12,15
AC,25,2027-06-20,1,0,0,0,0,4,8,11,16
AC,26,2027-06-27,1,0,0,0,0,4,8,11,16
AC,27,2027-07-04,1,0,0,0,0,4,7,10,15.024999999999864
AC,28,2027-07-11,1,0,0,0,0,3,6,9,13
AC,29,2027-07-18,1,0,0,0,0,3,7,10.049999999999955,14
AC,30,2027-07-25,1,0,0,0,0,3,6,9,13
AC,31,2027-08-01,1,0,0,0,0,3,7,10.049999999999955,14
AC,32,2027-08-08,1,0,0,0,0,3,6,9,12
AC,33,2027-08-15,1,0,0,0,0,3,6,8,11
AC,34,2027-08-22,1,0,0,0,0,2,5,7,10
AC,35,2027-08-29,1,0,0,0,0,2,5,7,10
AC,36,2027-09-05,1,0,0,0,0,2,5,8,11
AC,37,2027-09-12,1,0,0,0,0,3,5,8,11.024999999999864
AC,38,2027-09-19,1,0,0,0,0,3,6,9,12
AC,39,2027-09-26,1,0,0,0,0,3,6,9,13
AC,40,2027-10-03,1,0,0,0,0,3,6,10,15
AC,41,2027-10-10,1,0,0,0,0,4,7,11,16
AC,42,2027-10-17,2,0,0,0,0,4,9,13,18
AC,43,2027-10-24,2,0,0,0,0,4,8.100000000000136,12,16
AC,44,2027-10-31,2,0,0,0,0,5,9,14,19
AC,45,2027-11-07,2,0,0,0,0,5,10,14,19
AC,46,2027-11-14,2,0,0,0,0,5,10,15,20.024999999999864
AC,47,2027-11-21,2,0,0,0,1,5,10,16,23
AC,48,2027-11-28,2,0,0,0,1,5,11,16,23.024999999999864
AC,49,2027-12-05,2,0,0,0,1,5,11,16,22
AC,50,2027-12-12,2,0,0,0,1,6,11,17,24.024999999999864
AC,51,2027-12-19,2,0,0,0,1,6,13,19,27
AC,52,2027-12-26,3,0,0,0,1,7,14,22,29
AL,1,2027-01-03,8,0,0,1,3,22,61,110,189
AL,2,2027-01-10,8,0,0,1,3,23.25,62,125,258.1499999999992
AL,3,2027-01-17,8,0,0,1,3,25,62,122.09999999999991,230.1999999999989
AL,4,2027-01-24,9,0,0,1,3,25,65.10000000000014,116.19999999999982,213.24999999999864
AL,5,2027-01-31,9,0,0,1,3,26,68,143.14999999999986,252.0749999999996
AL,6,2027-02-07,9,0,0,1,3,27,75.10000000000014,147.04999999999995,258.2249999999988
AL,7,2027-02-14,11,0,0,1,3,30,76,136.04999999999995,253
AL,8,2027-02-21,11,0,0,1,3,30,82,165.04999999999995,337.1499999999992
AL,9,2027-02-28,12,0,0,1,4,35.25,100,170,294.0499999999997
AL,10,2027-03-07,12,0,0,1,4,35,91,154.19999999999982,289.02499999999986
AL,11,2027-03-14,13,0,0,1,4,37,96.10000000000014,173,301.02499999999986
AL,12,2027-03-21,14,0,0,1,4,40.25,105.20000000000027,196.04999999999995,395.0499999999997
AL,13,2027-03-28,15,0,0,2,5,41.25,107.10000000000014,233.34999999999968,393.17499999999905
AL,14,2027-04-04,16,0,1,2,5,48,125,217.04999999999995,438.0749999999996
AL,15,2027-04-11,19,0,1,2,6,54,134,233.04999999999995,491.24999999999864
AL,16,2027-04-18,20,0,1,2,7,57,135.10000000000014,273.2499999999998,507.02499999999986
AL,17,2027-04-25,21,0,1,2,8,57,154.10000000000014,296.04999999999995,563.0249999999999
AL,18,2027-05-02,25,0,1,3,9,68,192.20000000000027,336,594.274999999993
AL,19,2027-05-09,26.5,0,1,2,9,74,199,354.0999999999999,630.3999999999978
AL,20,2027-05-16,28,1,1.9500000000000028,3,9,86,223.10000000000014,414.49999999999955,704.2249999999988
AL,21,2027-05-23,32,1,2,4,10,92,241,433.8999999999992,777.374999999998
AL,22,2027-05-30,33.5,1,2,3,11,98,266.40000000000055,494.39999999999964,953.1999999999935
AL,23,2027-06-06,36,1,2,5,13,105,273.2000000000003,493,1008
AL,24,2027-06-13,38,1,2,5,13,108,291,642.1499999999999,1088.749999999996
AL,25,2027-06-20,43,1,2,5,14,121.25,333.10000000000014,642.0999999999999,1173.4749999999974
AL,26,2027-06-27,44,1,3,5,15,130,360,604.05,1085.0249999999944
AL,27,2027-07-04,47,1,3,6,18,134,356.10000000000014,625.3999999999996,1023.724999999996
AL,28,2027-07-11,48,1,3,6,17,145.25,406.40000000000055,722.9499999999991,1362.7749999999958
AL,29,2027-07-18,51,2,3,7,17,140,384.6000000000008,777.05,1323.5249999999971
AL,30,2027-07-25,53,1,3,6,17,142,384.2000000000003,707.5999999999995,1369.1249999999993
AL,31,2027-08-01,49,1,3,6,16,152,377.10000000000014,627.6499999999994,1241.374999999998
AL,32,2027-08-08,48,1,3,6,16,142,390.2000000000003,702.05,1076.2999999999984
AL,33,2027-08-15,47,1,3,5,16,133.25,344.10000000000014,639.1999999999998,1161.0499999999997
AL,34,2027-08-22,47,1,3,6,15,124,331,574.5999999999995,1145.4499999999975
AL,35,2027-08-29,42,1,2,5,14,113.25,302,591.2999999999997,1041
AL,36,2027-09-05,37,1,2,4,13,106.25,292.10000000000014,581.2499999999998,1110.2749999999985
AL,37,2027-09-12,35,1,2,4,11,99,250.10000000000014,543.0999999999999,995.274999999993
AL,38,2027-09-19,29,1,1.9500000000000028,3,11,94,236.3000000000004,451.1999999999998,1058.199999999999
AL,39,2027-09-26,27,1,1,3,10,79.25,227,426.0999999999999,682.0249999999999
AL,40,2027-10-03,24,0,1,3,8,65.25,178.20000000000027,354.1999999999998,748.6749999999963
AL,41,2027-10-10,23,0,1,2.9000000000000057,8,64,168.10000000000014,298.04999999999995,500.1499999999992
AL,42,2027-10-17,19,0,1,2,7,59,138.20000000000027,246.04999999999995,503.1499999999992
AL,43,2027-10-24,17,0,1,2,6,49,133,243.14999999999986,407.3249999999982
AL,44,2027-10-31,16,0,1,2,5,45.25,116.10000000000014,191.0999999999999,373.64999999999645
AL,45,2027-11-07,14,0,1,1,5,38,92,170.04999999999995,273.44999999999754
AL,46,2027-11-14,12,0,0,1,4,34,89,169.04999999999995,290.1249999999993
AL,47,2027-11-21,11,0,0,1,4,31,77,134.04999999999995,219.29999999999836
AL,48,2027-11-28,10,0,0,1,3,27,75,146.0999999999999,261.17499999999905
AL,49,2027-12-05,9,0,0,1,3,26,67,120.04999999999995,218.0749999999996
AL,50,2027-12-12,8,0,0,1,3,25,66,120,188
AL,51,2027-12-19,8,0,0,1,3,23,60,105.04999999999995,195.0749999999996
AL,52,2027-12-26,8,0,0,1,3,23,58.100000000000136,111.09999999999991,194.0749999999996
AM,1,2027-01-03,2,0,0,0,1,5,9,12,18
AM,2,2027-01-10,2,0,0,0,1,5,9,13,19
AM,3,2027-01-17,3,0,0,0,1,5,10,14,20
AM,4,2027-01-24,3,0,0,0,1,6,10,15,21
AM,5,2027-01-31,3,0,0,0,1,6,11,16,23
AM,6,2027-02-07,3,0,0,0,1,7,12,18,27
AM,7,2027-02-14,3,0,0,0,1.75,7,13.100000000000136,19.049999999999955,26
AM,8,2027-02-21,4,0,0,0,2,7,13,19,28
AM,9,2027-02-28,4,0,0,1,2,7,13,19,28
AM,10,2027-03-07,4,0,0,1,2,8,14,20.049999999999955,30
AM,11,2027-03-14,4,0,0,1,2,8,14,21,34
AM,12,2027-03-21,4,0,0,1,2,8,15,21,31
AM,13,2027-03-28,4,0,0,0,2,8,15,23,35
AM,14,2027-04-04,4,0,0,1,2,8,15,22,35
AM,15,2027-04-11,4,0,0,1,2,8,14,21,31.024999999999864
AM,16,2027-04-18,4,0,0,1,2,8,15,21.049999999999955,31.024999999999864
AM,17,2027-04-25,4,0,0,1,2,8,15,22.049999999999955,29
AM,18,2027-05-02,4,0,0,0,2,7,14,19,26.024999999999864
AM,19,2027-05-09,4,0,0,0,1,7,14,22,31
AM,20,2027-05-16,3,0,0,0,1,7,14,19,31
AM,21,2027-05-23,3,0,0,0,1,7,12,18,25.024999999999864
AM,22,2027-05-30,3,0,0,0,1,7,12,18.049999999999955,27
AM,23,2027-06-06,3,0,0,0,1,6,13,19,27
AM,24,2027-06-13,3,0,0,0,1,6,12,18,24
AM,25,2027-06-20,3,0,0,0,1,6,11,17,25
AM,26,2027-06-27,3,0,0,0,1,6,11,16,23
AM,27,2027-07-04,3,0,0,0,1,6,11,17,23
AM,28,2027-07-11,3,0,0,0,1,6,11,16,22
AM,29,2027-07-18,3,0,0,0,1,5,10,15,21
AM,30,2027-07-25,2,0,0,0,1,5,10,15,19
AM,31,2027-08-01,2,0,0,0,1,5,10,15,21
AM,32,2027-08-08,2,0,0,0,1,5,9.100000000000136,15,18.024999999999864
AM,33,2027-08-15,2,0,0,0,1,5,9,13,18
AM,34,2027-08-22,2,0,0,0,1,5,8,12,16.024999999999864
AM,35,2027-08-29,2,0,0,0,1,4,8,12,16
AM,36,2027-09-05,2,0,0,0,1,4,8,11,16
AM,37,2027-09-12,2,0,0,0,1,4,7,10.049999999999955,16
AM,38,2027-09-19,2,0,0,0,1,4,7,11,15
AM,39,2027-09-26,2,0,0,0,1,4,7,10,13
AM,40,2027-10-03,2,0,0,0,1,4,7,10,14
AM,41,2027-10-10,2,0,0,0,0,4,7,10,14
AM,42,2027-10-17,2,0,0,0,1,3,7,11,14
AM,43,2027-10-24,2,0,0,0,0,3,7,10,13
AM,44,2027-10-31,2,0,0,0,0.75,4,7,10,13
AM,45,2027-11-07,2,0,0,0,1,4,7,9,14
AM,46,2027-11-14,2,0,0,0,0,4,7,10,14.024999999999864
AM,47,2027-11-21,2,0,0,0,1,4,7,11,15
AM,48,2027-11-28,2,0,0,0,1,4,7,10,14
AM,49,2027-12-05,2,0,0,0,1,4,7,11,15
AM,50,2027-12-12,2,0,0,0,1,4,7,11,14
AM,51,2027-12-19,2,0,0,0,1,4,7,11,15
AM,52,2027-12-26,2,0,0,0,1,5,9,14,19
AP,1,2027-01-03,1,0,0,0,0,2,5,8,14
AP,2,2027-01-10,1,0,0,0,0,3,6,9,16
AP,3,2027-01-17,1,0,0,0,0,3,7,10,15.024999999999864
AP,4,2027-01-24,1,0,0,0,0,4,8,13,22.024999999999864
AP,5,2027-01-31,1,0,0,0,0,4,9,14,23
AP,6,2027-02-07,2,0,0,0,0,4,9,15,26
AP,7,2027-02-14,2,0,0,0,0,5,11,18,29
AP,8,2027-02-21,2,0,0,0,1,5,11.100000000000136,20,31
AP,9,2027-02-28,2,0,0,0,0,5,12,19.049999999999955,29
AP,10,2027-03-07,2,0,0,0,0,5,11,19,28.024999999999864
AP,11,2027-03-14,2,0,0,0,1,5,12,19.049999999999955,33
AP,12,2027-03-21,2,0,0,0,0,5,11,18,28
AP,13,2027-03-28,2,0,0,0,1,5,12,19,27.024999999999864
AP,14,2027-04-04,2,0,0,0,0,5,12,19,31
AP,15,2027-04-11,2,0,0,0,0,5,11,18,26
AP,16,2027-04-18,2,0,0,0,0,5,11,18,26
AP,17,2027-04-25,2,0,0,0,0,5,10,15,23.024999999999864
AP,18,2027-05-02,2,0,0,0,0,4,10,17,26
AP,19,2027-05-09,1,0,0,0,0,4,9,15,21
AP,20,2027-05-16,1,0,0,0,0,4,8,14,22
AP,21,2027-05-23,1,0,0,0,0,4,8,13,20.024999999999864
AP,22,2027-05-30,1,0,0,0,0,3.25,8,13,20
AP,23,2027-06-06,1,0,0,0,0,3,8,12,20.024999999999864
AP,24,2027-06-13,1,0,0,0,0,3,7,12,17
AP,25,2027-06-20,1,0,0,0,0,3,7,11,18
AP,26,2027-06-27,1,0,0,0,0,3,7,11,16.024999999999864
AP,27,2027-07-04,1,0,0,0,0,3,7,12,18.024999999999864
AP,28,2027-07-11,1,0,0,0,0,4,8,13,20
AP,29,2027-07-18,1,0,0,0,0,4,8,15,24.024999999999864
AP,30,2027-07-25,1,0,0,0,0,4,9,15,22.049999999999727
AP,31,2027-08-01,1,0,0,0,0,4,9,15,23
AP,32,2027-08-08,1,0,0,0,0,4,9,14,22
AP,33,2027-08-15,1,0,0,0,0,3,8,13,21
AP,34,2027-08-22,1,0,0,0,0,3,7,12,20
AP,35,2027-08-29,1,0,0,0,0,3,7,12,19
AP,36,2027-09-05,1,0,0,0,0,3,7,10,15.024999999999864
AP,37,2027-09-12,1,0,0,0,0,3,6,10,14
AP,38,2027-09-19,1,0,0,0,0,2,6,10,15
AP,39,2027-09-26,1,0,0,0,0,2,5,9,14
AP,40,2027-10-03,1,0,0,0,0,2,5,10,15
AP,41,2027-10-10,1,0,0,0,0,2,6,11,14
AP,42,2027-10-17,1,0,0,0,0,2,5,8,11
AP,43,2027-10-24,1,0,0,0,0,2,5,8,13
AP,44,2027-10-31,1,0,0,0,0,2,4,8,11.024999999999864
AP,45,2027-11-07,1,0,0,0,0,2,4,7,11
AP,46,2027-11-14,1,0,0,0,0,2,4,7,9
AP,47,2027-11-21,0,0,0,0,0,2,4,7,9
AP,48,2027-11-28,0,0,0,0,0,2,4,6,10
AP,49,2027-12-05,0,0,0,0,0,2,4,6,8
AP,50,2027-12-12,0,0,0,0,0,2,4,7,10
AP,51,2027-12-19,1,0,0,0,0,2,4,7,10
AP,52,2027-12-26,1,0,0,0,0,2,5,7,11
BA,1,2027-01-03,133.5,31,38,49,78,246.25,510.10000000000014,858.2499999999998,1233.3249999999982
BA,2,2027-01-10,157.5,33,43,59,89.75,288,581.2000000000003,972.5499999999995,1421.2499999999986
BA,3,2027-01-17,178,43.975,52.95,67,105,356,707.1000000000001,1099.05,1762.0249999999999
BA,4,2027-01-24,205,45,57,78,121,394,779.2000000000003,1272.5499999999995,2118.324999999998
BA,5,2027-01-31,242,55,70,89,136,458.5,908.3000000000004,1452.1999999999998,2258.4749999999976
BA,6,2027-02-07,274,64,80,103.9,161,525.25,1038.700000000001,1734.199999999999,2766.749999999996
BA,7,2027-02-14,310,73,93.95,121.9,182.75,585,1241.3000000000004,1961.5999999999995,3206.174999999994
BA,8,2027-02-21,351.5,83,105,136.9,208,656,1340.2000000000003,2187.3999999999996,3155.9249999999893
BA,9,2027-02-28,382,83.975,113,142,220.75,726,1431.4000000000033,2413.5499999999993,4049.899999999995
BA,10,2027-03-07,415.5,101,122.95,163,245.75,770,1536.1000000000001,2418.049999999999,3922.2749999999987
BA,11,2027-03-14,426,101.975,127.95,166.9,253.5,836.5,1668.6000000000022,2755.3,4397.949999999973
BA,12,2027-03-21,427,103.975,128,167,252.75,794.5,1610.6000000000035,2750.5999999999995,4307.274999999998
BA,13,2027-03-28,432.5,101.975,127.95,165,255.75,818.5,1623.6000000000008,2877.6499999999987,4021.399999999998
BA,14,2027-04-04,429.5,103.95,129.95,171,259,813,1596.4000000000005,2603.5999999999976,4167.124999999989
BA,15,2027-04-11,426.5,104,130,165,251.75,793.75,1620.800000000001,2466.5499999999984,3795.099999999983
BA,16,2027-04-18,425.5,103.975,131,171,261.75,787.25,1690.2000000000003,2743.15,4367.349999999998
BA,17,2027-04-25,449,111,131,164.9,253,806.5,1582.000000000004,2772.1,4212.924999999985
BA,18,2027-05-02,452,104.975,129.95,174,261,821,1613.0000000000014,2665.3499999999995,3897.224999999999
BA,19,2027-05-09,446,106,133,167.9,262.75,818,1645.1000000000001,2554.0499999999984,4067.0249999999996
BA,20,2027-05-16,440.5,104.975,125,162.9,262,820.5,1612.1000000000001,2601.1499999999987,3771.82499999999
BA,21,2027-05-23,428.5,97,119.95,153.9,250.75,797,1516.800000000001,2296.2,3796.6499999999905
BA,22,2027-05-30,404,96.975,121.95,157,233,750,1488.8000000000025,2331.5499999999997,3645.05
BA,23,2027-06-06,377,90.97500000000001,115,140,228.75,655,1210.3000000000004,1954.6999999999985,3062.2249999999985
BA,24,2027-06-13,350,78.97500000000001,102,129,203,639.75,1202.1000000000001,1869.2499999999998,2868.049999999984
BA,25,2027-06-20,310,76.975,91,119,186,596.25,1134.1000000000015,1879.6999999999994,2974.699999999996
BA,26,2027-06-27,289.5,68.975,87,110,173,546,1049.1000000000001,1588.2999999999997,2506.2249999999985
BA,27,2027-07-04,270,66.97500000000001,80,99,155,496.25,955,1496.4999999999986,2297.1499999999996
BA,28,2027-07-11,237,57.975,70,90,139,442,854.2000000000003,1299.1,1812.6499999999965
BA,29,2027-07-18,213.5,49,61.95,79,124,407,805.5000000000007,1235.1499999999999,2074.4499999999975
BA,30,2027-07-25,192.5,45,58,75,116,370,718.3000000000018,1170.5999999999995,1584.374999999998
BA,31,2027-08-01,180,38,49.95,65,108,335.25,654.2000000000003,993.0999999999999,1569.5999999999967
BA,32,2027-08-08,167,40,48,61,94,305,580.5000000000007,985,1372.0499999999997
BA,33,2027-08-15,150.5,32,43,55,88,282,558.1000000000001,870.2499999999998,1247.374999999998
BA,34,2027-08-22,135,31,40,51.900000000000006,78,255,511,770.4999999999995,1221.6499999999965
BA,35,2027-08-29,130,27,36,46,77,246,487,791.0999999999999,1368.2499999999986
BA,36,2027-09-05,122,25.975,33,44,70,231,444.5000000000007,707.0999999999999,1049.1249999999993
BA,37,2027-09-12,113,25,32,42,66,216.25,430,695.5999999999995,1205.0249999999999
BA,38,2027-09-19,114.5,24,31,41,65,217.25,408.3000000000004,652.6499999999994,1139.6749999999963
BA,39,2027-09-26,113.5,24,30,40,63,215,420,634.0999999999999,945.6249999999966
BA,40,2027-10-03,108,24,30,39,62,213,410.10000000000014,634.05,1031.1499999999992
BA,41,2027-10-10,108,21,28,37,62,198.25,358.10000000000014,536.1499999999999,836.1499999999992
BA,42,2027-10-17,106,22,27,38,63,200,371.2000000000003,569.1499999999999,912.0749999999996
BA,43,2027-10-24,113,21,28.950000000000003,39,64,209.25,398.10000000000014,598.05,1008.1249999999993
BA,44,2027-10-31,113,24,29,40,65,210,399.10000000000014,650.05,955.0749999999996
BA,45,2027-11-07,115,22,30,41,66,208,374,613.4499999999996,899.174999999999
BA,46,2027-11-14,115,24,31,41,64.75,214.25,385,596.1499999999999,887.174999999999
BA,47,2027-11-21,111,23,29,40,65,206.25,383.10000000000014,643.1499999999999,1018
BA,48,2027-11-28,110,22,28,39.900000000000006,63,200,397.3000000000004,564.0999999999999,819.3249999999982
BA,49,2027-12-05,107,23,30,38,62,198,372.10000000000014,602.05,859.0249999999999
BA,50,2027-12-12,109,22,27,36,62,199,380.5000000000007,556.1499999999999,927.0999999999995
BA,51,2027-12-19,111,23,29,38,63,213.25,376.10000000000014,615.1999999999998,914.0249999999999
BA,52,2027-12-26,118,23.975,31,42,68,223,429.10000000000014,684.2499999999998,1038.0249999999999
CE,1,2027-01-03,30,3,4,6,13,66,163.10000000000014,311.0999999999999,619.2749999999985
CE,2,2027-01-10,34,3,5,7,15,80,193.20000000000027,342.0999999999999,592.1249999999993
CE,3,2027-01-17,37,4,6,9,18,88,242.10000000000014,439.0999999999999,714.0749999999996
CE,4,2027-01-24,45,4.975000000000001,7,11,21,105.25,286.10000000000014,516.6499999999994,850.5999999999967
CE,5,2027-01-31,58,5,9,13,26,128.25,311.10000000000014,560.1999999999998,960.2499999999986
CE,6,2027-02-07,66,6,9.950000000000003,15,31,156.25,397.2000000000003,769.05,1307.1249999999939
CE,7,2027-02-14,82,9,13,19,38,186.5,452.10000000000014,818.2999999999997,1467.5749999999969
CE,8,2027-02-21,96,10,15,22,44,218.25,536.1000000000001,1007.3999999999996,1878.3999999999978
CE,9,2027-02-28,114,14,19,28,53,258.25,638.3000000000004,1206.6499999999994,1949.924999999995
CE,10,2027-03-07,133,15,21,32,62,291.25,725.2000000000003,1190,2025.0249999999999
CE,11,2027-03-14,140.5,18,24,36,69,326,797.2000000000003,1421.1999999999998,2678.2249999999876
CE,12,2027-03-21,171,21,27.950000000000003,41.900000000000006,79,382.25,913.1000000000015,1594.2499999999998,2779.8249999999953
CE,13,2027-03-28,191.5,21,31,47,89,425.5,1019.3000000000004,1927.4999999999986,3022.674999999991
CE,14,2027-04-04,206,27.975,37,50,100,481,1238.4000000000005,2180.45,3208.79999999999
CE,15,2027-04-11,228,28,39.95,59,114,538,1392.1000000000001,2161.7999999999993,4549.449999999982
CE,16,2027-04-18,253,32,44.95,65.9,122,576.75,1434.2000000000003,2463.3999999999987,3852.4249999999865
CE,17,2027-04-25,270.5,34.975,49,67,128,643.25,1475,2469.899999999995,4202.824999999984
CE,18,2027-05-02,284,37,50,71,137,682.25,1440.1000000000001,2558.899999999999,4212.999999999984
CE,19,2027-05-09,283.5,36,48,69,134,663.5,1626.200000000003,2777.7499999999977,5422.274999999988
CE,20,2027-05-16,277,36,52,72,134,616.25,1445.2000000000003,2795.3,4449.974999999989
CE,21,2027-05-23,272,33,45.95,66,125,597.5,1404.2000000000003,2535.5499999999997,4258.274999999999
CE,22,2027-05-30,258,31,44,64.9,122.75,583.5,1405.4000000000005,2630.6999999999994,4404.949999999995
CE,23,2027-06-06,232,28.975,39,57,112,523,1291.1000000000001,2197.0999999999995,4012.899999999995
CE,24,2027-06-13,206,26.975,35,50.900000000000006,98,475.25,1220,2294.3499999999995,3652.4749999999976
CE,25,2027-06-20,186,24,32,47,88,442.25,1104.0000000000014,1932.2999999999997,3083.674999999996
CE,26,2027-06-27,164,20,29,41,81.75,380.25,978.9000000000012,1792.05,2571.2749999999983
CE,27,2027-07-04,148,19,27,38,70,360,827.3000000000004,1540.5999999999995,2497
CE,28,2027-07-11,137.5,17,24,35,68,315.25,807.2000000000003,1324.2999999999997,2298.3749999999927
CE,29,2027-07-18,120,13.975000000000001,20,30.900000000000006,61,266.25,690.1000000000001,1296.5499999999995,2096.2249999999985
CE,30,2027-07-25,109,13,19,28,53,244.5,603.6000000000008,1064.6999999999985,1675.4749999999865
CE,31,2027-08-01,93,11,17,24,45,209,527.1000000000001,900.05,1454.0999999999995
CE,32,2027-08-08,81,10.975000000000001,14,22,39,189.25,444.5000000000007,822.05,1389.3249999999982
CE,33,2027-08-15,75,9,12,19,35,167,375.2000000000003,680.1499999999999,1193.1499999999992
CE,34,2027-08-22,63,8,11,16,29.75,141.25,337.40000000000055,646.05,1080.5999999999967
CE,35,2027-08-29,55,7,9,13,26,127,283,542.05,914.3499999999817
CE,36,2027-09-05,46,5,8,12,23,108,253.10000000000014,497.14999999999986,791.0249999999999
CE,37,2027-09-12,43,4,7,11,19,95,209,411.3499999999997,728.0499999999997
CE,38,2027-09-19,39,4,6,9,18,88.25,211,415.14999999999986,734.5249999999971
CE,39,2027-09-26,37,4,6,9,17,83,210.10000000000014,396.2499999999998,760.0499999999997
CE,40,2027-10-03,37,4,5.950000000000003,8,17,89,208.10000000000014,376.3499999999997,725.1999999999989
CE,41,2027-10-10,37,4,6,9,17,86,239.20000000000027,438.2999999999997,896.0749999999996
CE,42,2027-10-17,36,3,5,9,16,89.25,241.10000000000014,484,911.5249999999971
CE,43,2027-10-24,36,3,5,8,17,85,225.20000000000027,505.14999999999986,1040.8249999999955
CE,44,2027-10-31,35,3,5,8,16,87,229.20000000000027,481.04999999999995,940.549999999997
CE,45,2027-11-07,35,3,5,8,16,84,236.10000000000014,457.2999999999997,900.3999999999978
CE,46,2027-11-14,33,3,5,7.900000000000006,15,84.25,241,453,1008.0749999999996
CE,47,2027-11-21,31.5,3,4,7,15,82,224.20000000000027,421.2499999999998,858.8499999999954
CE,48,2027-11-28,30,3,4,6,13,73,191.10000000000014,378.2999999999997,777.2999999999929
CE,49,2027-12-05,29,2,4,6,13,73,190.20000000000027,385.1999999999998,773.0499999999997
CE,50,2027-12-12,27,2,4,6,12,66,190.10000000000014,389.39999999999964,812.2749999999985
CE,51,2027-12-19,27,2,3,6,12,66.25,196,374.1999999999998,819.2249999999988
CE,52,2027-12-26,28,3,4,6,12,65,180,404.0999999999999,776.2999999999984
DF,1,2027-01-03,4,0,0,1,2,9,17,23,33
DF,2,2027-01-10,5,0,0,1,2,10,18,26,37.024999999999864
DF,3,2027-01-17,6,0,0,1,2,11,20,30,40.024999999999864
DF,4,2027-01-24,6,0,0,1,3,13,23,34,50
DF,5,2027-01-31,7,0,0,1,3,13,25,35,50.024999999999864
DF,6,2027-02-07,7,0,1,1,3,15,27,39,53.024999999999864
DF,7,2027-02-14,8,0,1,2,4,16,29,43,61
DF,8,2027-02-21,8,0,1,2,4,17,31,44,65
DF,9,2027-02-28,9,0,1,2,4,18,32,47,66.02499999999986
DF,10,2027-03-07,9,0,1,2,4,19,33,49.049999999999955,71.02499999999986
DF,11,2027-03-14,9,0,1,2,4,19,35,54.049999999999955,80
DF,12,2027-03-21,10,0,1,2,4,19.25,35,50.049999999999955,74.02499999999986
DF,13,2027-03-28,10,0,1,2,5,19,36,51,79
DF,14,2027-04-04,10,0,1,2,5,19,36,51,77.02499999999986
DF,15,2027-04-11,9,0,1,2,4,19,38,54,81
DF,16,2027-04-18,10,0,1,2,4,20,36,52,75
DF,17,2027-04-25,10,0,1,2,5,19,35,51,81.04999999999973
DF,18,2027-05-02,10,0,1,2,5,19,36,54,76
DF,19,2027-05-09,10,0,1,2,4,19,35,50,70
DF,20,2027-05-16,9,0,1,2,4,18,33,49,69.02499999999986
DF,21,2027-05-23,9,0,1,1,4,17,31,45,59.07499999999959
DF,22,2027-05-30,8,0,1,1,3,15,29,43,59.024999999999864
DF,23,2027-06-06,7,0,1,1,3,15,26,37.049999999999955,55
DF,24,2027-06-13,6,0,1,1,3,12,22,34,44
DF,25,2027-06-20,5,0,0,1,2,11,21,32,45.024999999999864
DF,26,2027-06-27,5,0,0,1,2,10,17.100000000000136,26,40.024999999999864
DF,27,2027-07-04,4,0,0,1,2,9,17,23.049999999999955,34
DF,28,2027-07-11,4,0,0,0,2,8,15,20,30
DF,29,2027-07-18,3,0,0,0,1,7,15,21,30
DF,30,2027-07-25,3,0,0,0,1,7,13,20,27.024999999999864
DF,31,2027-08-01,3,0,0,0,1,7,12,17,23
DF,32,2027-08-08,3,0,0,0,1,6,11,15.049999999999955,23
DF,33,2027-08-15,3,0,0,0,1,6,11,15,21
DF,34,2027-08-22,3,0,0,0,1,5,10,14,21
DF,35,2027-08-29,3,0,0,0,1,5,10,14,19
DF,36,2027-09-05,2,0,0,0,1,5,10,14,17
DF,37,2027-09-12,2,0,0,0,1,5,9,14,20
DF,38,2027-09-19,2,0,0,0,1,5,9,14,19
DF,39,2027-09-26,2,0,0,0,1,5,9,13,20
DF,40,2027-10-03,2,0,0,0,1,5,9,13,19
DF,41,2027-10-10,2,0,0,0,1,5,9,13,18.024999999999864
DF,42,2027-10-17,2,0,0,0,1,5,9,14,19.024999999999864
DF,43,2027-10-24,2,0,0,0,1,5,9,13,19
DF,44,2027-10-31,2,0,0,0,1,5,10,15,19
DF,45,2027-11-07,3,0,0,0,1,6,10,13,18
DF,46,2027-11-14,3,0,0,0,1,6,10,15,20
DF,47,2027-11-21,3,0,0,0,1,6,11,15.049999999999955,21.024999999999864
DF,48,2027-11-28,3,0,0,0,1,6,12,17,23
DF,49,2027-12-05,3,0,0,0,1,7,13,18,25
DF,50,2027-12-12,3,0,0,0,1,7,13,19,25.024999999999864
DF,51,2027-12-19,3,0,0,0,1,8,14,20,27
DF,52,2027-12-26,4,0,0,0,2,8,15,22,29
ES,1,2027-01-03,4,0,0,0,1,15,46.100000000000136,102,221.12499999999932
ES,2,2027-01-10,5,0,0,0,2,17,57,110,221.02499999999986
ES,3,2027-01-17,6,0,0,1,2,19,58,139.04999999999995,287.0499999999997
ES,4,2027-01-24,6,0,0,1,2,23,72,163.14999999999986,317.1999999999989
ES,5,2027-01-31,7,0,0,1,2,23,74,160.19999999999982,310.0499999999997
ES,6,2027-02-07,8,0,0,1,3,24,77,168.04999999999995,303.1249999999993
ES,7,2027-02-14,9,0,0,1,3,27,86,179.0999999999999,411.6999999999962
ES,8,2027-02-21,9,0,0,1,3,26,87.10000000000014,179.14999999999986,387
ES,9,2027-02-28,9,0,0,1,3,28,78,160.04999999999995,319.02499999999986
ES,10,2027-03-07,8,0,0,1,3,27,84.10000000000014,173,346.1249999999993
ES,11,2027-03-14,9,0,0,1,4,24,83.10000000000014,161,341.2749999999985
ES,12,2027-03-21,9,0,0,1,3,25,69.10000000000014,150.0999999999999,295.2249999999988
ES,13,2027-03-28,9,0,0,1,3,25,71,158.04999999999995,314
ES,14,2027-04-04,8,0,0,1,3,23,74.10000000000014,159,353.37499999999795
ES,15,2027-04-11,8,0,0,1,3,21,62,118,257.02499999999986
ES,16,2027-04-18,8,0,0,1,3,21,64,143.0999999999999,260.1499999999992
ES,17,2027-04-25,7,0,0,1,3,20.25,62,117.09999999999991,237.0749999999996
ES,18,2027-05-02,8,0,0,1,3,22,66.10000000000014,134,278.02499999999986
ES,19,2027-05-09,8,0,0,1,3,21,63,134.04999999999995,257.1499999999992
ES,20,2027-05-16,7,0,0,1,3,21,63,126.04999999999995,235.09999999999945
ES,21,2027-05-23,7,0,0,1,3,19,55.20000000000027,117,233.04999999999973
ES,22,2027-05-30,7,0,0,1,3,19,54.100000000000136,113.04999999999995,209.39999999999782
ES,23,2027-06-06,7,0,0,1,3,18,51,98.04999999999995,211.37499999999795
ES,24,2027-06-13,6.5,0,0,1,3,17,54,101.04999999999995,188
ES,25,2027-06-20,6,0,0,1,2,17,45.100000000000136,90,164.04999999999973
ES,26,2027-06-27,6,0,0,1,2,15,44,99,191.17499999999905
ES,27,2027-07-04,5,0,0,0,2,14,41,86.04999999999995,203.0749999999996
ES,28,2027-07-11,4,0,0,0,2,13,41,79,166.04999999999973
ES,29,2027-07-18,4,0,0,0,1,12,33,80,157.0749999999996
ES,30,2027-07-25,4,0,0,0,1,11,31.100000000000136,66.04999999999995,128
ES,31,2027-08-01,3,0,0,0,1,9,29,63.049999999999955,144.17499999999905
ES,32,2027-08-08,3,0,0,0,1,9,23.100000000000136,57,113.04999999999973
ES,33,2027-08-15,3,0,0,0,1,9,27,54.09999999999991,107.07499999999959
ES,34,2027-08-22,2,0,0,0,1,8,23.100000000000136,56,108.14999999999918
ES,35,2027-08-29,2,0,0,0,1,8,23,51.049999999999955,89.04999999999973
ES,36,2027-09-05,2,0,0,0,1,7,20,42.049999999999955,73
ES,37,2027-09-12,2,0,0,0,1,6,21,41,84.04999999999973
ES,38,2027-09-19,2,0,0,0,1,6,19,39,63.024999999999864
ES,39,2027-09-26,2,0,0,0,1,6,18,41,72.02499999999986
ES,40,2027-10-03,2,0,0,0,1,6,18,38,77.07499999999959
ES,41,2027-10-10,2,0,0,0,1,6,16,32,65.02499999999986
ES,42,2027-10-17,2,0,0,0,1,6,18,36,68
ES,43,2027-10-24,2,0,0,0,1,6,17,32,64.02499999999986
ES,44,2027-10-31,2,0,0,0,1,5,17,32,63.024999999999864
ES,45,2027-11-07,2,0,0,0,1,6,16,35,73.04999999999973
ES,46,2027-11-14,2,0,0,0,1,6,15,33,71.04999999999973
ES,47,2027-11-21,2,0,0,0,0,6,17,36,71.04999999999973
ES,48,2027-11-28,2,0,0,0,1,6,19.100000000000136,42.049999999999955,91.07499999999959
ES,49,2027-12-05,2,0,0,0,1,7,22,45.049999999999955,93
ES,50,2027-12-12,3,0,0,0,1,8,27.100000000000136,64.04999999999995,131.22499999999877
ES,51,2027-12-19,3,0,0,0,1,10,34.100000000000136,77,166
ES,52,2027-12-26,4,0,0,0,1,11,42,89,204.0749999999996
GO,1,2027-01-03,16,1,2,4,7,38,88.10000000000014,152,281.1499999999992
GO,2,2027-01-10,19,2,3,4,9,45,110,202.19999999999982,389.0749999999996
GO,3,2027-01-17,23,2,3,5,11,56,133,248.19999999999982,473.02499999999986
GO,4,2027-01-24,28,2,4,7,13,66,158.10000000000014,293.0999999999999,541.0749999999996
GO,5,2027-01-31,32,3.9750000000000014,5,8,15,76,193,334,710.2749999999985
GO,6,2027-02-07,36,4,6,9,18,86,206.10000000000014,352.04999999999995,664.0249999999999
GO,7,2027-02-14,39,4,6,10,19,95,224.10000000000014,407.3499999999997,783.374999999998
GO,8,2027-02-21,43,4.975000000000001,7,11,20,96,242,405.2499999999998,675.1499999999992
GO,9,2027-02-28,44,5,8,12,21,102,229.10000000000014,424.1999999999998,825.1249999999993
GO,10,2027-03-07,46,5,7,11.900000000000006,22,108,248.20000000000027,468.1999999999998,850.1749999999936
GO,11,2027-03-14,47,5,8,12,24,110.25,254.3000000000004,505.04999999999995,1064.4249999999977
GO,12,2027-03-21,50,6,9,12,24,109,284.10000000000014,509,917.5749999999969
GO,13,2027-03-28,52,6,9,13,25,121.25,266,531.1999999999998,1095.6749999999963
GO,14,2027-04-04,54,6,9,14,25,122,297.10000000000014,536.05,1069.299999999993
GO,15,2027-04-11,53,7,10,14,27,124,302.10000000000014,623,1100.0749999999996
GO,16,2027-04-18,53,6,9,13,25,129,299.3000000000004,551.1499999999999,1204.3999999999978
GO,17,2027-04-25,55,6,9,15,27,131,298.2000000000003,562.0999999999999,1050.1249999999993
GO,18,2027-05-02,54,6,9,14,27,133.25,289,534.049999999999,1098.2499999999986
GO,19,2027-05-09,53,7,10,14,25,123,300.10000000000014,523.2999999999997,954.9499999999948
GO,20,2027-05-16,51,6,8,12,24,112.25,261,513.3999999999996,932.3499999999981
GO,21,2027-05-23,45,5,7,10.900000000000006,21,105,256,439.2999999999997,901.2999999999984
GO,22,2027-05-30,40,5,7,10,19,97,224.10000000000014,428.04999999999995,865.4499999999975
GO,23,2027-06-06,36,3,6,9,17,81.25,208.10000000000014,344.04999999999995,661.4749999999974
GO,24,2027-06-13,30,3,4,7,14,71,168,322.39999999999964,627.1499999999992
GO,25,2027-06-20,26,3,4,6,12,63,146,262.39999999999964,605.4749999999974
GO,26,2027-06-27,22,2,3,5,11,52,138.10000000000014,242.34999999999968,422.0499999999997
GO,27,2027-07-04,20,2,3,5,9,45.25,113,217,380.34999999999263
GO,28,2027-07-11,17,1,2,4,8,40,95,168.0999999999999,294.02499999999986
GO,29,2027-07-18,15,1,2,3,7,34,85,151.0999999999999,299.0499999999997
GO,30,2027-07-25,13,1,2,3,6,30,74.10000000000014,153.04999999999995,274.1249999999993
GO,31,2027-08-01,11,1,1,2,5,26.25,67,121,189.04999999999973
GO,32,2027-08-08,10,1,1,2,5,24,58,107,218.09999999999945
GO,33,2027-08-15,9,0,1,2,4,21,50.100000000000136,86.14999999999986,157.02499999999986
GO,34,2027-08-22,8,0,1,2,4,20,45,78.04999999999995,160.3499999999981
GO,35,2027-08-29,7,0,1,1,3,18,41.100000000000136,76.04999999999995,153.02499999999986
GO,36,2027-09-05,7,0,1,1,3,16,40,74,119
GO,37,2027-09-12,7,0,1,1,3,15,38.100000000000136,67,123
GO,38,2027-09-19,6,0,0,1,3,15,35,62,114
GO,39,2027-09-26,6,0,0,1,3,14,33,59.049999999999955,109.02499999999986
GO,40,2027-10-03,6,0,0,1,2,13,31,57,95.04999999999973
GO,41,2027-10-10,6,0,0,1,2,13,32,55,116.12499999999932
GO,42,2027-10-17,5,0,0,1,2,13,30,56.049999999999955,110
GO,43,2027-10-24,6,0,0,1,2,13,32,54,93.04999999999973
GO,44,2027-10-31,6,0,0,1,2.75,14,32,54,98.04999999999973
GO,45,2027-11-07,6,0,0,1,2,15,35,58,108.04999999999973
GO,46,2027-11-14,7,0,0,1,3,16,38,70.04999999999995,122.07499999999959
GO,47,2027-11-21,7,0,0,1,3,16,37,66.04999999999995,124.04999999999973
GO,48,2027-11-28,8,0,1,1,3,18,43,76.14999999999986,135
GO,49,2027-12-05,8,0,1,1,4,19,47,90,157.04999999999973
GO,50,2027-12-12,10,0,1,2,4,23,51,100.04999999999995,177
GO,51,2027-12-19,11,0,1,2,5,26,61,119.04999999999995,194.1999999999989
GO,52,2027-12-26,13,1,1,3,6,30,77,141.0999999999999,237.09999999999945
MA,1,2027-01-03,14,1,2,3,6,30,59,99.04999999999995,172.09999999999945
MA,2,2027-01-10,17,1,2,4,8,33,72,122,197.02499999999986
MA,3,2027-01-17,18,1,2,4,9,39,80,146.04999999999995,237
MA,4,2027-01-24,21,2,3,5,10,44,97,163,237
MA,5,2027-01-31,25,2,3.950000000000003,5,11,51,107,180.04999999999995,298.17499999999905
MA,6,2027-02-07,28,3,4,7,14,60,116,209.0999999999999,336.0499999999997
MA,7,2027-02-14,35,3.9750000000000014,5,8,16,72,150.10000000000014,262.04999999999995,438
MA,8,2027-02-21,40,5,6,9,18,80,168.10000000000014,280.04999999999995,479.02499999999986
MA,9,2027-02-28,46,5,7,11,21,98,206.10000000000014,338.14999999999986,549.1999999999989
MA,10,2027-03-07,51,5,8,13,25,112,262.10000000000014,416,676.2749999999985
MA,11,2027-03-14,60,6,9,14,28,122,259.2000000000003,448.14999999999986,841.0499999999997
MA,12,2027-03-21,60,7,10,15,30,133,285.2000000000003,488.2999999999997,810.5999999999967
MA,13,2027-03-28,63.5,6.975000000000001,10,16,30,132,286.2000000000003,500.04999999999995,860.1499999999992
MA,14,2027-04-04,63,7,11,16,31,138,322.2000000000003,564.2999999999997,914.1499999999992
MA,15,2027-04-11,62,7,11,17,31,134.25,308.2000000000003,566.4499999999996,939.0749999999996
MA,16,2027-04-18,67.5,8,11,17,32,143,307,517,857.5249999999971
MA,17,2027-04-25,63,7,10,15.900000000000006,31,138,283.10000000000014,488,765.1999999999989
MA,18,2027-05-02,62,7,10,14.900000000000006,29,131,285.10000000000014,492.04999999999995,833.0499999999997
MA,19,2027-05-09,57,6,9,14,27,124.25,256.3000000000004,417.0999999999999,684.2249999999988
MA,20,2027-05-16,52,5,8,13,25,110.25,246,398.0999999999999,605.0749999999941
MA,21,2027-05-23,44,5,7,10,21.75,94,199.10000000000014,354.0999999999999,579.9999999999945
MA,22,2027-05-30,39,4,6,9,18,79,171.10000000000014,304.0999999999999,468.0499999999997
MA,23,2027-06-06,33,3,5,8,16,68,150,260,401.57499999999686
MA,24,2027-06-13,30,3,5,7,14,62,126,210.24999999999977,294.1499999999992
MA,25,2027-06-20,26,2,4,5,12,53,111,180.0999999999999,293.0499999999997
MA,26,2027-06-27,23,2,3,5,10,48,99,160,259
MA,27,2027-07-04,20,2,3,5,10,42,90,144,233.04999999999973
MA,28,2027-07-11,18,1,2,4,8,38,79.10000000000014,129,184.22499999999877
MA,29,2027-07-18,17,1,2,4,8,36,70,108.04999999999995,164.02499999999986
MA,30,2027-07-25,16,1,2,3,7,33.25,71,114,181.04999999999973
MA,31,2027-08-01,15,1,2,3,7,31,63.100000000000136,102,150.17499999999905
MA,32,2027-08-08,14,1,2,3,6,28,63,100,145
MA,33,2027-08-15,13,1,1,3,6,27,61.100000000000136,99.09999999999991,136.04999999999973
MA,34,2027-08-22,11,1,1,2,5,24,51.100000000000136,83,134
MA,35,2027-08-29,10,0,1,2,5,23,49,76.04999999999995,111
MA,36,2027-09-05,10,0,1,2,4,21,44,71,107.07499999999959
MA,37,2027-09-12,9,0,1,2,4,19,41.100000000000136,66,96
MA,38,2027-09-19,8,0,1,1,4,18,40,63,91
MA,39,2027-09-26,8,0,1,1,4,17,37,59.049999999999955,91.02499999999986
MA,40,2027-10-03,8,0,1,1,3,16,34,55,83.02499999999986
MA,41,2027-10-10,7,0,0.9500000000000028,1,3,16,35,60,90.07499999999959
MA,42,2027-10-17,7,0,0,1,3,16,31.100000000000136,54,88.07499999999959
MA,43,2027-10-24,7,0,0,1,3,16,34,54,87.07499999999959
MA,44,2027-10-31,7,0,1,1,3,16,33.100000000000136,55,80.07499999999959
MA,45,2027-11-07,7,0,0,1,3,16,35,59,94.04999999999973
MA,46,2027-11-14,8,0,0.9500000000000028,1,3,16,32,54,82.04999999999973
MA,47,2027-11-21,8,0,1,1,4,17,35,54.149999999999864,94
MA,48,2027-11-28,9,0,1,2,4,18,38,63,96.02499999999986
MA,49,2027-12-05,9,0,1,2,4,21,41,70,113.02499999999986
MA,50,2027-12-12,10,1,1,2,5,22,46.100000000000136,79,122
MA,51,2027-12-19,12,1,1,2,5.75,25,53,87.09999999999991,143.02499999999986
MA,52,2027-12-26,13,1,2,3,6,27,57,87,151.02499999999986
MG,1,2027-01-03,179,28,37,50,91,416.5,1148.5000000000007,2015.3999999999996,3594.149999999999
MG,2,2027-01-10,206,35,45,61,104,480.25,1337.700000000001,2713.949999999999,4322.7749999999905
MG,3,2027-01-17,252.5,39,52,72,120,614.25,1517.5000000000007,2849.749999999999,5900.499999999992
MG,4,2027-01-24,284.5,52.975,64.95,88,148,670.25,1810.1000000000001,3346.049999999999,6546.949999999978
MG,5,2027-01-31,340,58,74.95,101.9,175,801.5,1993.3000000000004,3712.149999999999,6752.5499999999975
MG,6,2027-02-07,395,69,84,120.9,207,929.25,2320.500000000001,4562.7999999999965,8935.424999999977
MG,7,2027-02-14,461.5,79.975,101.95,136.9,225,1043.25,2716.0000000000073,4766.1500000000005,10161.349999999966
MG,8,2027-02-21,538,91.975,112,158,273,1159.75,2927.1000000000013,5494.399999999999,10126.37499999997
MG,9,2027-02-28,588,93,125,170,307,1353.5,3404.100000000006,6660.649999999996,12204.999999999935
MG,10,2027-03-07,610,106,137,184.9,314.75,1389.25,3439.200000000007,6945.299999999998,13329.274999999987
MG,11,2027-03-14,647.5,118.97500000000001,148.89999999999998,200,333.75,1452.5,3389.5000000000045,6914.799999999999,13619.149999999989
MG,12,2027-03-21,664,121,157,200.9,344,1416,3452.2000000000003,6384.1,12017.399999999981
MG,13,2027-03-28,648,125.975,154.95000000000002,199,338,1433.75,3496.500000000001,6020.649999999999,11828.699999999943
MG,14,2027-04-04,606.5,114.97500000000001,151,196,328,1341,3262.7000000000007,6109.549999999992,10640.99999999995
MG,15,2027-04-11,591.5,118,148,194,326,1368.25,3152.100000000003,5800.249999999998,11907.199999999966
MG,16,2027-04-18,549,109.975,135.95,185,299,1132.25,2910.500000000001,5996.799999999999,12850.974999999946
MG,17,2027-04-25,534,103,129.85000000000002,172.9,283.75,1156.25,3003.2000000000016,5514.399999999998,9700.025000000001
MG,18,2027-05-02,480,91.975,120,162,264,1063,2648.3,5742.5499999999975,11150.025
MG,19,2027-05-09,431.5,83,103,139.9,225,986.25,2484.4000000000033,4817.599999999997,10245.799999999974
MG,20,2027-05-16,390.5,70,92,125,201,815,2290.800000000004,4787.199999999999,8577.849999999926
MG,21,2027-05-23,357.5,61.975,75,105,179,751.75,1901.0000000000014,3658.05,10135.249999999905
MG,22,2027-05-30,284,48,65,88,153.75,649.25,1704.0000000000014,3313.1499999999924,6864.124999999984
MG,23,2027-06-06,241.5,41,52.95,70,122.75,553,1463.0000000000014,4075.299999999997,7214.924999999951
MG,24,2027-06-13,205,37,46,62,108,457,1370.4000000000005,2685.1499999999987,4870.824999999968
MG,25,2027-06-20,172.5,28,37,53,88,387,1046.1000000000001,2142.2999999999997,4040.049999999984
MG,26,2027-06-27,138.5,23,31,43,73,319,971.4000000000005,1913.1999999999998,3552.4499999999975
MG,27,2027-07-04,124,19.975,27,35,62,285.25,798.1000000000001,1630.5499999999995,3051.0249999999996
MG,28,2027-07-11,105,17,22,32,52,252,675.2000000000003,1278.1,2450.349999999998
MG,29,2027-07-18,89,14,19,26,46,216.5,605.3000000000004,1106.5999999999995,2352.74999999999
MG,30,2027-07-25,76,12,17,23,41,181,521.3000000000004,1111.2999999999997,2235.874999999979
MG,31,2027-08-01,70,10.975000000000001,14,19,35,154,439,991.5999999999995,2065.075
MG,32,2027-08-08,67,10,13,17.900000000000006,32,153,433.2000000000003,863.5999999999985,1757.8749999999952
MG,33,2027-08-15,58,8,11,16,30,136.25,381,868,1723.0999999999995
MG,34,2027-08-22,57,8,12,16,29,134,355.10000000000014,790.2499999999989,2092.075
MG,35,2027-08-29,58,8,11,15,28,138,385.3000000000004,765.5499999999995,1645.0999999999995
MG,36,2027-09-05,54,8,10,14,27,132.25,379.10000000000014,775.2499999999998,1529.4249999999977
MG,37,2027-09-12,58,8,11,17,29,132.25,337.2000000000003,719.2499999999998,1842.4749999999974
MG,38,2027-09-19,61,8,11,16,29,135.25,338.10000000000014,744.2499999999998,1415.0249999999944
MG,39,2027-09-26,62,8,12,17,30,143,396.10000000000014,828.2999999999997,1354.749999999996
MG,40,2027-10-03,60,9,12,17,30,144.25,375.10000000000014,741.1499999999999,1618.2749999999985
MG,41,2027-10-10,64,9,13.950000000000003,19,32,147.25,361.2000000000003,711.05,1427.7999999999902
MG,42,2027-10-17,70,10,14,19,34,157.25,377.10000000000014,769.8999999999992,1380.0249999999999
MG,43,2027-10-24,71,10,14,19,36,160,382.10000000000014,723.3499999999997,1474.5999999999967
MG,44,2027-10-31,75,11,15,22,37.75,168,422,831.2499999999998,1656.4249999999977
MG,45,2027-11-07,79,12,16,23,41,177,408.10000000000014,823.2499999999998,1579.8749999999952
MG,46,2027-11-14,86,12,17,23,41,197.25,446.6000000000008,969.5499999999995,1870.349999999998
MG,47,2027-11-21,94,12,19,26,46.75,216.25,524.2000000000003,1018.1999999999998,1979.6499999999965
MG,48,2027-11-28,100.5,15,20,27,50,230.25,519.3000000000004,1103.5999999999985,2128.749999999996
MG,49,2027-12-05,109,16,21,30,53,254,609.2000000000003,1140.1,2174.4249999999865
MG,50,2027-12-12,118,18,24,33.900000000000006,58,276.25,662.1000000000001,1259.1,2995.9249999999843
MG,51,2027-12-19,135,21,28.950000000000003,40,69,290,763.3000000000004,1459.1999999999998,2878.6249999999964
MG,52,2027-12-26,152,24.975,31,43,76,361,910.3000000000004,1731.3999999999996,3112.7999999999847
MS,1,2027-01-03,14,0,1,2,5,36,103,177.04999999999995,343.1499999999992
MS,2,2027-01-10,16,0,1,3,6,44,109,241.0999999999999,419.0499999999997
MS,3,2027-01-17,18,1,2,3,7,47,130,230.29999999999973,404.52499999999714
MS,4,2027-01-24,22,1,2,4,8,54,168.10000000000014,337.14999999999986,606.2999999999984
MS,5,2027-01-31,24,1,2,4,10,67,192,380.04999999999995,644.1249999999939
MS,6,2027-02-07,29,2,3,4,11,75,215,431.2999999999997,818.2249999999988
MS,7,2027-02-14,34,2,4,6,14,88.25,239,484.8999999999992,960.2249999999988
MS,8,2027-02-21,37.5,3,4.950000000000003,7,16,103,286.2000000000003,624.0999999999999,1014.4249999999977
MS,9,2027-02-28,42,3,4,8,17,116.25,330.40000000000055,642.1499999999999,1369.1249999999993
MS,10,2027-03-07,50,3,5,9,20,131,389,740.5499999999995,1291
MS,11,2027-03-14,53,4,6,10,22,145,379.2000000000003,781.1999999999998,1535.0499999999997
MS,12,2027-03-21,56,4,7,11,23.75,146,431.10000000000014,914.1999999999998,1699.8249999999955
MS,13,2027-03-28,59.5,4,7,11,24,155.5,420.3000000000004,800.1499999999999,1565.1499999999992
MS,14,2027-04-04,59,4,6,11,24,164,475,1047.4499999999996,1968.0999999999995
MS,15,2027-04-11,58,5,7,11,24,153.25,458.3000000000004,947.3999999999996,1810.1499999999992
MS,16,2027-04-18,57,4,7,11,23,148,480.10000000000014,903.1499999999999,1723.9749999999947
MS,17,2027-04-25,54.5,3,6,10,23,145,402.10000000000014,849.4999999999995,1491.6249999999966
MS,18,2027-05-02,50,4,5,9,21,139,358,846.149999999998,1456.4499999999866
MS,19,2027-05-09,47,3,6,10,20,126.25,345.10000000000014,716.5999999999995,1256.4249999999922
MS,20,2027-05-16,41,3,5,8,17,114.5,322.10000000000014,660.0999999999999,1215.2249999999988
MS,21,2027-05-23,38,2,4,7,15,102.25,284.2000000000003,542.4499999999996,969.174999999999
MS,22,2027-05-30,34,2,4,6,14,93,255,441,841.5249999999971
MS,23,2027-06-06,30,2,3,5,12,75,223.10000000000014,439.2999999999997,818.4999999999973
MS,24,2027-06-13,25,1,2,4.900000000000006,10,65,180.10000000000014,347.0999999999999,582.1499999999937
MS,25,2027-06-20,21,1,2,4,9,58,151,297.2499999999998,593.0249999999999
MS,26,2027-06-27,19,1,2,3,8,53,135.10000000000014,305,540.8749999999952
MS,27,2027-07-04,17,1,1.9500000000000028,3,7,44,136.10000000000014,263,446
MS,28,2027-07-11,14,1,1,2.9000000000000057,6,38,106,203.04999999999995,417.1499999999992
MS,29,2027-07-18,13,1,1,2,5,36,93,191.04999999999995,383.1499999999992
MS,30,2027-07-25,12,0,1,2,5,32,93,180.04999999999995,355.1999999999989
MS,31,2027-08-01,11,0,1,2,4,29,75,154,230.14999999999918
MS,32,2027-08-08,10,0,1,2,4,26,73.10000000000014,144.24999999999977,272.02499999999986
MS,33,2027-08-15,10,0,1,1,4,25,73,150.19999999999982,262.02499999999986
MS,34,2027-08-22,9,0,0,1,4,24,74,131.14999999999986,204
MS,35,2027-08-29,8,0,0,1,3,22,68,119,194.1999999999989
MS,36,2027-09-05,9,0,0,1,3,23,63,115.04999999999995,192
MS,37,2027-09-12,8,0,0,1,3,22,62,125.04999999999995,224.0749999999996
MS,38,2027-09-19,8,0,0,1,3,21,58,109.09999999999991,196.1999999999989
MS,39,2027-09-26,8,0,0,1,3,21,53,112.04999999999995,198.24999999999864
MS,40,2027-10-03,7,0,0,1,3,19,56,115.04999999999995,217.12499999999932
MS,41,2027-10-10,8,0,0,1,3,20,53,99,199
MS,42,2027-10-17,7,0,0,1,3,19,47.100000000000136,94.04999999999995,185.42499999999768
MS,43,2027-10-24,8,0,0,1,3,20,50,93,156.09999999999945
MS,44,2027-10-31,7,0,0,1,3,19,46.100000000000136,88,164.02499999999986
MS,45,2027-11-07,8,0,0,1,3,20,49.100000000000136,98.19999999999982,225.02499999999986
MS,46,2027-11-14,8,0,0.9500000000000028,1,3,21,50,89.04999999999995,166.02499999999986
MS,47,2027-11-21,9,0,1,1,3,22,52,106,209.14999999999918
MS,48,2027-11-28,9,0,1,1,4,23,59.100000000000136,109.09999999999991,241.17499999999905
MS,49,2027-12-05,10,0,1,2,4,24,63,133,263.0749999999996
MS,50,2027-12-12,11,0,1,2,4,26,69,132.19999999999982,267.02499999999986
MS,51,2027-12-19,12,0,1,2,5,27,72,131.14999999999986,253.12499999999932
MS,52,2027-12-26,12,0,1,2,5,31,78,142.04999999999995,305.0499999999997
MT,1,2027-01-03,48,4,7,10,22,125,335.40000000000055,752.5499999999995,1260.1499999999992
MT,2,2027-01-10,59,6,9,13,25,149,372.10000000000014,766.2499999999998,1541.4749999999974
MT,3,2027-01-17,70,7,10,16,30.75,184.25,480.70000000000095,969.4499999999996,2162.5999999999913
MT,4,2027-01-24,82,8,11,17,34,210.25,603,1250.9999999999982,2618.774999999996
MT,5,2027-01-31,89,8,12,19,38,221,629.0000000000014,1303.1999999999998,2440.2999999999984
MT,6,2027-02-07,100,9,13.950000000000003,21,43,240.25,700.3000000000004,1320,3209.7249999999963
MT,7,2027-02-14,103,11,15,23,44,269,673.6000000000008,1411.1999999999998,2790.1999999999935
MT,8,2027-02-21,106,9.975000000000001,15,22,46,267,680.9000000000012,1292.6999999999985,3065.1249999999995
MT,9,2027-02-28,101.5,10.975000000000001,16,23,45,256,675.700000000001,1541.05,3161.05
MT,10,2027-03-07,103,11,14,22,44,247.25,637.4000000000005,1477.3499999999997,3027.499999999992
MT,11,2027-03-14,108,11,15,23,47,269.25,677.1000000000001,1280.3999999999996,2491.0749999999994
MT,12,2027-03-21,106,9,14,22,44,255.5,653.5000000000007,1262,2558.0249999999946
MT,13,2027-03-28,99,10,15,22,44,236,596.5000000000007,1206.1499999999999,2226.374999999998
MT,14,2027-04-04,99,9,14,22,44,240,619,1248.199999999999,2534.7999999999956
MT,15,2027-04-11,97,10,14,22,44,217,515,1153,2203.3499999999926
MT,16,2027-04-18,89.5,9,14,21,42.75,224,579.4000000000005,1188.3999999999996,2293.9499999999953
MT,17,2027-04-25,90.5,10,15,21,41,213,571.3000000000004,1082.2499999999998,2039.274999999993
MT,18,2027-05-02,85,9,13,19,38,202,486.10000000000014,983.9499999999991,2126.099999999994
MT,19,2027-05-09,83,9,12,20,37,198.25,492.10000000000014,900,1656.7749999999849
MT,20,2027-05-16,77,8,11,17,35,178.25,476.3000000000004,820,1547.5249999999971
MT,21,2027-05-23,70,6,10,14,30,160.25,408.70000000000095,797.3499999999997,1615.0999999999995
MT,22,2027-05-30,61,6,9,13,27.75,149,390.5000000000007,735.4499999999996,1509.4749999999974
MT,23,2027-06-06,56,6,8,12,25,138,365.10000000000014,730.2999999999997,1347.2749999999985
MT,24,2027-06-13,48.5,5,7,11,23,118,293.10000000000014,576.05,1096.4749999999974
MT,25,2027-06-20,45,5,6,10,20,100.25,269,550,1014.4999999999973
MT,26,2027-06-27,40,3.9750000000000014,5,9,18,96,240,482.2499999999998,868.5749999999969
MT,27,2027-07-04,35.5,3,5,8,15,80,210.10000000000014,406.39999999999964,778.6249999999966
MT,28,2027-07-11,31,2,4,6,14,74,194.10000000000014,339.2999999999997,697.2749999999985
MT,29,2027-07-18,27,2,3,6,12,66,175.10000000000014,335.04999999999995,588.4999999999973
MT,30,2027-07-25,25,2,3,5,11,59.25,155.10000000000014,304.1999999999998,580.6249999999966
MT,31,2027-08-01,21,1,3,4,9,53,137.10000000000014,262.14999999999986,568.2999999999984
MT,32,2027-08-08,19,1,2,3,8,46,113,214.0999999999999,428.77499999999577
MT,33,2027-08-15,17,1,2,3,7,41.25,114,212.14999999999986,371.3249999999982
MT,34,2027-08-22,16,1,1,3,7,38,96,190.14999999999986,390.1499999999992
MT,35,2027-08-29,14,1,1,3,6,33,87.10000000000014,159.0999999999999,295.02499999999986
MT,36,2027-09-05,13,1,2,3,6,32,80,158.14999999999986,279.09999999999945
MT,37,2027-09-12,12,1,1,2,5,29,75,158.04999999999995,300.1999999999989
MT,38,2027-09-19,12,1,1,2,5,30,72.10000000000014,135,275.1499999999992
MT,39,2027-09-26,12,1,1,2,5,33,85,148,279.02499999999986
MT,40,2027-10-03,13,0,1,2,5,31,78,161,299.02499999999986
MT,41,2027-10-10,13,1,1,2,6,33,84,156.04999999999995,267.29999999999836
MT,42,2027-10-17,14,1,1,3,6,35,95,168.14999999999986,298.02499999999986
MT,43,2027-10-24,16,1,1,3,6,37,94,179,366.4249999999977
MT,44,2027-10-31,17,1,2,3,7,43,106.20000000000027,191.04999999999995,337.1499999999992
MT,45,2027-11-07,18,1,2,3,7,45,121.10000000000014,231,405.0499999999997
MT,46,2027-11-14,19,1,2,3.9000000000000057,8,49,125.10000000000014,235.14999999999986,407.1499999999992
MT,47,2027-11-21,20,1,2,4,9,50,124.10000000000014,231.04999999999995,392.0499999999997
MT,48,2027-11-28,22,1,2,4,9,57,143,285.04999999999995,544.174999999999
MT,49,2027-12-05,26,2,3,5,11,62,155.10000000000014,278.04999999999995,510.3499999999981
MT,50,2027-12-12,29,2,3,5,13,74,183.10000000000014,360.2499999999998,735.3999999999978
MT,51,2027-12-19,35,3,5,7,15,92,257.10000000000014,468,782.549999999997
MT,52,2027-12-26,40,3,5,9,17.75,106,286.10000000000014,523.4499999999996,904.8749999999952
PA,1,2027-01-03,23,2,3,5,11,48,109,185,296.02499999999986
PA,2,2027-01-10,25,3,4,7,12,53,113.10000000000014,212.04999999999995,350.1249999999993
PA,3,2027-01-17,27,4,5,8,14,58,134,230,378.1249999999993
PA,4,2027-01-24,32,4,6,9,16,65,147.10000000000014,265,443.0499999999997
PA,5,2027-01-31,34,5,7,10,18,71,155,250.19999999999982,420.1999999999989
PA,6,2027-02-07,37,6,7.950000000000003,12,20,75,163,277.0999999999999,475.02499999999986
PA,7,2027-02-14,38,5,7,11,20,79,172.10000000000014,291.14999999999986,447.09999999999945
PA,8,2027-02-21,38,6,8.950000000000003,11,20,77,159,269.0999999999999,454.02499999999986
PA,9,2027-02-28,40,6,8,12,21,78,160.10000000000014,265,464.17499999999905
PA,10,2027-03-07,39,7,9,12,20,80,168,289.2499999999998,444.02499999999986
PA,11,2027-03-14,38,6,8,11,20,79,164.10000000000014,277.04999999999995,444.24999999999864
PA,12,2027-03-21,36,6,8,11,19,77,163,273.04999999999995,473.2749999999985
PA,13,2027-03-28,36,5,7,10,19,70,159.10000000000014,253.04999999999995,444.02499999999986
PA,14,2027-04-04,34,5,7,10,18,68.25,147,239.19999999999982,447.1499999999992
PA,15,2027-04-11,36,5,7,10,18,73,154,262,470.09999999999945
PA,16,2027-04-18,34,5,7,10,17,67,152.10000000000014,249,411.09999999999945
PA,17,2027-04-25,32,4,6,9,17,69,145,254.04999999999995,379.0749999999996
PA,18,2027-05-02,31,5,6,9,17,65,147,226,342.02499999999986
PA,19,2027-05-09,31,4,6,9,16,64,136,226.04999999999995,365.02499999999986
PA,20,2027-05-16,30,4,6,8.900000000000006,16,61.25,140,226,385.0749999999996
PA,21,2027-05-23,28,4,5,8,15,58,126.10000000000014,234.04999999999995,365.0499999999997
PA,22,2027-05-30,28,3,5,8,15,57,118.10000000000014,204.04999999999995,366.1999999999989
PA,23,2027-06-06,27,4,5,7,13,53.25,112,182.29999999999973,346
PA,24,2027-06-13,26,3,4.950000000000003,7,13,53,118.10000000000014,200.0999999999999,314.29999999999836
PA,25,2027-06-20,24,3,4,6,12,50,104.10000000000014,173,250.17499999999905
PA,26,2027-06-27,24,3,5,7,12,49,100.10000000000014,177.0999999999999,278
PA,27,2027-07-04,23,3,4.950000000000003,6,12,47,103,164.04999999999995,248.17499999999905
PA,28,2027-07-11,23,3,4,7,11.75,45,88,145.14999999999986,244
PA,29,2027-07-18,23,3,4,6,12,46,100.10000000000014,166.0999999999999,248.12499999999932
PA,30,2027-07-25,22,3,4,6,11,45,96,158.14999999999986,256.17499999999905
PA,31,2027-08-01,22,3,4,6,12,48,99.10000000000014,157.0999999999999,259.0499999999997
PA,32,2027-08-08,22,3,4,6,11,45,93.10000000000014,159.04999999999995,259
PA,33,2027-08-15,21,2.9750000000000014,4,6,11,44,89.10000000000014,150.04999999999995,246.02499999999986
PA,34,2027-08-22,20,2,4,5,10,41,87,137,215.14999999999918
PA,35,2027-08-29,18,2,3,5,10,39,86.10000000000014,139.04999999999995,212.02499999999986
PA,36,2027-09-05,17,2,3,5,9,35,79,132.04999999999995,206.17499999999905
PA,37,2027-09-12,16,2,3,5,8,33,72,134,206.02499999999986
PA,38,2027-09-19,15,2,2,4,8,32,73,129.04999999999995,203.02499999999986
PA,39,2027-09-26,15,2,3,4,7,30,71,118,186.0749999999996
PA,40,2027-10-03,15,1,2,4,7,31,69,123.04999999999995,190.02499999999986
PA,41,2027-10-10,14,1,2,4,7,31,71.10000000000014,122,208.02499999999986
PA,42,2027-10-17,14,1,2,4,7,32,72,135,225.12499999999932
PA,43,2027-10-24,15,1,2,3,7,33,71,128,201.04999999999973
PA,44,2027-10-31,14,1,2,3,7,30.25,75.10000000000014,128.0999999999999,224.12499999999932
PA,45,2027-11-07,15,1,2,4,7,32,73.10000000000014,131.0999999999999,204.12499999999932
PA,46,2027-11-14,15,1,2,3,7,33,73,126,198
PA,47,2027-11-21,15,1,2,3,7,35,77,145.0999999999999,236.04999999999973
PA,48,2027-11-28,16,1,2,4,7,35,84,142,231.04999999999973
PA,49,2027-12-05,16,1,2,4,8,36,84.10000000000014,152,250.09999999999945
PA,50,2027-12-12,18,1,2,4,8,41,93.10000000000014,160,269.02499999999986
PA,51,2027-12-19,19,2,3,4.900000000000006,9,43,97,177.04999999999995,249.0749999999996
PA,52,2027-12-26,21,2,3,5,10,45.25,103,180.04999999999995,318.02499999999986
PB,1,2027-01-03,20,1,2,4,9,46,101,171.04999999999995,302.1249999999993
PB,2,2027-01-10,22,2,3,5,10,47,101,164.0999999999999,278
PB,3,2027-01-17,25,2,3,5,11,55,133,199.19999999999982,380.09999999999945
PB,4,2027-01-24,28,3,4,7,13,63,135,233,348.0499999999997
PB,5,2027-01-31,33,3,4,7,15,71,151,249.24999999999977,445.17499999999905
PB,6,2027-02-07,40,4,6,9,18.75,86,185.10000000000014,331.04999999999995,523
PB,7,2027-02-14,45,4,6.950000000000003,10,21,97,210.20000000000027,365.1999999999998,587.2749999999985
PB,8,2027-02-21,49,5,7,12,23,112,237.10000000000014,391.14999999999986,652.374999999998
PB,9,2027-02-28,57,6,9,14,28,123,254,403.0999999999999,766.2499999999986
PB,10,2027-03-07,66,6,10,16,31,138.25,298,549.1999999999998,1002.374999999998
PB,11,2027-03-14,71,7.975000000000001,12,17,34,159,324,574,1049.4999999999973
PB,12,2027-03-21,74,9,13,19,36,167.25,373.10000000000014,626.0999999999999,1261.299999999993
PB,13,2027-03-28,80,9.975000000000001,15,21,38,175,362,642.1499999999999,1160.9999999999945
PB,14,2027-04-04,82,8,12,20,39,178,363,637.05,1056.4499999999975
PB,15,2027-04-11,82,9,13.950000000000003,20,40,173.25,368.10000000000014,638.3999999999996,1138.1249999999993
PB,16,2027-04-18,87,9,13,22,42,175.25,388.10000000000014,669.0999999999999,1146.6249999999966
PB,17,2027-04-25,84,9,14,22,41,183.25,399.10000000000014,659.0999999999999,1107.6749999999963
PB,18,2027-05-02,89,9,13,20,40,193,411,733,1370.4999999999973
PB,19,2027-05-09,89,9,14,22,42,195.25,399,644.1999999999998,946.4749999999974
PB,20,2027-05-16,89,10,15,22,42,198,409.6000000000008,691.2999999999988,1268.0249999999999
PB,21,2027-05-23,86,9.975000000000001,15,23,44,182,408,708.5499999999995,1228.0999999999995
PB,22,2027-05-30,87,10,15,22,43,189,390.10000000000014,629.05,1208.0499999999997
PB,23,2027-06-06,85,10,14,22.900000000000006,42,184,408.3000000000004,702.0999999999999,1218.3249999999982
PB,24,2027-06-13,86,10,13,20,42,182.25,407.10000000000014,670.5999999999995,1212.4249999999977
PB,25,2027-06-20,82,8.975000000000001,13,20,40,172,363.10000000000014,647.4999999999995,947.7499999999959
PB,26,2027-06-27,79,9,13,21,39,170,365.2000000000003,607.1499999999999,1031.5249999999971
PB,27,2027-07-04,81.5,8,12,19,38,175,390.10000000000014,619.0999999999999,1115.0999999999995
PB,28,2027-07-11,73,8.975000000000001,11,18,36,157,346.10000000000014,606.2499999999998,1055.349999999998
PB,29,2027-07-18,69,7.975000000000001,11,17,32,151,314.40000000000055,518.4499999999996,1038.1249999999993
PB,30,2027-07-25,67,6.975000000000001,10,15,31,143,298.10000000000014,483.04999999999995,860.0749999999996
PB,31,2027-08-01,63,7,10,15,30,134,295.10000000000014,507.2499999999998,876
PB,32,2027-08-08,56,6,8,13,27,122,279,439.04999999999995,693.0249999999999
PB,33,2027-08-15,52,6,8,12,24,112,231.10000000000014,427.14999999999986,822.2749999999985
PB,34,2027-08-22,47,4,6,11,23,101,212.10000000000014,331,553.0249999999999
PB,35,2027-08-29,43,5,7,10,20,94,207,342,624.2749999999985
PB,36,2027-09-05,40,3.9750000000000014,5,9,19,86,198,320.0999999999999,524.1249999999993
PB,37,2027-09-12,36,3,5,8,17,79.25,164,279.2999999999997,480.09999999999945
PB,38,2027-09-19,33,3,5,7,16,73,153.10000000000014,259.0999999999999,429.4749999999974
PB,39,2027-09-26,32,2.9750000000000014,4,7,14,70,144.10000000000014,244.04999999999995,444.4249999999977
PB,40,2027-10-03,30,3,4,7,14,66,144,238.24999999999977,377.0499999999997
PB,41,2027-10-10,27,2,4,6,13,59,133,222,322.0749999999996
PB,42,2027-10-17,25,2,4,6,12,56,122.10000000000014,206.04999999999995,311.09999999999945
PB,43,2027-10-24,25,2,3,6,12,54,116,194,286.02499999999986
PB,44,2027-10-31,22,2,3,5,10,48.25,100,157.0999999999999,266.02499999999986
PB,45,2027-11-07,21.5,2,3,5,10,45,101,170.04999999999995,274.0749999999996
PB,46,2027-11-14,20,1.9750000000000014,2,4,9,43,87,158.04999999999995,245.09999999999945
PB,47,2027-11-21,19,1,2,4,9,41,88.10000000000014,147.04999999999995,237.09999999999945
PB,48,2027-11-28,18,1,2,4,8,40,79,134.04999999999995,218.04999999999973
PB,49,2027-12-05,17,1,2,4,8,37,77,127.09999999999991,204
PB,50,2027-12-12,16,1,2,3,8,35,82,136,216.29999999999836
PB,51,2027-12-19,17,1,2,3,8,38,80,134.04999999999995,206.09999999999945
PB,52,2027-12-26,18,1,2,4,8,39,88,150.0999999999999,240.24999999999864
PE,1,2027-01-03,63,8,11,16,31,120.25,246.10000000000014,373.04999999999995,564.1249999999993
PE,2,2027-01-10,66,8,12,18,32,132,252.10000000000014,397.0999999999999,530.2749999999985
PE,3,2027-01-17,69.5,9,13,19,35,136.25,280.2000000000003,409,600.1499999999992
PE,4,2027-01-24,76,11,15,21,39,153,291.2000000000003,452.04999999999995,659.2999999999984
PE,5,2027-01-31,85,11,15.950000000000003,25,44,176.5,360,525.05,716.2499999999986
PE,6,2027-02-07,96.5,12,17,27,48,196,373.5000000000007,595.1499999999999,861.0999999999995
PE,7,2027-02-14,101.5,14.975000000000001,20,29,53,204,399.20000000000164,597.0999999999999,864.2999999999984
PE,8,2027-02-21,115,18,23,33,59,220.25,432,653.05,959.174999999999
PE,9,2027-02-28,117,17,24,34,61,235,453.10000000000014,654.2499999999998,897.2749999999985
PE,10,2027-03-07,124,19,27,37,64.75,250,503,712.2999999999997,1005.0749999999996
PE,11,2027-03-14,137,19,25,40,69,266,494.3000000000004,731.05,1067.0499999999997
PE,12,2027-03-21,138,19,27,38,70,279.25,523.3000000000004,776.05,1175.4749999999974
PE,13,2027-03-28,148,22,29,40,72.75,281,543.3000000000004,871,1281.0499999999997
PE,14,2027-04-04,147,22,28,42,73,289.25,563.1000000000001,835.9999999999991,1272.2749999999985
PE,15,2027-04-11,147,21,29,42.900000000000006,78,292,577.2000000000003,898.4499999999996,1149.174999999999
PE,16,2027-04-18,149,23,30,47,79,306.5,571,924.3999999999996,1300.3999999999978
PE,17,2027-04-25,158,22,31,45,81,320,613.1000000000001,952.1499999999999,1361.2249999999988
PE,18,2027-05-02,163,21.975,31,45,82.75,336,679.1000000000001,958.1499999999999,1403.3249999999982
PE,19,2027-05-09,162,23,32,45,85,333,643,985.6499999999994,1424.3999999999978
PE,20,2027-05-16,164,25.975,34,47,86,335.75,662.1000000000001,1004.6999999999994,1385.5249999999971
PE,21,2027-05-23,163,23,32,45,84,337.25,676.4000000000005,1080.1499999999999,1511.349999999998
PE,22,2027-05-30,169,23,31.950000000000003,46,85,353,706.3000000000004,1037.05,1437.9999999999945
PE,23,2027-06-06,168.5,22,30,45,83,348,708.1000000000001,1071.999999999999,1543.0499999999943
PE,24,2027-06-13,159.5,21,29,42,81,329,641.3000000000004,951.4499999999996,1362.5749999999969
PE,25,2027-06-20,154.5,20,28,43,80,326.25,646.2000000000003,963.1999999999998,1299.3249999999982
PE,26,2027-06-27,157,20,28,40.900000000000006,73,322,624.2000000000003,995.1999999999998,1542.1499999999992
PE,27,2027-07-04,144,19,27,41,73.75,291,626.1000000000001,975.2999999999997,1358.8249999999955
PE,28,2027-07-11,143,17.975,24,37,71,306,569.1000000000001,938.1499999999999,1358.8499999999954
PE,29,2027-07-18,139,16,23,35.900000000000006,70,284.25,547.5000000000007,852.05,1206.2499999999986
PE,30,2027-07-25,124,15.975000000000001,24,32,60,269,563.6000000000008,880.1499999999999,1351.3249999999982
PE,31,2027-08-01,120,16,22,32,59,255.25,502.10000000000014,778.2499999999998,1148.3249999999982
PE,32,2027-08-08,114,14,20,30,56,248,483.10000000000014,721.1499999999999,1119.0999999999995
PE,33,2027-08-15,110,13.975000000000001,19,28,54,232,481,751.05,1142.749999999996
PE,34,2027-08-22,107,12,19,27,51,218.25,473.5000000000007,696.2999999999997,1122.0249999999999
PE,35,2027-08-29,98,11,16,24,47,200,411.3000000000004,621,920.0249999999999
PE,36,2027-09-05,94,11,15,23,43,196,396.3000000000004,654.0999999999999,928
PE,37,2027-09-12,88,9,14,22,42,192,371.10000000000014,567.4999999999995,839.0499999999997
PE,38,2027-09-19,87,10,15,21,41,175.25,358.3000000000004,539.05,831.1999999999989
PE,39,2027-09-26,82,9,14,21,39,172,349,525.4499999999996,782.1499999999992
PE,40,2027-10-03,79,9,13,19.900000000000006,38,165.25,333.10000000000014,508.1999999999998,755.0749999999996
PE,41,2027-10-10,79,9,13,20,36,161,321,491,745.2249999999988
PE,42,2027-10-17,74,9,14,20,37,152,306.10000000000014,482.04999999999995,724.174999999999
PE,43,2027-10-24,71,9,13,20,36,148,322.3000000000004,507.2999999999997,834.4249999999977
PE,44,2027-10-31,68,9,13,18,34,140,296.2000000000003,465.0999999999999,666
PE,45,2027-11-07,66,7.975000000000001,11.950000000000003,18,34,134,271,415.04999999999995,636.0749999999996
PE,46,2027-11-14,61,8,12,18,33,127.25,268.10000000000014,436.0999999999999,658.0249999999999
PE,47,2027-11-21,61,8,11,16,31,133,272,421.4499999999996,624.0499999999997
PE,48,2027-11-28,59,7.975000000000001,10,16,28,127,255,410.2499999999998,627.0749999999996
PE,49,2027-12-05,60,8,10,15.900000000000006,30,120,246,382.2999999999997,627.4249999999977
PE,50,2027-12-12,58,7,11,16,29,121,259.10000000000014,380.04999999999995,601.2249999999988
PE,51,2027-12-19,58,8,11,16,30,118,227.20000000000027,354,529
PE,52,2027-12-26,61,8,11,16,30,127,248.10000000000014,386,542.0499999999997
PI,1,2027-01-03,5,0,0,1,2,12,23,36.049999999999955,55.024999999999864
PI,2,2027-01-10,6,0,0.9500000000000028,1,3,13,26.100000000000136,41,61
PI,3,2027-01-17,7,0,1,2,3,16,31,47,76.02499999999986
PI,4,2027-01-24,9,0,1,2,4,19,38,60.049999999999955,93.02499999999986
PI,5,2027-01-31,11,1,1,2,5,24,47,72,111
PI,6,2027-02-07,14,1,2,3,7,29,52.100000000000136,78.04999999999995,120.02499999999986
PI,7,2027-02-14,17,2,3,4,9,36,74,109.04999999999995,164.02499999999986
PI,8,2027-02-21,22,2,3,6,11,44.25,87.10000000000014,140.04999999999995,187
PI,9,2027-02-28,26,3,5,7,14,54,106.20000000000027,178.04999999999995,264.02499999999986
PI,10,2027-03-07,32,3,5,8,16,63,122.10000000000014,186,288.0499999999997
PI,11,2027-03-14,38,4,6,10,19,72,144.10000000000014,231,358.09999999999945
PI,12,2027-03-21,44,5,8,12,22,88,171,261.04999999999995,393.0749999999996
PI,13,2027-03-28,49,6,8,13,24,95.25,185.10000000000014,271.0999999999999,386.09999999999945
PI,14,2027-04-04,55,6.975000000000001,10,15,27,110,218.10000000000014,333.2499999999998,484.02499999999986
PI,15,2027-04-11,59,7,11,17,30,116,227,389.0999999999999,618.1499999999992
PI,16,2027-04-18,63,8,11,17,33,124,249,371.04999999999995,560.4249999999977
PI,17,2027-04-25,65.5,8,12,19,36,127.25,246,381.04999999999995,590.0499999999997
PI,18,2027-05-02,71,10,14,20,35,137,257,408.04999999999995,594.0249999999999
PI,19,2027-05-09,72,9,14,20,36,137,281.10000000000014,432.14999999999986,656.0999999999995
PI,20,2027-05-16,69,9,13,19,35,135,241.10000000000014,388.04999999999995,632.1249999999993
PI,21,2027-05-23,64,7.975000000000001,11,18,33,126,246.10000000000014,368.04999999999995,586.0499999999997
PI,22,2027-05-30,58,8,11,16,31,117,216.10000000000014,328,517.1499999999992
PI,23,2027-06-06,52,7,10,15,27,105,195.10000000000014,296.04999999999995,419.09999999999945
PI,24,2027-06-13,48,6,9,13,24,95,185,266.04999999999995,394.0499999999997
PI,25,2027-06-20,44,6,8,12,23,86,161,237,368.0749999999996
PI,26,2027-06-27,38,5,6,10,20,74,142,214.0999999999999,304.02499999999986
PI,27,2027-07-04,34,4,6,9,17,68.25,132,195.14999999999986,315.29999999999836
PI,28,2027-07-11,31,4,6,9,16,59,111.10000000000014,168.14999999999986,255.02499999999986
PI,29,2027-07-18,27,3,5,8,15,54,97,154.0999999999999,214.02499999999986
PI,30,2027-07-25,24,2,4,6,12,46,88,128.0999999999999,194.02499999999986
PI,31,2027-08-01,21,2,4,6,11,38.25,77,106,172.04999999999973
PI,32,2027-08-08,17,1,3,5,9,35,62.100000000000136,92,139.04999999999973
PI,33,2027-08-15,14,2,2,4,8,29,54,83,124.02499999999986
PI,34,2027-08-22,12,1,2,3,6,24,48,70.04999999999995,109
PI,35,2027-08-29,10,0,1,2,5,21,39,57,86.02499999999986
PI,36,2027-09-05,9,0,1,2,4,18.25,36,52,81.02499999999986
PI,37,2027-09-12,8,0,1,2,4,16,29,44,64.02499999999986
PI,38,2027-09-19,7,0,1,1,3,15,28,40,56
PI,39,2027-09-26,7,0,1,1,3,13,24,37.049999999999955,56.024999999999864
PI,40,2027-10-03,6,0,0,1,2,13,24,36,55
PI,41,2027-10-10,6,0,0,1,2,12,24,34,49
PI,42,2027-10-17,5,0,0,1,2,11,21,32,45.024999999999864
PI,43,2027-10-24,5,0,0,1,2,11,21,32.049999999999955,44.024999999999864
PI,44,2027-10-31,5,0,0,1,2,10,20,29,41
PI,45,2027-11-07,5,0,0,1,2,10,20,29,40
PI,46,2027-11-14,4,0,0,1,2,10,19,28.049999999999955,42
PI,47,2027-11-21,4,0,0,1,2,9,18,26,35
PI,48,2027-11-28,4,0,0,1,2,10,20,29,43.024999999999864
PI,49,2027-12-05,4,0,0,0,2,10,19,29.049999999999955,44
PI,50,2027-12-12,4,0,0,1,2,10,19,29,45
PI,51,2027-12-19,5,0,0,1,2,11,21.100000000000136,33.049999999999955,50.07499999999959
PI,52,2027-12-26,5,0,0,1,2,12,23,36,50
PR,1,2027-01-03,10,1,2,3,6,19,39,60.049999999999955,90
PR,2,2027-01-10,12,1,2,3,6,23,43,65,96.04999999999973
PR,3,2027-01-17,13,2,3,4,7,25,51,79.04999999999995,132
PR,4,2027-01-24,16,2,3,5,9,28,55,84.04999999999995,128.02499999999986
PR,5,2027-01-31,18,3,4,5,9,35,67.10000000000014,109,154.02499999999986
PR,6,2027-02-07,21,3,4,7,12,40,79,130,195.02499999999986
PR,7,2027-02-14,24,4,6,8,14,46,94,146,218.04999999999973
PR,8,2027-02-21,29,5,7,9,16,55,111.10000000000014,178.04999999999995,263.0499999999997
PR,9,2027-02-28,33,5,7.950000000000003,11,18.75,62,123.10000000000014,193.04999999999995,348
PR,10,2027-03-07,37,6,8,12,20,70,134,210.04999999999995,344.09999999999945
PR,11,2027-03-14,40,7,9,12,21,75,155,252.14999999999986,394.02499999999986
PR,12,2027-03-21,40,7,9,13,22,80,160,246.0999999999999,409.17499999999905
PR,13,2027-03-28,41,7,9,12,22,77,157,267.14999999999986,385.6249999999966
PR,14,2027-04-04,38,7,10,13,22,73,156.10000000000014,239,365
PR,15,2027-04-11,36,6,8,11,20,69,134,203,294.0749999999996
PR,16,2027-04-18,34,6,8,11,18,66,129.10000000000014,206,293.02499999999986
PR,17,2027-04-25,30,5,7,10,17,58,114.10000000000014,176.04999999999995,271.02499999999986
PR,18,2027-05-02,28,4,6,9,15,52,104,150,218.17499999999905
PR,19,2027-05-09,25,4,5,8,13,48,96.10000000000014,149,222
PR,20,2027-05-16,21,3,4,6,11,39,79.10000000000014,117.09999999999991,180.02499999999986
PR,21,2027-05-23,17,2,3,5,9,33,63,102.09999999999991,171.04999999999973
PR,22,2027-05-30,14,2,3,4,8,27,52,74,124
PR,23,2027-06-06,11,1,2,3,6,22,42.100000000000136,62.049999999999955,90.09999999999945
PR,24,2027-06-13,9,1,2,3,5,18,34,57.049999999999955,94.02499999999986
PR,25,2027-06-20,8,1,1,2,4,14,26.100000000000136,41,66.04999999999973
PR,26,2027-06-27,7,0,1,2,3,12,24,39,60
PR,27,2027-07-04,5,0,1,1,3,10,20.100000000000136,32,49.024999999999864
PR,28,2027-07-11,4,0,0,1,2,9,18,27,39.024999999999864
PR,29,2027-07-18,4,0,0,1,2,8,16,24,33
PR,30,2027-07-25,4,0,0,1,2,7,14,23,35.024999999999864
PR,31,2027-08-01,3,0,0,0,1,7,12,18,27
PR,32,2027-08-08,3,0,0,0,1,6,12,17,26.024999999999864
PR,33,2027-08-15,3,0,0,0,1,5,10,17,29
PR,34,2027-08-22,3,0,0,0,1,6,11,17,25
PR,35,2027-08-29,3,0,0,0,1,5,10,15.049999999999955,24
PR,36,2027-09-05,3,0,0,0,1,6,11,17,25
PR,37,2027-09-12,3,0,0,0,1,6,11,17,27
PR,38,2027-09-19,3,0,0,0,1,6,11,17.049999999999955,25
PR,39,2027-09-26,3,0,0,0,1,6,12,19,28
PR,40,2027-10-03,3,0,0,0,1,7,13,21,35
PR,41,2027-10-10,3,0,0,0,1,7,14,22,37.024999999999864
PR,42,2027-10-17,4,0,0,1,2,7.25,15,25,43.024999999999864
PR,43,2027-10-24,4,0,0,1,2,8,17,27,42
PR,44,2027-10-31,4,0,0,1,2,9,18,28,44
PR,45,2027-11-07,5,0,0,1,2,10,20.100000000000136,33,52
PR,46,2027-11-14,5,0,0,1,3,11,23,38.049999999999955,63.024999999999864
PR,47,2027-11-21,6,0,1,1,3,11,22,36,59.07499999999959
PR,48,2027-11-28,6,0,1,1,3,12,22,35.049999999999955,61.024999999999864
PR,49,2027-12-05,6,0,1,1,3,13,26.100000000000136,41,72.02499999999986
PR,50,2027-12-12,7,0,1,2,3,14,27,43,65.09999999999945
PR,51,2027-12-19,8,1,1,2,4,15,29,45,66.02499999999986
PR,52,2027-12-26,9,1,1,2,5,17,33,51,75
RJ,1,2027-01-03,55,1,3,6,17,159,465.40000000000055,814.1499999999999,1429.8499999999954
RJ,2,2027-01-10,58,1,2,5.900000000000006,19,174.5,490.6000000000008,1013.05,1852.1249999999993
RJ,3,2027-01-17,65,2,3,6,21,202,571.4000000000005,1034.05,1788.174999999999
RJ,4,2027-01-24,77,2,4,8,25,229,659.1000000000001,1167.1,2005.374999999998
RJ,5,2027-01-31,82,2,4,8.900000000000006,26,258.25,684.1000000000015,1290.1,2207.524999999997
RJ,6,2027-02-07,89,2,4,9,28,258.25,793.2000000000003,1476.4499999999996,2624.974999999995
RJ,7,2027-02-14,94,3,5,10,32,300.25,811.5000000000007,1512.7499999999993,2877.424999999998
RJ,8,2027-02-21,107,2,5,10,33,309.25,814.6000000000022,1525.4499999999996,2440.7999999999847
RJ,9,2027-02-28,111.5,3,6,12,37,336.25,969,1897.5499999999995,3544.2749999999987
RJ,10,2027-03-07,128,3,6,14,41,382.25,1039.1000000000001,2050.7999999999993,3633.3249999999925
RJ,11,2027-03-14,138,3,6,14,45,406,1203.1000000000015,2398.1499999999987,4303.049999999994
RJ,12,2027-03-21,155,4,7,16,47,471.75,1272.2000000000003,2316.05,3974.249999999977
RJ,13,2027-03-28,159.5,3.9750000000000014,8.950000000000003,17,56,489,1304.5000000000007,2672.999999999999,4429.724999999997
RJ,14,2027-04-04,178.5,5,10,19,55,564.25,1471.8000000000025,2680.199999999999,5709.125
RJ,15,2027-04-11,193,6,10,22,65.75,556,1537.3000000000004,2906.25,5839.274999999982
RJ,16,2027-04-18,191.5,5.975000000000001,10,20,63,593.5,1640.200000000003,3145.699999999999,5776.274999999987
RJ,17,2027-04-25,198,5,9,21,63,579,1685.1000000000001,2770.449999999995,5978.424999999998
RJ,18,2027-05-02,198,6,10.950000000000003,22,68,582.5,1474.1000000000015,2776.199999999999,6116.075
RJ,19,2027-05-09,189,5,10,20,62,598.5,1562.800000000001,2957.949999999999,5120.024999999978
RJ,20,2027-05-16,181,4,8,16,58,523.25,1410.800000000001,2608.399999999998,4361.624999999996
RJ,21,2027-05-23,154.5,4,8,17,51,477,1275.2000000000003,2535.15,4339.174999999999
RJ,22,2027-05-30,145,4,7,16,47,447.25,1256.0000000000027,2599.15,5347.224999999994
RJ,23,2027-06-06,134,3,6,13,42,406,1109.4000000000033,2085.099999999998,4149.274999999999
RJ,24,2027-06-13,114,3,6,12,37,355.75,1020,1792.4499999999996,3384.1749999999934
RJ,25,2027-06-20,99,3,5,10,32,306.25,803,1531.7999999999993,2985.224999999993
RJ,26,2027-06-27,90.5,2,4,9,29,274,796.2000000000003,1497.05,2693.224999999999
RJ,27,2027-07-04,76,2,3.950000000000003,8,25,238.25,651.4000000000005,1077.049999999999,2041.7499999999905
RJ,28,2027-07-11,70,2,4,8,25,211,572,1093.3999999999996,2217.924999999995
RJ,29,2027-07-18,63,1,3,6,20.75,185.25,498.2000000000003,908.2499999999998,1634.0749999999996
RJ,30,2027-07-25,53,1,3,5,17,155,428.3000000000004,830.8499999999992,1518.2999999999984
RJ,31,2027-08-01,46,1,2,5,15,136.25,393.10000000000014,753.1999999999998,1521.274999999993
RJ,32,2027-08-08,42,1,2,4,13,124,342,723.05,1344.2999999999984
RJ,33,2027-08-15,38,1,2,4,12,110,325.3000000000004,582.9499999999991,995.5249999999917
RJ,34,2027-08-22,33,1,1,3,10,97,289,526.2499999999998,989.8749999999952
RJ,35,2027-08-29,32,0,1,3,10,94.25,268,542.2499999999998,1115.0499999999997
RJ,36,2027-09-05,29,0,1,3,8,91,251.20000000000027,466.1999999999998,947.174999999999
RJ,37,2027-09-12,31,0,1,3,10,87,249,514.05,927.0249999999999
RJ,38,2027-09-19,30,1,1,3,9,91,234.10000000000014,435.7499999999993,965.2749999999985
RJ,39,2027-09-26,32,0,1,3,10,90.25,257.10000000000014,497,876.0499999999997
RJ,40,2027-10-03,33,0,1,3,10,96,262.10000000000014,524.0999999999999,798.1249999999993
RJ,41,2027-10-10,32,0,1,3,10,94,253.10000000000014,436.14999999999986,679.1499999999992
RJ,42,2027-10-17,32,0,1,3,10,96,255.3000000000004,506.04999999999995,848.1249999999993
RJ,43,2027-10-24,32,0,1,3,10,103,274.10000000000014,509.04999999999995,844.7749999999958
RJ,44,2027-10-31,35.5,0,1,3,11,102,284.10000000000014,505.2499999999998,861.0249999999999
RJ,45,2027-11-07,37,1,1,4,12,108,283.2000000000003,553.1499999999999,875.0499999999997
RJ,46,2027-11-14,37,0,2,3,12,114,299.9000000000012,537.05,918.7499999999959
RJ,47,2027-11-21,37,1,2,4,12,116,291.10000000000014,578.0999999999999,1008.174999999999
RJ,48,2027-11-28,39,1,2,4,12,121,337.10000000000014,623.05,982.2999999999984
RJ,49,2027-12-05,40,1,2,4,13,122,336.10000000000014,627.6999999999994,1021.0249999999999
RJ,50,2027-12-12,44,1,2,4,15,130,345.10000000000014,590.049999999999,1004.0249999999999
RJ,51,2027-12-19,45,1,2,4,14,135,365.2000000000003,635.3499999999997,1114.5999999999967
RJ,52,2027-12-26,47,1,2,5,15,151,380.10000000000014,708.05,1189.8749999999952
RN,1,2027-01-03,26,3,4,7,13,50,99,137,192.02499999999986
RN,2,2027-01-10,30,3,5,8,15,57,101,151.04999999999995,216.04999999999973
RN,3,2027-01-17,32,4,6,9,16,62,113,161.0999999999999,241.0749999999996
RN,4,2027-01-24,37,4,6.950000000000003,10,19,71.25,128,188.0999999999999,273.02499999999986
RN,5,2027-01-31,44,5,7,11,23,85,153.10000000000014,238.0999999999999,335.09999999999945
RN,6,2027-02-07,54,7,10,14,28,102,180,286.14999999999986,428.1499999999992
RN,7,2027-02-14,64,8,11,17,33,119.25,219,317.04999999999995,481.17499999999905
RN,8,2027-02-21,75,9,14,21,38,140,263,387.1999999999998,547.0499999999997
RN,9,2027-02-28,86,10.975000000000001,15,22,43,163,302.2000000000003,489.14999999999986,680.0249999999999
RN,10,2027-03-07,96,12,18,27,49,187,326.2000000000003,497.1999999999998,656.1499999999992
RN,11,2027-03-14,103,12,17,27,52,202,378.3000000000004,562.2999999999997,814.4999999999973
RN,12,2027-03-21,114,12.975000000000001,19.950000000000003,30,56,218,388.10000000000014,562.5499999999995,775.1999999999989
RN,13,2027-03-28,111,14,19,30,57,215.25,389.10000000000014,598.0999999999999,881.2999999999984
RN,14,2027-04-04,116,16,22,32,60,229.25,425,651.05,880.0999999999995
RN,15,2027-04-11,121,15,22,33,62,225.25,427,608,861.374999999998
RN,16,2027-04-18,127,15,23,33,65,235,447.10000000000014,643.1499999999999,886.0749999999996
RN,17,2027-04-25,128,15.975000000000001,23,35,65,243,437.40000000000055,631.4999999999995,884.4749999999974
RN,18,2027-05-02,129,16,24,36,67,249,461,670.05,881.0999999999995
RN,19,2027-05-09,130,18,24,35.900000000000006,69,246.25,471.3000000000004,685.1999999999998,969.2249999999988
RN,20,2027-05-16,128,16,23,36,64,249,460,663.1499999999999,926.4249999999977
RN,21,2027-05-23,130,18,26,38,69,250,462.2000000000003,668.05,960.0499999999997
RN,22,2027-05-30,134,16,24,38,69,262.25,487.10000000000014,710.3499999999997,967.174999999999
RN,23,2027-06-06,137,18,25,35,66,259,467.3000000000004,711.05,1070.4249999999977
RN,24,2027-06-13,135.5,17,22.950000000000003,37,68.75,264,486.10000000000014,700.0999999999999,937.2249999999988
RN,25,2027-06-20,131,18.975,26,38,72,253,448,671.5999999999995,1042.2999999999984
RN,26,2027-06-27,137,17,24.950000000000003,35,67,256,438.10000000000014,624,927.4499999999975
RN,27,2027-07-04,133,18,26,37.900000000000006,69,252.25,449.10000000000014,674.4499999999996,878.4499999999975
RN,28,2027-07-11,137,16.975,26,36,67,250.5,452.40000000000055,682.0999999999999,1021.1249999999993
RN,29,2027-07-18,128,16,22,34,64,237.25,452,636.2499999999998,878.2749999999985
RN,30,2027-07-25,123.5,15,25,35,64,234.25,407.2000000000003,606.2499999999998,853.2749999999985
RN,31,2027-08-01,116,15,22.950000000000003,32,59,216,400,570.2499999999998,866.174999999999
RN,32,2027-08-08,108,14.975000000000001,20,30,57,205,377,528.1499999999999,707.0999999999995
RN,33,2027-08-15,102.5,14,20,28,52.75,194.25,346.10000000000014,488.0999999999999,696.2999999999984
RN,34,2027-08-22,92,10,16,24,45,179,304.2000000000003,448.04999999999995,669.3499999999981
RN,35,2027-08-29,86.5,11,16.950000000000003,23,41,162.25,293.2000000000003,408.0999999999999,546.174999999999
RN,36,2027-09-05,73,9,14,20,38,146,266.10000000000014,399.1999999999998,535.1249999999993
RN,37,2027-09-12,68,8,12,17,33,125,237.20000000000027,333.04999999999995,456
RN,38,2027-09-19,60,8,11,16,31,114,209.20000000000027,319,456.02499999999986
RN,39,2027-09-26,56,8,11,16,28,106,193,280,397.0499999999997
RN,40,2027-10-03,50,6,9,14.900000000000006,26,99,175.10000000000014,260,361
RN,41,2027-10-10,46,6,8,12,23.75,91,159.10000000000014,231.04999999999995,353.0499999999997
RN,42,2027-10-17,42,5,7,10,22,80,143,213.04999999999995,313.0749999999996
RN,43,2027-10-24,38,4,7,10,20,76,139,205.04999999999995,258.0749999999996
RN,44,2027-10-31,36,4,6,9,18,67,120,169.04999999999995,229
RN,45,2027-11-07,32,3,5,8,16,61,114.10000000000014,164,233
RN,46,2027-11-14,29,3,5,7,14,54,97.10000000000014,140.0999999999999,207
RN,47,2027-11-21,26,3,4,7,13,51.25,101,150.04999999999995,216
RN,48,2027-11-28,24,2,3,6,12,46,88.10000000000014,130,169.0749999999996
RN,49,2027-12-05,24,2,4,6,12,46,80.10000000000014,114,148
RN,50,2027-12-12,23,2,3,5.900000000000006,11,43,79,114,159.02499999999986
RN,51,2027-12-19,24,2,4,6,12,45,78,117.04999999999995,155
RN,52,2027-12-26,22,2,3,5,12,45,81,121,169
RO,1,2027-01-03,5,0,0,1,2,13,29,51,96.02499999999986
RO,2,2027-01-10,6,0,0,1,2,16,38,62,107.02499999999986
RO,3,2027-01-17,8,0,0,1,3,19,40.100000000000136,69.14999999999986,116
RO,4,2027-01-24,9,0,1,1,3,21,50,79.04999999999995,114.02499999999986
RO,5,2027-01-31,10,0,1,1,4,25,55,88.09999999999991,150.02499999999986
RO,6,2027-02-07,11,0,1,2,4,28,65,105,171.22499999999877
RO,7,2027-02-14,12,0,1,2,5,30,66,113,182.04999999999973
RO,8,2027-02-21,13,0,1,2,5,32,71,117.04999999999995,210.2749999999985
RO,9,2027-02-28,13,0,1,2,5,33,75,126,194.12499999999932
RO,10,2027-03-07,13,0,1,2,6,33,80,125,192.1999999999989
RO,11,2027-03-14,13,0,1,2,5,31,72,116.09999999999991,223.42499999999768
RO,12,2027-03-21,12,0,1,2,5,32,73,132.04999999999995,238
RO,13,2027-03-28,11,0,1,2,5,28,70,115,180.02499999999986
RO,14,2027-04-04,11,0,1,2,4,27,60,101.14999999999986,182.04999999999973
RO,15,2027-04-11,9,0,1,1,4,22,55,93,149.14999999999918
RO,16,2027-04-18,9,0,0,1,3,21,44,84,132.24999999999864
RO,17,2027-04-25,7,0,0,1,3,18,42,74,113.02499999999986
RO,18,2027-05-02,7,0,0,1,3,18,39,68.09999999999991,115.04999999999973
RO,19,2027-05-09,6,0,0,1,2,15,37.100000000000136,69.04999999999995,108.12499999999932
RO,20,2027-05-16,5,0,0,1,2,13,32,53.049999999999955,83
RO,21,2027-05-23,5,0,0,0,2,13,28,48,77
RO,22,2027-05-30,4,0,0,0,2,11,27,44,70.02499999999986
RO,23,2027-06-06,4,0,0,0,1,10,25,42.049999999999955,66.02499999999986
RO,24,2027-06-13,4,0,0,0,1,9,20,36,58.024999999999864
RO,25,2027-06-20,4,0,0,0,1,9,20,31,50.04999999999973
RO,26,2027-06-27,3,0,0,0,1,8,18,33,56.04999999999973
RO,27,2027-07-04,3,0,0,0,1,7,17,29,45
RO,28,2027-07-11,3,0,0,0,1,7,18,30.049999999999955,49
RO,29,2027-07-18,3,0,0,0,1,7,16,27,41
RO,30,2027-07-25,2,0,0,0,1,6,15,24,38.024999999999864
RO,31,2027-08-01,2,0,0,0,1,6,13,20,35
RO,32,2027-08-08,2,0,0,0,1,6,12,23,34.024999999999864
RO,33,2027-08-15,2,0,0,0,0,5,12,19,29
RO,34,2027-08-22,2,0,0,0,0,5,11,18,27
RO,35,2027-08-29,2,0,0,0,0,4,10,19.049999999999955,31
RO,36,2027-09-05,2,0,0,0,0,4,9,15.049999999999955,29.024999999999864
RO,37,2027-09-12,1,0,0,0,0,4,9,14.049999999999955,24
RO,38,2027-09-19,1,0,0,0,0,4,8,14,23.024999999999864
RO,39,2027-09-26,1,0,0,0,0,4,8,14,23.024999999999864
RO,40,2027-10-03,2,0,0,0,0,4,8.100000000000136,15,23
RO,41,2027-10-10,1,0,0,0,0,4,9,15,26.024999999999864
RO,42,2027-10-17,1,0,0,0,0,4,8,16,26.024999999999864
RO,43,2027-10-24,2,0,0,0,0,4,10,16.049999999999955,24.024999999999864
RO,44,2027-10-31,2,0,0,0,0,4,10,18,28.024999999999864
RO,45,2027-11-07,2,0,0,0,0,5,11,20,32
RO,46,2027-11-14,2,0,0,0,1,5,13,23.049999999999955,36.024999999999864
RO,47,2027-11-21,2,0,0,0,1,6,14.100000000000136,24,40
RO,48,2027-11-28,3,0,0,0,1,7,16,28,47
RO,49,2027-12-05,3,0,0,0,1,8,19,31.049999999999955,54.024999999999864
RO,50,2027-12-12,3,0,0,0,1,9,21,38,64.04999999999973
RO,51,2027-12-19,4,0,0,0,1,10,22,37,60.12499999999932
RO,52,2027-12-26,4,0,0,0,2,11,26.100000000000136,49,90.02499999999986
RR,1,2027-01-03,0,0,0,0,0,2,6,11,19.024999999999864
RR,2,2027-01-10,0,0,0,0,0,2,6,12,19
RR,3,2027-01-17,0,0,0,0,0,2,6,11,19
RR,4,2027-01-24,0,0,0,0,0,2,6,11,20
RR,5,2027-01-31,0,0,0,0,0,2,6,12,21
RR,6,2027-02-07,0,0,0,0,0,2,6,12,22
RR,7,2027-02-14,1,0,0,0,0,2.25,6,13,22
RR,8,2027-02-21,1,0,0,0,0,2,7,13,22.024999999999864
RR,9,2027-02-28,1,0,0,0,0,3,7,14,23.024999999999864
RR,10,2027-03-07,1,0,0,0,0,3,8,14,27
RR,11,2027-03-14,1,0,0,0,0,3,8,15,24
RR,12,2027-03-21,1,0,0,0,0,3,8,14,23
RR,13,2027-03-28,1,0,0,0,0,3,9,16,26
RR,14,2027-04-04,1,0,0,0,0,3,9,17,29
RR,15,2027-04-11,1,0,0,0,0,3,9,16.049999999999955,27
RR,16,2027-04-18,1,0,0,0,0,3,9,17,29
RR,17,2027-04-25,1,0,0,0,0,3,9,16,28
RR,18,2027-05-02,1,0,0,0,0,3,9,17,31.024999999999864
RR,19,2027-05-09,1,0,0,0,0,3,10,20,31
RR,20,2027-05-16,1,0,0,0,0,4,11,20,36.024999999999864
RR,21,2027-05-23,1,0,0,0,0,4,10,18,33
RR,22,2027-05-30,1,0,0,0,0,4,11,20.049999999999955,39.04999999999973
RR,23,2027-06-06,1,0,0,0,0,4,12,23,33.024999999999864
RR,24,2027-06-13,1,0,0,0,0,4.25,13,23,42.024999999999864
RR,25,2027-06-20,1,0,0,0,0,4,13,25,41.04999999999973
RR,26,2027-06-27,1,0,0,0,0,5,13,24,43.024999999999864
RR,27,2027-07-04,1,0,0,0,0,5,15,27,46.024999999999864
RR,28,2027-07-11,1,0,0,0,0,5,15,31,47.024999999999864
RR,29,2027-07-18,1,0,0,0,0,5,15.100000000000136,29,51
RR,30,2027-07-25,2,0,0,0,0,6,15,29.049999999999955,49
RR,31,2027-08-01,2,0,0,0,0,6,19,35,53.04999999999973
RR,32,2027-08-08,1,0,0,0,0,6,17,31,49.024999999999864
RR,33,2027-08-15,1,0,0,0,0,6,16.100000000000136,29,47
RR,34,2027-08-22,1,0,0,0,0,5,15,28,57
RR,35,2027-08-29,1,0,0,0,0,5,15,27,43
RR,36,2027-09-05,1,0,0,0,0,4,12,21,42
RR,37,2027-09-12,1,0,0,0,0,4,11,19,34.024999999999864
RR,38,2027-09-19,1,0,0,0,0,4,11,21,37.024999999999864
RR,39,2027-09-26,1,0,0,0,0,4,10,19,33.04999999999973
RR,40,2027-10-03,1,0,0,0,0,4,10,18,31.024999999999864
RR,41,2027-10-10,1,0,0,0,0,3,9,17,31
RR,42,2027-10-17,1,0,0,0,0,3,10,18,33
RR,43,2027-10-24,1,0,0,0,0,3,10,19.049999999999955,32.04999999999973
RR,44,2027-10-31,1,0,0,0,0,3,9,17,30
RR,45,2027-11-07,1,0,0,0,0,3,9,16,31
RR,46,2027-11-14,1,0,0,0,0,3,10,19,32
RR,47,2027-11-21,1,0,0,0,0,3,8,14,24
RR,48,2027-11-28,1,0,0,0,0,3,8,14,26.024999999999864
RR,49,2027-12-05,1,0,0,0,0,2,7,13,25
RR,50,2027-12-12,0,0,0,0,0,2,6,12,20.024999999999864
RR,51,2027-12-19,0,0,0,0,0,2,6,10,17.024999999999864
RR,52,2027-12-26,0,0,0,0,0,2,6,11,19.024999999999864
RS,1,2027-01-03,2,0,0,0,1,4,7,9,12
RS,2,2027-01-10,2,0,0,0,1,4,7,10,14
RS,3,2027-01-17,3,0,0,0,1,5,8,11,14
RS,4,2027-01-24,3,0,0,1,1,5,9,12,16.024999999999864
RS,5,2027-01-31,3,0,0,1,2,6,10,14,19.024999999999864
RS,6,2027-02-07,4,0,0,1,2,7,11,15,19
RS,7,2027-02-14,4,0,1,1,2,8,13,19,25
RS,8,2027-02-21,5,0,1,1,3,10,16,23,32
RS,9,2027-02-28,7,1,1,2,4,11,18,25.049999999999955,35
RS,10,2027-03-07,8,1,1,2,4,13,22,31,45
RS,11,2027-03-14,9,1,2,3,5,16,27,38,51
RS,12,2027-03-21,10,1,2,3,6,17,29,43,56
RS,13,2027-03-28,11,2,2,4,6,18,30,44.049999999999955,63.024999999999864
RS,14,2027-04-04,11,2,3,4,7,19,30,40,58.04999999999973
RS,15,2027-04-11,11,2,3,4,7,19,31,43,59.04999999999973
RS,16,2027-04-18,10,2,2,4,6,18,28,39,52
RS,17,2027-04-25,9,1,2,3,5,16,26,36,50.024999999999864
RS,18,2027-05-02,8,1,2,3,5,14,24,31,41
RS,19,2027-05-09,7,1,1,2,4,12,19,26.049999999999955,34.024999999999864
RS,20,2027-05-16,6,1,1,2,3,10,17,23,28
RS,21,2027-05-23,5,0,1,1,2,8,13,19,26
RS,22,2027-05-30,4,0,0,1,2,6,10,15,19
RS,23,2027-06-06,3,0,0,1,2,5,9,12,17.024999999999864
RS,24,2027-06-13,2,0,0,0,1,4,7,10,12
RS,25,2027-06-20,2,0,0,0,1,4,6,9,11
RS,26,2027-06-27,2,0,0,0,1,3,6,8,10
RS,27,2027-07-04,2,0,0,0,1,3,5,7,9
RS,28,2027-07-11,2,0,0,0,1,3,5,7,9
RS,29,2027-07-18,1,0,0,0,0,3,4,6,8
RS,30,2027-07-25,1,0,0,0,0,2,4,5,7
RS,31,2027-08-01,1,0,0,0,0,2,4,5,7
RS,32,2027-08-08,1,0,0,0,0,2,4,5,7
RS,33,2027-08-15,1,0,0,0,0,2,3,4,5
RS,34,2027-08-22,1,0,0,0,0,2,3,4,5
RS,35,2027-08-29,1,0,0,0,0,2,3,4,5
RS,36,2027-09-05,1,0,0,0,0,2,3,4,5
RS,37,2027-09-12,1,0,0,0,0,2,3,4,5
RS,38,2027-09-19,1,0,0,0,0,2,3,4,5
RS,39,2027-09-26,1,0,0,0,0,2,3,4,5
RS,40,2027-10-03,1,0,0,0,0,2,3,4,5
RS,41,2027-10-10,1,0,0,0,0,2,3,4,6
RS,42,2027-10-17,1,0,0,0,0,2,3,5,6
RS,43,2027-10-24,1,0,0,0,0,2,4,5,7
RS,44,2027-10-31,1,0,0,0,0,2,4,5,7
RS,45,2027-11-07,1,0,0,0,0,2,4,5,7
RS,46,2027-11-14,1,0,0,0,0,2,4,5,7
RS,47,2027-11-21,1,0,0,0,0,3,4,6,7
RS,48,2027-11-28,1,0,0,0,0,3,5,6,8
RS,49,2027-12-05,2,0,0,0,1,3,5,6,9
RS,50,2027-12-12,2,0,0,0,1,3,5,7,9
RS,51,2027-12-19,2,0,0,0,1,3,5,7,10
RS,52,2027-12-26,2,0,0,0,1,4,6,8,11
SC,1,2027-01-03,5,0,1,1,3,8,15,21,33
SC,2,2027-01-10,5,0,1,1,3,10,17,23.049999999999955,36
SC,3,2027-01-17,6,0,1,2,3,10,17,25.049999999999955,37.024999999999864
SC,4,2027-01-24,7,1,1,2,4,11,20,30.049999999999955,43.024999999999864
SC,5,2027-01-31,7,1,1,2,4,13,23,34,52.024999999999864
SC,6,2027-02-07,8,1,2,3,4,14,24,36,56
SC,7,2027-02-14,9,1,2,3,5,16,29,46,80.02499999999986
SC,8,2027-02-21,9,1,2,3,6,17,32,52.049999999999955,79.02499999999986
SC,9,2027-02-28,10,2,2,4,6,19,36,58.049999999999955,92.02499999999986
SC,10,2027-03-07,11,2,2.950000000000003,4,6,20,36,59.09999999999991,95
SC,11,2027-03-14,11,2,3,4,6,19,37,61,108.04999999999973
SC,12,2027-03-21,11,2,3,4,7,20,39,58,100.04999999999973
SC,13,2027-03-28,11,2,3,4,7,21,36,57.049999999999955,103.02499999999986
SC,14,2027-04-04,11,1,2,4,6,20,37,56,90.02499999999986
SC,15,2027-04-11,11,2,2.950000000000003,4,6,19,34,48.049999999999955,80.02499999999986
SC,16,2027-04-18,10,2,2,3,6,18,31.100000000000136,47,72
SC,17,2027-04-25,9,1.9750000000000014,2,3,5.75,16,28,43,70
SC,18,2027-05-02,9,1,2,3,5,15,27,40,62
SC,19,2027-05-09,8,1,2,3,5,14,24,36,51.024999999999864
SC,20,2027-05-16,7,1,1,2,4,13,22,31,42.04999999999973
SC,21,2027-05-23,6,1,1,2,3,10,17,24,34
SC,22,2027-05-30,5,0,1,1,3,9,14.100000000000136,21,33
SC,23,2027-06-06,4,0,0,1,2,7,12,17,23.024999999999864
SC,24,2027-06-13,4,0,0,1,2,6,11,15.049999999999955,20
SC,25,2027-06-20,3,0,0,1,2,6,10,13,18
SC,26,2027-06-27,3,0,0,0,1,5,8,11,15
SC,27,2027-07-04,2,0,0,0,1,4,7,11,16
SC,28,2027-07-11,2,0,0,0,1,4,6,9,13
SC,29,2027-07-18,2,0,0,0,1,3,6,8,11
SC,30,2027-07-25,2,0,0,0,1,3,5,7,10
SC,31,2027-08-01,2,0,0,0,1,3,5,7,9
SC,32,2027-08-08,1,0,0,0,0,3,5,7,10
SC,33,2027-08-15,1,0,0,0,0,3,5,7,8
SC,34,2027-08-22,1,0,0,0,0,2,4,6,8
SC,35,2027-08-29,1,0,0,0,0,2,4,6,7
SC,36,2027-09-05,1,0,0,0,0,3,4,6,8
SC,37,2027-09-12,1,0,0,0,0,3,4,6,8
SC,38,2027-09-19,1,0,0,0,0,2,4,6,8
SC,39,2027-09-26,1,0,0,0,0,3,5,7,9
SC,40,2027-10-03,1,0,0,0,1,3,5,7,9
SC,41,2027-10-10,2,0,0,0,1,3,5,7,10
SC,42,2027-10-17,2,0,0,0,1,3,5,7,10
SC,43,2027-10-24,2,0,0,0,1,3,6,8,11
SC,44,2027-10-31,2,0,0,0,1,4,6,8.049999999999955,12
SC,45,2027-11-07,2,0,0,0,1,4,7,10,15
SC,46,2027-11-14,2,0,0,0,1,5,7,10,14
SC,47,2027-11-21,3,0,0,0,1,5,8,12,17
SC,48,2027-11-28,3,0,0,1,1,6,9,14,19
SC,49,2027-12-05,3,0,0,1,2,6,10,15.049999999999955,22
SC,50,2027-12-12,4,0,0,1,2,7,11,16.049999999999955,25
SC,51,2027-12-19,4,0,0,1,2,7,12,18,27.024999999999864
SC,52,2027-12-26,5,0,1,1,2,8,13,19,25.024999999999864
SE,1,2027-01-03,6,0,0,0,2,23,70,162.0999999999999,265.1999999999989
SE,2,2027-01-10,7,0,0,0,1,26,83,146.0999999999999,270.0749999999996
SE,3,2027-01-17,7,0,0,0,2,23,82.10000000000014,168.0999999999999,322.0499999999997
SE,4,2027-01-24,7,0,0,0,2,27,86,196,361.24999999999864
SE,5,2027-01-31,7,0,0,0,2,29,81,149.19999999999982,273
SE,6,2027-02-07,8,0,0,0,2,31,99.10000000000014,176.14999999999986,375.57499999999686
SE,7,2027-02-14,8,0,0,0,2,31.25,107.10000000000014,218,414.09999999999945
SE,8,2027-02-21,9,0,0,0,2,31,101,202.0999999999999,394.3249999999982
SE,9,2027-02-28,10,0,0,0,2,37,114.10000000000014,231.24999999999977,491.02499999999986
SE,10,2027-03-07,10,0,0,0,2,35,111.30000000000041,218,444.1999999999989
SE,11,2027-03-14,10,0,0,0,2,37,128.10000000000014,223.29999999999973,469.3999999999978
SE,12,2027-03-21,9.5,0,0,0,2,36.25,129,233,479.1499999999992
SE,13,2027-03-28,11,0,0,1,3,39,120.10000000000014,255.14999999999986,478.3999999999978
SE,14,2027-04-04,11,0,0,0,3,43,135.40000000000055,255.0999999999999,459.09999999999945
SE,15,2027-04-11,11,0,0,0,3,40,134,266.1999999999998,472.0749999999996
SE,16,2027-04-18,11,0,0,0,3,42,137.10000000000014,280.0999999999999,491.0749999999996
SE,17,2027-04-25,11.5,0,0,0,3,41,136.10000000000014,262.0999999999999,485
SE,18,2027-05-02,12,0,0,0,3,44,153.10000000000014,307.2999999999997,582.1999999999989
SE,19,2027-05-09,12,0,0,1,3,43,131.10000000000014,271.04999999999995,476.1999999999989
SE,20,2027-05-16,13,0,0,1,3,48,155.10000000000014,334.14999999999986,606.1249999999993
SE,21,2027-05-23,14,0,0,1,3,52.25,163,333.0999999999999,624.1999999999989
SE,22,2027-05-30,13.5,0,0,1,3.75,50,158,317.1999999999998,665.0499999999997
SE,23,2027-06-06,14,0,0,1,4,54,173.10000000000014,354.14999999999986,732.0749999999996
SE,24,2027-06-13,16,0,0,1,4,60,200,356.04999999999995,663.0249999999999
SE,25,2027-06-20,17,0,0,1,4,58.25,196.10000000000014,365.04999999999995,627.549999999997
SE,26,2027-06-27,16,0,0,1,4,66,204.10000000000014,398.0999999999999,725.924999999995
SE,27,2027-07-04,19,0,0,1,5,70,233.10000000000014,417.04999999999995,763.0749999999996
SE,28,2027-07-11,19,0,0,1,4,69,223,478.04999999999995,757.0749999999996
SE,29,2027-07-18,20,0,0,1,5,72,214.40000000000055,425,734.5499999999915
SE,30,2027-07-25,19,0,0,1,6,79,268.10000000000014,518.6499999999994,886.3249999999982
SE,31,2027-08-01,21,0,0,1,5,74.25,232.10000000000014,517.2499999999998,961.4749999999974
SE,32,2027-08-08,23,0,0,1,6,81,254.20000000000027,511.2999999999997,957.0249999999999
SE,33,2027-08-15,21,0,0,1,5,75.25,239.20000000000027,486,834.9999999999945
SE,34,2027-08-22,20,0,0,1,5,70,236,560.1499999999999,932.1249999999993
SE,35,2027-08-29,19,0,0,1,5,67.25,226,484.49999999999955,956.1499999999992
SE,36,2027-09-05,17,0,0,1,5,66.25,232.10000000000014,445.0999999999999,1013.9749999999947
SE,37,2027-09-12,18,0,0,1,4,66.25,202,412.0999999999999,833.1999999999989
SE,38,2027-09-19,16,0,0,1,4,61,192.3000000000004,398.2499999999998,824.6999999999962
SE,39,2027-09-26,15,0,0,1,4,53.25,171.10000000000014,369.1999999999998,726.1999999999989
SE,40,2027-10-03,14,0,0,1,3,49,171.10000000000014,370.59999999999945,683.5999999999967
SE,41,2027-10-10,11,0,0,0,3,41,146,353.2499999999998,751.3999999999978
SE,42,2027-10-17,10,0,0,0,2,40,132,336.0999999999999,555.8999999999951
SE,43,2027-10-24,10,0,0,0,2,35,118,264.0999999999999,500.02499999999986
SE,44,2027-10-31,9,0,0,0,2,33,116.10000000000014,228.19999999999982,489.0499999999997
SE,45,2027-11-07,8,0,0,0,2,33,103.10000000000014,243,491.0749999999996
SE,46,2027-11-14,8,0,0,0,2,29,93.10000000000014,212.14999999999986,431.0499999999997
SE,47,2027-11-21,7,0,0,0,2,26,90,203.0999999999999,389.1499999999992
SE,48,2027-11-28,7,0,0,0,1,24.25,87,239.19999999999982,408.0499999999997
SE,49,2027-12-05,7,0,0,0,1,24,72.10000000000014,154.0999999999999,323.17499999999905
SE,50,2027-12-12,6,0,0,0,1,22,83,167.0999999999999,355.24999999999864
SE,51,2027-12-19,6,0,0,0,1,21,70,173,310.52499999999714
SE,52,2027-12-26,6,0,0,0,1,21,75.10000000000014,157.04999999999995,373.0499999999997
SP,1,2027-01-03,55.5,17,21,27,37,92,168,278.0999999999999,451.72499999999604
SP,2,2027-01-10,60,19,23,28,40,99,184.20000000000027,289,570.2999999999984
SP,3,2027-01-17,64,21,25,30,42,109,213,336.1999999999998,543.2499999999986
SP,4,2027-01-24,70,24,28,33,45,115,212,360.2499999999998,569.3499999999981
SP,5,2027-01-31,74,25,29,33,48,124,225.20000000000027,370.0999999999999,600.4249999999977
SP,6,2027-02-07,82.5,26,31,37,52,137,241,380.2499999999998,711.2499999999986
SP,7,2027-02-14,84.5,28,32,39,55,141.25,260,423,697.0249999999999
SP,8,2027-02-21,89,29,34,42,58,146,273.2000000000003,424.4499999999996,761.0499999999997
SP,9,2027-02-28,94,32,37,44,62,158.25,299.2000000000003,521,852.0749999999996
SP,10,2027-03-07,95,34,39,47,64,160,299,509.3499999999997,915.374999999998
SP,11,2027-03-14,102,33,39,46,66,171,313.5000000000007,523.1499999999999,865.4999999999973
SP,12,2027-03-21,103,35,40.95,48,67,169,316,565,913
SP,13,2027-03-28,102,34,40,49,67,183,344.10000000000014,526.2999999999997,991.2249999999988
SP,14,2027-04-04,103,32,38,48,67,174.25,319.10000000000014,569.5499999999995,935.0499999999997
SP,15,2027-04-11,105,34,40,47.900000000000006,67,175,321.40000000000055,481.04999999999995,822.6249999999966
SP,16,2027-04-18,100,34,39,46,65,166.25,322.2000000000003,531,895.2749999999985
SP,17,2027-04-25,95,33,38,45,63,166,316.10000000000014,474.0999999999999,734.2749999999985
SP,18,2027-05-02,91,29,34,42,61,154,282.10000000000014,487.0999999999999,860.2749999999985
SP,19,2027-05-09,85,27,32,40,56,146,292,486.4499999999996,792.1499999999992
SP,20,2027-05-16,80,26,30,37,51,139,257.10000000000014,425.1999999999998,681.0749999999996
SP,21,2027-05-23,71.5,23,27,33,46,123.25,232.20000000000027,395.04999999999995,680.0249999999999
SP,22,2027-05-30,64,20,23,29,41,113,219.10000000000014,343.04999999999995,560.0249999999999
SP,23,2027-06-06,59,17,21,25,37,101,200.20000000000027,311.04999999999995,512.6999999999962
SP,24,2027-06-13,51,14,18,22,32,92,184,289.04999999999995,506.0499999999997
SP,25,2027-06-20,45,12,15,19,28,78,156,245.04999999999995,448.0499999999997
SP,26,2027-06-27,42,12,14,17,25,76,151,235.14999999999986,434.2749999999985
SP,27,2027-07-04,37,10,12,15,23,66.25,126.10000000000014,232,393.1249999999993
SP,28,2027-07-11,32,9,11,14,20,60,116,202.04999999999995,319.09999999999945
SP,29,2027-07-18,30,8,10,12,18,54,106,173,322.09999999999945
SP,30,2027-07-25,27,8,9,12,17,50,100,163.0999999999999,300.17499999999905
SP,31,2027-08-01,26,7,8,11,16,45.25,87.10000000000014,148.04999999999995,267.09999999999945
SP,32,2027-08-08,24,6,8,10,15,43,83.10000000000014,134.04999999999995,223.0749999999996
SP,33,2027-08-15,23,6,7,10,14,40,76,131.04999999999995,236
SP,34,2027-08-22,22,6,7,10,14,39,75,127.04999999999995,231.02499999999986
SP,35,2027-08-29,22,6,7,9,14,38,70,113.04999999999995,186.04999999999973
SP,36,2027-09-05,22,6,7,9,13,37,71,117.04999999999995,174.04999999999973
SP,37,2027-09-12,22,6,7,9,14,36,68,113,182.24999999999864
SP,38,2027-09-19,22,6,7,9,14,37,67,121.04999999999995,187
SP,39,2027-09-26,22,6,8,10,14,39,71,114.09999999999991,192.04999999999973
SP,40,2027-10-03,24,6,8,10,15,39,70,117.04999999999995,205.14999999999918
SP,41,2027-10-10,25,7,8.950000000000003,11,15,42,77.10000000000014,122,186.0749999999996
SP,42,2027-10-17,26,7,9,11,16,44,84,131.0999999999999,208.22499999999877
SP,43,2027-10-24,27,8,10,12,17,44,85,135.04999999999995,207
SP,44,2027-10-31,29,8,10,12,18,47,84.20000000000027,142.0999999999999,229.0749999999996
SP,45,2027-11-07,31,9,11,13,20,51,91,140,229.02499999999986
SP,46,2027-11-14,32,10,12,15,21,56,102.10000000000014,166.0999999999999,254
SP,47,2027-11-21,36,11,13,16,23,59,108.10000000000014,181.0999999999999,289
SP,48,2027-11-28,38,12,15,18,24,63,113,176.04999999999995,281.02499999999986
SP,49,2027-12-05,41,12,15,19,26,68.25,124.10000000000014,197.04999999999995,301.02499999999986
SP,50,2027-12-12,45,13,17,21,29,75,136.10000000000014,219,361.17499999999905
SP,51,2027-12-19,47,15,18,22,31,79,143,225,341.02499999999986
SP,52,2027-12-26,50,16.975,20,24,33,84,162.20000000000027,260.1999999999998,403
TO,1,2027-01-03,10,0,1,2,4,24,56,91,157.02499999999986
TO,2,2027-01-10,12,0,1,2,5,31,65,110.09999999999991,179.17499999999905
TO,3,2027-01-17,14,1,2,3,6,33,73,118,195.24999999999864
TO,4,2027-01-24,17,1,2,3,7,40,83,149.0999999999999,230.14999999999918
TO,5,2027-01-31,19,1,2,3,8,42,93,155.0999999999999,250.2749999999985
TO,6,2027-02-07,20,1,2,4,9,45,106.10000000000014,173,293.02499999999986
TO,7,2027-02-14,20,1,2,4,9,49,102,170.04999999999995,285.0499999999997
TO,8,2027-02-21,22,1,2,4,10,51,119.10000000000014,187,296.1999999999989
TO,9,2027-02-28,22,1,2,4,9,50.25,113,200.04999999999995,292.0499999999997
TO,10,2027-03-07,23,1,3,5,10,55,122,199.04999999999995,326.02499999999986
TO,11,2027-03-14,23,1,3,4,10,53,123.10000000000014,199.14999999999986,310.0499999999997
TO,12,2027-03-21,22,1,2,4,10,50,110,188.19999999999982,295
TO,13,2027-03-28,23,2,3,4,10,52,121,193,317.0749999999996
TO,14,2027-04-04,23,1,2,4,10,57,126,212,296.1249999999993
TO,15,2027-04-11,25,1,3,5,11,56,115.10000000000014,186.24999999999977,294.0749999999996
TO,16,2027-04-18,25,2,3,5,10,57,128.10000000000014,202,354.1999999999989
TO,17,2027-04-25,25,2,3,5,12,56,131,222.0999999999999,339.02499999999986
TO,18,2027-05-02,24,2,3,5,11,55,122.10000000000014,198.04999999999995,300.2249999999988
TO,19,2027-05-09,23,2,3,5,11,55,120,201.04999999999995,343.2249999999988
TO,20,2027-05-16,23,1,3,5,10,54,123,205.24999999999977,308.09999999999945
TO,21,2027-05-23,22,1,2,4,9,51,116.10000000000014,178.29999999999973,318.02499999999986
TO,22,2027-05-30,20,1,2,4,9,47,100.10000000000014,170.04999999999995,275.3499999999981
TO,23,2027-06-06,17,1,2,3,7,42,91,154.04999999999995,273.02499999999986
TO,24,2027-06-13,15,1,1,3,6,35,77.10000000000014,125,212.02499999999986
TO,25,2027-06-20,14,1,1,2,6,30,69,110.04999999999995,191.02499999999986
TO,26,2027-06-27,12,0,1,2,5,29,57,99,140.0749999999996
TO,27,2027-07-04,9,0,1,2,4,22,49,80,130.04999999999973
TO,28,2027-07-11,8,0,0,1,3,19,45,73,118.07499999999959
TO,29,2027-07-18,7,0,0,1,3,16,35.100000000000136,61,108
TO,30,2027-07-25,6,0,0,1,2,14,33,57,96.02499999999986
TO,31,2027-08-01,5,0,0,0,2,12,30,52,80.09999999999945
TO,32,2027-08-08,5,0,0,0,2,12,25.100000000000136,45,70
TO,33,2027-08-15,4,0,0,0,1,10,22,38.049999999999955,64.07499999999959
TO,34,2027-08-22,3,0,0,0,1,9,18,29,47
TO,35,2027-08-29,3,0,0,0,1,7,17,31,48
TO,36,2027-09-05,3,0,0,0,1,7,16,26,47
TO,37,2027-09-12,3,0,0,0,1,6,13.100000000000136,24,41
TO,38,2027-09-19,2,0,0,0,1,6,14,24,37
TO,39,2027-09-26,2,0,0,0,1,6,13,21,32
TO,40,2027-10-03,2,0,0,0,1,6,13,23,35
TO,41,2027-10-10,2,0,0,0,1,6,13,22,41
TO,42,2027-10-17,3,0,0,0,1,6,14,26,44
TO,43,2027-10-24,3,0,0,0,1,7,15,27.049999999999955,51
TO,44,2027-10-31,3,0,0,0,1,8,19,31.049999999999955,47.04999999999973
TO,45,2027-11-07,4,0,0,0,1,9,22,35.049999999999955,57.024999999999864
TO,46,2027-11-14,5,0,0,0,2,11,25,39.049999999999955,73
TO,47,2027-11-21,5,0,0,1,2,13,28,48.049999999999955,79.04999999999973
TO,48,2027-11-28,6,0,0,1,2.75,15,34,54.049999999999955,101
TO,49,2027-12-05,7,0,0,1,3,17,38,66,117.07499999999959
TO,50,2027-12-12,8,0,0,1,3,17,41,70,129.02499999999986
TO,51,2027-12-19,8,0,0,1,3,20,44.100000000000136,73.04999999999995,127.07499999999959
TO,52,2027-12-26,9,0,1,1,3.75,22,46.100000000000136,81,143
BR,1,2027-01-03,1368,614.975,673.9,780.5,987,2232.25,3963.1000000000004,6394.049999999999,13152.249999999982
BR,2,2027-01-10,1576.5,687.9,761.9499999999999,857,1114,2556,4711.700000000003,7184.799999999999,12328.299999999987
BR,3,2027-01-17,1813,785.975,885,1001,1268.75,2930.75,5160.000000000004,8518.45,15207.924999999983
BR,4,2027-01-24,2060,887.9250000000001,988,1140.9,1490.5,3327,6389.300000000003,9967.099999999997,16464.374999999985
BR,5,2027-01-31,2375.5,984.925,1116.95,1267,1645,3753.75,6519.500000000003,10574.749999999985,20626.074999999986
BR,6,2027-02-07,2643.5,1180.75,1288.7,1491.8999999999999,1898.5,4266.75,7774.7000000000035,13135.049999999997,22718.099999999995
BR,7,2027-02-14,2915.5,1281,1469.3,1656,2090,4849.5,8828.800000000003,13807.849999999997,24264.124999999956
BR,8,2027-02-21,3295.5,1459.975,1617.9,1816.9,2314.75,5104,9428.600000000013,15521.049999999997,27451.025
BR,9,2027-02-28,3575,1578,1707.95,1939.8999999999999,2498.5,5825.25,10499.6,16142.599999999995,28810.549999999992
BR,10,2027-03-07,3832,1675.9750000000001,1891.8,2132.8,2695.75,6053.25,11113.300000000005,17856.699999999986,31654.4499999999
BR,11,2027-03-14,4113.5,1781.975,1999.55,2283,2916.25,6374.25,11405.000000000002,18900.149999999983,30345.624999999993
BR,12,2027-03-21,4283,1836.925,2047.7,2332.4,3032,6549.75,11667.900000000009,19386.05,29939.924999999937
BR,13,2027-03-28,4315,1883.45,2097.6,2436.9,3059,6812,11729.600000000011,19682.35,34889.97499999999
BR,14,2027-04-04,4425.5,1932.85,2188.5,2513.9,3177.75,6930.75,12357.2,18540.65,29611.54999999999
BR,15,2027-04-11,4324.5,1976.7,2196.8,2448.5,3104.75,7066.75,12058.600000000006,19421.8,30913.424999999977
BR,16,2027-04-18,4420.5,1948.925,2161.7999999999997,2478,3148.75,7093,12142.900000000001,19666.5,31344.049999999974
BR,17,2027-04-25,4396,1981.975,2192.95,2535.8999999999996,3158.75,6852.75,12235.100000000006,19482.15,32038.34999999997
BR,18,2027-05-02,4290,1927.8,2147.6,2453,3130,6859.5,12073,19648.1,29733.624999999996
BR,19,2027-05-09,4275.5,1880.825,2097.9500000000003,2367.6,3034.75,6676.25,11703.000000000022,17435.1,29122.049999999927
BR,20,2027-05-16,4047,1785.8000000000002,1993.6,2302.7999999999997,2885,6253,10669.200000000003,16160.749999999996,28615.224999999966
BR,21,2027-05-23,3779.5,1678.925,1922.85,2174.7,2730,6008,10389.000000000011,16442.199999999997,24178.399999999943
BR,22,2027-05-30,3664.5,1604.925,1763.8999999999999,1990,2616,5528.75,10058.800000000001,15405.64999999999,25231.32499999999
BR,23,2027-06-06,3333,1453.9250000000002,1646.75,1866.8,2364.75,5194,9012.100000000002,14930.399999999992,23290.69999999988
BR,24,2027-06-13,3095,1318.8500000000001,1484.9,1706,2183,4735.5,8236.100000000011,12139.099999999988,21755.274999999954
BR,25,2027-06-20,2798,1252.95,1378.9499999999998,1559.6,1984.75,4303,7729.300000000003,10959.899999999998,17792.94999999999
BR,26,2027-06-27,2597.5,1186.825,1313.95,1475,1854,3984.25,6499.200000000003,10231.3,16888.724999999904
BR,27,2027-07-04,2386.5,1076.95,1177.9,1348.9,1737.75,3673,6333.800000000001,9980.55,15004.374999999965
BR,28,2027-07-11,2194.5,1001,1079,1257.8999999999999,1570,3410.75,5873.9000000000015,9126.649999999989,14072.074999999988
BR,29,2027-07-18,2042,908.7,997.6,1148.7,1491.75,3155,5095.500000000003,7458.749999999996,11925.824999999973
BR,30,2027-07-25,1869,824.9749999999999,911,1052,1376,2903.75,4897.100000000001,7897.199999999999,12114.34999999996
BR,31,2027-08-01,1744,781.9749999999999,854.9499999999999,988.9,1272,2652,4533.900000000005,6686.699999999998,11164.199999999988
BR,32,2027-08-08,1620,730,797.95,911.9,1163.25,2425.25,4041.1,6032.5999999999985,10132.050000000001
BR,33,2027-08-15,1479.5,669.925,736,830,1067,2299.5,3941.0000000000014,6122.2999999999975,8829.774999999963
BR,34,2027-08-22,1336,614,677.95,795.9,1013,2110.25,3742.9000000000015,5665.049999999999,8956.149999999983
BR,35,2027-08-29,1278.5,573.9749999999999,626,725.9000000000001,929.75,1984.5,3311.300000000002,5233.149999999998,7977.0749999999825
BR,36,2027-09-05,1209.5,520,582.9,678.9000000000001,862.75,1884.25,3165.2000000000035,4722.249999999997,7489.199999999993
BR,37,2027-09-12,1126,492,551,628,806,1790.5,3139.2000000000007,4922.5999999999985,8664.399999999998
BR,38,2027-09-19,1069.5,479.875,536.9,616,786,1655.75,2945.900000000001,4377.25,6703.874999999979
BR,39,2027-09-26,1055.5,467.97499999999997,525.95,580.9,754,1639.75,2711.9000000000024,4220,6538.874999999952
BR,40,2027-10-03,1025.5,438.97499999999997,497,571.8,728.75,1603.5,2948.300000000002,4457.15,6941.7499999999845
BR,41,2027-10-10,981,448.975,492,564,719,1452,2450.2000000000003,3673.2999999999993,5742.749999999991
BR,42,2027-10-17,979.5,416.975,466.95000000000005,540.9,711.5,1496.75,2429.2000000000016,3855.2,5677.924999999996
BR,43,2027-10-24,987.5,428.95,475,555,698,1512.5,2497.3,3672.8499999999995,5290.024999999983
BR,44,2027-10-31,962.5,419.97499999999997,480.7,533.8,684.75,1487.25,2540.4000000000024,3791.5999999999976,5729.599999999997
BR,45,2027-11-07,971,423.95,466,533.9,692,1477.25,2444.9000000000015,3614.3499999999995,5764.249999999998
BR,46,2027-11-14,977.5,424,467.95,546.9000000000001,709.5,1519,2608.3,3763.5999999999995,5911.79999999999
BR,47,2027-11-21,998,427.95000000000005,486.85,560.9,715.75,1504.75,2572.2000000000003,3901.949999999999,5669.949999999968
BR,48,2027-11-28,999.5,433,480,549.9,718,1547.75,2669.4000000000005,3871.3499999999967,6003.174999999988
BR,49,2027-12-05,1023,446.95,503.9,567,730.5,1573.5,2642.3,4201.299999999999,6201.125
BR,50,2027-12-12,1066,462.97499999999997,518.9,595,771,1643.25,2864.7000000000025,4820,7815.274999999998
BR,51,2027-12-19,1126.5,487.9,542.9,629,811,1788,2942.3000000000015,4432.999999999999,6976.149999999978
BR,52,2027-12-26,1226,536,589.9000000000001,680.9,883.75,1947.25,3414.2000000000016,5366.349999999998,8051.999999999973
