uf,week,date,pred,lower_95,lower_90,lower_80,lower_50,upper_50,upper_80,upper_90,upper_95
AC,1,2027-01-03,185,25,37,54,99,334,587.1000000000001,791.0999999999999,1007.174999999999
AC,2,2027-01-10,205,27.975,38,57,108,363,607,871.1499999999999,1171.3249999999982
AC,3,2027-01-17,220,28,41,59,113.75,400,661,946.1499999999999,1147.0749999999996
AC,4,2027-01-24,220,28.975,41.95,65,113,390.5,709.1000000000001,958.0999999999999,1303.5749999999969
AC,5,2027-01-31,219,27,42,64,118,396.25,680.2000000000003,981.05,1364.2749999999985
AC,6,2027-02-07,208,28,39,61,111,387.25,692.1000000000001,939.2499999999998,1262.0999999999995
AC,7,2027-02-14,198,29,40.95,58,106,372.25,657,904.1499999999999,1210.1249999999993
AC,8,2027-02-21,181.5,25.975,38,50,96.75,332.25,584,785.05,953
AC,9,2027-02-28,166,19,30,45,86,299,505,742.1999999999998,993.3499999999981
AC,10,2027-03-07,150,18.975,27,43,78.75,270.25,464.2000000000003,626,874.2999999999984
AC,11,2027-03-14,129.5,17.975,27,38,69,241,419.10000000000014,565.3999999999996,784.174999999999
AC,12,2027-03-21,113,16.975,22,33,59,205,366.10000000000014,493.04999999999995,659.0249999999999
AC,13,2027-03-28,102.5,14,19,29.900000000000006,56,187,324.10000000000014,449.0999999999999,629.1499999999992
AC,14,2027-04-04,93,12,17.950000000000003,27,51,165,287,392.04999999999995,516.0499999999997
AC,15,2027-04-11,84,12,16,24,45,152,260.10000000000014,366.0999999999999,509.1499999999992
AC,16,2027-04-18,75,10,15,21,41,138,233.20000000000027,324.0999999999999,440.0499999999997
AC,17,2027-04-25,70,9,13,20,38,132,229,307,418.02499999999986
AC,18,2027-05-02,66,8,13,19,34,125,210.10000000000014,285.0999999999999,375.1249999999993
AC,19,2027-05-09,59,8,12,17,31,110,198,276,343.02499999999986
AC,20,2027-05-16,55,6,9,15,28,102,169.10000000000014,229,302.02499999999986
AC,21,2027-05-23,49,6,9,14,26,89,149,209.0999999999999,294.0499999999997
AC,22,2027-05-30,43,5,8,13,24,83,139.20000000000027,187.04999999999995,274
AC,23,2027-06-06,40,4.975000000000001,7,11,20,72,124,166.04999999999995,229
AC,24,2027-06-13,33,4,6,10,17,62,108.10000000000014,156.04999999999995,201.02499999999986
AC,25,2027-06-20,31,3,5,8,16,54,95.10000000000014,135.04999999999995,192.14999999999918
AC,26,2027-06-27,28,3,5,7,15,52,87,117,162.02499999999986
AC,27,2027-07-04,25,3,4,7,13,48,82,112.09999999999991,152.04999999999973
AC,28,2027-07-11,25,3,4,6,13,44,72.10000000000014,105,141
AC,29,2027-07-18,22,2,3,6,12,42,73,106.09999999999991,147.02499999999986
AC,30,2027-07-25,21,2,4,6,11,40,68,97.04999999999995,141.02499999999986
AC,31,2027-08-01,22,2,3,5,11,39,68,93.04999999999995,125
AC,32,2027-08-08,20,2,3,5,10,38,65,92.04999999999995,126.04999999999973
AC,33,2027-08-15,20,2,3,5,11,36.25,65,86,112.07499999999959
AC,34,2027-08-22,20,2,3,5,10,37,63,87.04999999999995,124
AC,35,2027-08-29,21,2,3,6,11,40,69,96,127
AC,36,2027-09-05,23,3,4,7,12,43,71,102,140
AC,37,2027-09-12,25,3,4,7,13,46,80,104,139.04999999999973
AC,38,2027-09-19,29,3,5,8,15,53,92,128.04999999999995,163.0749999999996
AC,39,2027-09-26,34,4,6,10,17,60,107.10000000000014,152,189.0749999999996
AC,40,2027-10-03,38,4,7,10,19.75,69,120.10000000000014,167.04999999999995,232.02499999999986
AC,41,2027-10-10,46,5,8,12.900000000000006,24,83,145.10000000000014,207.04999999999995,276.02499999999986
AC,42,2027-10-17,54,7,10,15,28,100.25,170,230.14999999999986,307.0499999999997
AC,43,2027-10-24,62,8,11,17,33,117,192,266.04999999999995,381.1249999999993
AC,44,2027-10-31,75.5,10.975000000000001,15,21,40,137,241.10000000000014,335,430.1249999999993
AC,45,2027-11-07,84,11,16,23,42,164,294.10000000000014,390.04999999999995,522.0499999999997
AC,46,2027-11-14,99,11,19,28,51,185,308.10000000000014,441.0999999999999,568.0749999999996
AC,47,2027-11-21,111,13,19.950000000000003,31,59.75,204,362.3000000000004,527.05,670.2999999999984
AC,48,2027-11-28,123,17,24,38,67,237,401.2000000000003,571.1499999999999,798.0249999999999
AC,49,2027-12-05,142,19.975,28,40.900000000000006,77,259.25,465,652.2499999999998,886.0749999999996
AC,50,2027-12-12,154,20,28,41,83,289,489.10000000000014,692.3499999999997,920.4249999999977
AC,51,2027-12-19,169,22,30.950000000000003,43,84,304,518,742.05,956.174999999999
AC,52,2027-12-26,171.5,25.975,33,50,90,319,542.1000000000001,743.05,929.2499999999986
AL,1,2027-01-03,53,6,8,12,26,107,222,359,508.0499999999997
AL,2,2027-01-10,57,6,9.950000000000003,15,28.75,120,221.10000000000014,337,541.0499999999997
AL,3,2027-01-17,62,7,9,14,28,122,235.10000000000014,354.04999999999995,505.17499999999905
AL,4,2027-01-24,65,7,10,15,31,134,269,392.04999999999995,578.0749999999996
AL,5,2027-01-31,68,7,12,16,33.75,145,288,407.0999999999999,583.3499999999981
AL,6,2027-02-07,75,7,12,18,36,153,304.3000000000004,486.14999999999986,734.0999999999995
AL,7,2027-02-14,81,8,13,20,40,162,326,506.2499999999998,731.4499999999975
AL,8,2027-02-21,93,9.975000000000001,14,22,46,191,336.2000000000003,533,786.1249999999993
AL,9,2027-02-28,94,10,15,24,46,200.25,372,564.3999999999996,824.2999999999984
AL,10,2027-03-07,104,11,16.950000000000003,26,52,218.25,422.3000000000004,640.1999999999998,949.174999999999
AL,11,2027-03-14,111,13,20,28,55,233.25,454,676.05,990.0749999999996
AL,12,2027-03-21,127,13,21,31,60,251,513.1000000000001,747.05,1113.0249999999999
AL,13,2027-03-28,131,15,22,35,65,263,519.1000000000001,797,1156.2749999999985
AL,14,2027-04-04,148,16,23,36,74,296,583.1000000000001,949.0999999999999,1275.4249999999977
AL,15,2027-04-11,161,18,26,39,79,325,609.4000000000005,938.05,1465.2999999999984
AL,16,2027-04-18,179,21,28,42.900000000000006,83,349.25,705.5000000000007,1073,1608.549999999997
AL,17,2027-04-25,184,22,31,50,90.75,389,733,1094.2999999999997,1787.3999999999978
AL,18,2027-05-02,205,24.975,34.95,50,100.75,451.25,859.1000000000001,1270.1,1763.1249999999993
AL,19,2027-05-09,229,25,37,58,111,447.5,875.6000000000008,1382.1499999999999,1991.0249999999944
AL,20,2027-05-16,232.5,25,40,60,113,480,958.5000000000007,1436.2499999999998,2143.9749999999945
AL,21,2027-05-23,253,29,41,65,124,505.5,998,1453.4499999999996,2139.174999999999
AL,22,2027-05-30,270,32,43,66,126,550,991.6000000000008,1544.1499999999999,2397.424999999998
AL,23,2027-06-06,264,33,46.95,68,130,525.25,1046.5000000000007,1554.4999999999995,2216.4749999999976
AL,24,2027-06-13,266.5,34,47,71,131,574.5,1114.3000000000004,1655.1,2470.2249999999985
AL,25,2027-06-20,278,30,45,72,131.75,584,1080.3000000000004,1603.1499999999999,2365.1749999999993
AL,26,2027-06-27,280.5,36.975,49,71,138,584,1052,1621.4499999999996,2367.2749999999983
AL,27,2027-07-04,263,32,48,73,133,538,1033.800000000001,1554.1999999999998,2150.0999999999995
AL,28,2027-07-11,269,31,44.95,67,125,531.25,987.9000000000012,1445.3999999999996,2063.4999999999754
AL,29,2027-07-18,253.5,29,43.95,63,124,519,960.700000000001,1484.049999999999,2481.399999999998
AL,30,2027-07-25,251,29,40.95,60,122,499.75,997.3000000000004,1500.2999999999997,2272.4499999999975
AL,31,2027-08-01,229.5,26,39,58,111,471.5,907.1000000000001,1372.1,2020.374999999998
AL,32,2027-08-08,209.5,22,34,52,102,434.25,817.4000000000005,1220.6499999999985,1692.0499999999997
AL,33,2027-08-15,194.5,21,31,50.900000000000006,97,382,759.1000000000001,1145.1499999999999,1615.1499999999992
AL,34,2027-08-22,183,20,29,43.900000000000006,88.75,373,725.6000000000008,1178,1699.0249999999999
AL,35,2027-08-29,165,19,26.950000000000003,43,81,336,690.1000000000001,1037.1,1589.0249999999999
AL,36,2027-09-05,148.5,15,24,36,73,314.25,607.1000000000001,879.05,1358.1249999999993
AL,37,2027-09-12,138.5,16.975,23,33,68,289,573.2000000000003,815.3499999999997,1220.6999999999962
AL,38,2027-09-19,126.5,13.975000000000001,20,31,62.75,266,528.2000000000003,766.1499999999999,1130.099999999994
AL,39,2027-09-26,119,12,19,29,59,239,479.10000000000014,748,1102
AL,40,2027-10-03,113,13,20,30,56,236.25,446,700,989.5249999999971
AL,41,2027-10-10,105,11,16,28,54,208,392,595.8999999999992,957.4499999999975
AL,42,2027-10-17,97.5,12,17,24.900000000000006,47,204,401.5000000000007,624.05,928.2999999999984
AL,43,2027-10-24,90,8.975000000000001,14,25,43,175,351.10000000000014,518.2499999999998,814.0249999999999
AL,44,2027-10-31,85,8.975000000000001,13,22,43,169,338.10000000000014,501.2999999999997,703.3999999999978
AL,45,2027-11-07,75,8,12,18,36,157,325.3000000000004,512.05,759.0249999999999
AL,46,2027-11-14,70,8,11,18,36,141.25,277.10000000000014,443.04999999999995,639.1999999999989
AL,47,2027-11-21,64,7,11,16,30,130.25,267,404,634.5249999999971
AL,48,2027-11-28,60,7,10,15,29,122.25,248.20000000000027,376.1999999999998,541.174999999999
AL,49,2027-12-05,55,6,9.950000000000003,14,28,119,224.10000000000014,335.14999999999986,553.2499999999986
AL,50,2027-12-12,55,6.975000000000001,9,14,28,108,220.10000000000014,322.2499999999998,466.0749999999996
AL,51,2027-12-19,54,6,9,14,26.75,103,201,301.14999999999986,454.3499999999981
AL,52,2027-12-26,52,6,9,14,25,106,206,330,483
AM,1,2027-01-03,108,25.975,34,45,67,167.25,271.10000000000014,369,494.0499999999997
AM,2,2027-01-10,117,31,38,47.900000000000006,75,189,307.10000000000014,414,528.2499999999986
AM,3,2027-01-17,127,33,42,55,79.75,206.25,332,451.04999999999995,606.0999999999995
AM,4,2027-01-24,135,32.975,44,57,86,216,344.2000000000003,471.2999999999997,593.0499999999997
AM,5,2027-01-31,143,34,44,58,89,229,371,496.04999999999995,660.1249999999993
AM,6,2027-02-07,148,36.975,47,60.900000000000006,94,233,369.2000000000003,495.0999999999999,627.0249999999999
AM,7,2027-02-14,147,36,47,63,93,239,359,477.04999999999995,642.0249999999999
AM,8,2027-02-21,148,38.975,46,60,93,243,376.10000000000014,516.05,662.0999999999995
AM,9,2027-02-28,146,38,47.95,62,91,237,369,520.0999999999999,683.0249999999999
AM,10,2027-03-07,140,36,45,60,91,227,367,491.0999999999999,632.2999999999984
AM,11,2027-03-14,136,34,43.95,58.900000000000006,87,213,339,436.2999999999997,643.0499999999997
AM,12,2027-03-21,134,36,43,56,85.75,220,338,454.0999999999999,623.1249999999993
AM,13,2027-03-28,127.5,33,40.95,53,80,206,312,410.04999999999995,552.0499999999997
AM,14,2027-04-04,121.5,30,37.95,49,75,199,306,387.04999999999995,504.02499999999986
AM,15,2027-04-11,116,28,36,46,72.75,182.25,291,382.04999999999995,490.02499999999986
AM,16,2027-04-18,109,25.975,33,44,69,178,266,349.0999999999999,444.1499999999992
AM,17,2027-04-25,99,26,32,41,62,165,258.10000000000014,341.04999999999995,436.09999999999945
AM,18,2027-05-02,92,23,29.950000000000003,36,56,149.25,240.10000000000014,317.04999999999995,413.02499999999986
AM,19,2027-05-09,87,20,26,33,53,139,217,287.04999999999995,376.1249999999993
AM,20,2027-05-16,79,19,24,32,50,132,211.20000000000027,286.04999999999995,350.1249999999993
AM,21,2027-05-23,77,19,23,30,46,123.25,185,247.0999999999999,332
AM,22,2027-05-30,68,16,21,28,43,112,177,249.04999999999995,315.09999999999945
AM,23,2027-06-06,66,15,19,25,42,110,171.10000000000014,236.34999999999968,293.0749999999996
AM,24,2027-06-13,63,14,19,24,41,103,161.10000000000014,215.0999999999999,267.0749999999996
AM,25,2027-06-20,59,12.975000000000001,17,23,37,99,154,198.04999999999995,258.0499999999997
AM,26,2027-06-27,57,13,17,23,35,91,145,193.04999999999995,260.1499999999992
AM,27,2027-07-04,54,13,16,21,33,88,144.20000000000027,202.04999999999995,249.02499999999986
AM,28,2027-07-11,52,11,15,21,31,88,141,188.04999999999995,237.17499999999905
AM,29,2027-07-18,49,11,14,19,31,79,127,174,239.02499999999986
AM,30,2027-07-25,49,10,14,19,29,80,126,173,213
AM,31,2027-08-01,48,11,13,18,29,78,124,159.04999999999995,210.02499999999986
AM,32,2027-08-08,46,9,13,17,28,77,121,166,215.02499999999986
AM,33,2027-08-15,47,10,14,19,29,78,125.10000000000014,175.14999999999986,231
AM,34,2027-08-22,47,11,13,18,29,79,126,171,222.02499999999986
AM,35,2027-08-29,48,11,14,19,30,80,131,176,237.02499999999986
AM,36,2027-09-05,50,11,15,20,32,84,144,196,254.14999999999918
AM,37,2027-09-12,53,12,16,21,32,89,147,201,278.1249999999993
AM,38,2027-09-19,55.5,13,17,22,34,94,149.10000000000014,210.04999999999995,315.02499999999986
AM,39,2027-09-26,59.5,14,19,24,36,97,167,237.14999999999986,315.09999999999945
AM,40,2027-10-03,61,13.975000000000001,17,22,37,106.25,173,246.04999999999995,331.02499999999986
AM,41,2027-10-10,60,13,16,22,35,104,170,226.04999999999995,307.02499999999986
AM,42,2027-10-17,59,12.975000000000001,15,22,36,100,162,223,300.0749999999996
AM,43,2027-10-24,59,13,17,23,36,100,175,244.04999999999995,323.0499999999997
AM,44,2027-10-31,63,14.975000000000001,18,23,36,104,169.10000000000014,231.04999999999995,302.0749999999996
AM,45,2027-11-07,64,14,18,24,39,107,172,250.04999999999995,336.02499999999986
AM,46,2027-11-14,69,15,20,27,43,113,186.10000000000014,261,331.1249999999993
AM,47,2027-11-21,75,17,21,28,44,115,190.10000000000014,258.04999999999995,348.02499999999986
AM,48,2027-11-28,73,17,22,28,44,119,192.10000000000014,271.04999999999995,360
AM,49,2027-12-05,79,20,24,32,48,125,207.10000000000014,291,393.02499999999986
AM,50,2027-12-12,86,20,26,34.900000000000006,52.75,141,218,288.1999999999998,379.09999999999945
AM,51,2027-12-19,91,22,27,35,55.75,148,231,311.0999999999999,389.2749999999985
AM,52,2027-12-26,99,23,30,39,60,161,257,353.04999999999995,484.09999999999945
AP,1,2027-01-03,10,0,0,1,3,24,61.100000000000136,106,214.0749999999996
AP,2,2027-01-10,12,0,0,1,4,33,78,140,245
AP,3,2027-01-17,15,0,1,2,5,38,92,168,274.6999999999962
AP,4,2027-01-24,17.5,0,1,2,6,48,113,222.14999999999986,404.0499999999997
AP,5,2027-01-31,19,0,1,2,6.75,52,130.20000000000027,227.24999999999977,409.29999999999836
AP,6,2027-02-07,20,1,1,3,8,55,139,224.0999999999999,361.09999999999945
AP,7,2027-02-14,22,0,1,3,7.75,59,144.10000000000014,271.0999999999999,445.4249999999977
AP,8,2027-02-21,23,1,1,3,8,60,156,263.1999999999998,454.09999999999945
AP,9,2027-02-28,23,0,1,3,8,58,152,267.04999999999995,438.02499999999986
AP,10,2027-03-07,22,0,1,3,8,60,149.10000000000014,281,508.0499999999997
AP,11,2027-03-14,21,0,1,3,8,55,145,254,447
AP,12,2027-03-21,19,0,1,2,7,55,137,239.0999999999999,411
AP,13,2027-03-28,19,0,1,2,7,54,125,227,394.29999999999836
AP,14,2027-04-04,18,0,1,2,6,49,121,218.04999999999995,363.37499999999795
AP,15,2027-04-11,18,0,1,2,6,46,117.10000000000014,207,325
AP,16,2027-04-18,17,0,1,2,6,44,101.10000000000014,197,357.24999999999864
AP,17,2027-04-25,15,0,1,2,5,38,96.10000000000014,180.04999999999995,334.0499999999997
AP,18,2027-05-02,13.5,0,1,2,5,37,91,166.04999999999995,299.0499999999997
AP,19,2027-05-09,13,0,0,1,5,35.25,87,145,263.0749999999996
AP,20,2027-05-16,13,0,0,1,5,34,86,142.04999999999995,252.0749999999996
AP,21,2027-05-23,12,0,0,1,4,32,86,143.04999999999995,253.12499999999932
AP,22,2027-05-30,12,0,0,1,4,31,89.10000000000014,152.0999999999999,226.04999999999973
AP,23,2027-06-06,11,0,0,1,4,27.25,74,139.04999999999995,240.0749999999996
AP,24,2027-06-13,10,0,0,1,4,28,74,128.04999999999995,219.04999999999973
AP,25,2027-06-20,10,0,0,1,3,26,66.10000000000014,130.04999999999995,215.04999999999973
AP,26,2027-06-27,10,0,0,1,3,25,64.10000000000014,123.04999999999995,216.04999999999973
AP,27,2027-07-04,10,0,0,1,3,26,63,103.04999999999995,204.12499999999932
AP,28,2027-07-11,10,0,0,1,3,25,68,119.09999999999991,198.22499999999877
AP,29,2027-07-18,10,0,0,1,3,26,65,114.14999999999986,203.29999999999836
AP,30,2027-07-25,10,0,0,1,3,28,69,119.14999999999986,225.02499999999986
AP,31,2027-08-01,11,0,0,1,4,29,75,146.0999999999999,237.14999999999918
AP,32,2027-08-08,11,0,0,1,4,32,79.10000000000014,140.04999999999995,248.0749999999996
AP,33,2027-08-15,12,0,0,1,4,32,79,138.04999999999995,238.02499999999986
AP,34,2027-08-22,13,0,1,1,4,32,77,133.24999999999977,254.02499999999986
AP,35,2027-08-29,12,0,0,1,4,33,87,138.14999999999986,294.0749999999996
AP,36,2027-09-05,12,0,0,1,4,33,77.10000000000014,134.04999999999995,257.0749999999996
AP,37,2027-09-12,12,0,0,1,4,30,85,139,266.0749999999996
AP,38,2027-09-19,12,0,0,1,4,30,74.10000000000014,143,229.04999999999973
AP,39,2027-09-26,11,0,0,1,4,29,72,129.14999999999986,193.22499999999877
AP,40,2027-10-03,10,0,0,1,3,28,72,119.04999999999995,229.0749999999996
AP,41,2027-10-10,9,0,0,1,3,23,59,97.04999999999995,158.22499999999877
AP,42,2027-10-17,8,0,0,1,3,22,55,98,168.09999999999945
AP,43,2027-10-24,7,0,0,1,3,20,53,87,136.0749999999996
AP,44,2027-10-31,7,0,0,0,2,18,45,80.04999999999995,137
AP,45,2027-11-07,6,0,0,0,2,17,43,71,114.02499999999986
AP,46,2027-11-14,5,0,0,0,2,14,35,65.04999999999995,102.02499999999986
AP,47,2027-11-21,5,0,0,0,2,13,34.100000000000136,59,99
AP,48,2027-11-28,5,0,0,0,1,13,32,53.09999999999991,93.02499999999986
AP,49,2027-12-05,4,0,0,0,1,12,31,55,86.02499999999986
AP,50,2027-12-12,5,0,0,0,2,13,31,52,91.02499999999986
AP,51,2027-12-19,5,0,0,0,2,15,37,63.049999999999955,103
AP,52,2027-12-26,7,0,0,1,2,18,47,83.04999999999995,133.02499999999986
BA,1,2027-01-03,488,160.95,188,235,332,752.25,1184.4000000000005,1595.4499999999996,2071.1749999999993
BA,2,2027-01-10,546.5,179.95,218.95000000000002,265.8,374.75,825.25,1339.2000000000003,1805.1499999999999,2333.9999999999945
BA,3,2027-01-17,646,228.975,259,320,445.75,997.75,1562.4000000000005,2129.05,2969.3249999999985
BA,4,2027-01-24,788,269.975,303.95,385,525.75,1175,1851,2412.8999999999987,3389.249999999993
BA,5,2027-01-31,919.5,306,357.95000000000005,440.9,619.75,1391.5,2245.3,3189.699999999999,4103.724999999996
BA,6,2027-02-07,1057,366.97499999999997,424.95,521.7,723,1637,2511.400000000002,3498.999999999998,4923.049999999999
BA,7,2027-02-14,1223,429.925,500.95,606,847.75,1899.25,2894.1000000000013,4046.5499999999993,5138.174999999994
BA,8,2027-02-21,1387.5,443.95000000000005,546.85,674,935,2121,3342.2000000000016,4767.449999999997,6490.924999999984
BA,9,2027-02-28,1526.5,541.9749999999999,635.95,770.8000000000001,1054.75,2383.5,3687.2000000000007,5087.1,7043.274999999998
BA,10,2027-03-07,1652,593.9000000000001,687,825.9,1149.75,2521.25,3983.2000000000025,5885.049999999999,7450.624999999991
BA,11,2027-03-14,1727,589.9499999999999,698.35,862.9000000000001,1186.5,2591.25,4071.1000000000004,5494.55,8359.399999999992
BA,12,2027-03-21,1809,622.9499999999999,730.9,904.7,1237.75,2768,4441.800000000001,5987.8499999999995,8173.899999999995
BA,13,2027-03-28,1868,646.9000000000001,762.95,932,1288,2821.25,4499.100000000002,6115.75,8251.125
BA,14,2027-04-04,1915.5,637.9,742,910.8000000000001,1298,2884.75,4503.4000000000015,6395.75,8629.924999999994
BA,15,2027-04-11,1910.5,665.85,809.85,956.9,1305.5,2920.25,4535.300000000007,6115.75,8297.649999999996
BA,16,2027-04-18,1935.5,657.975,767.95,947.8,1301,2883.75,4515.200000000001,5845.299999999996,7814.824999999995
BA,17,2027-04-25,1865.5,681.975,775.95,940.8,1301.5,2816.5,4337.9000000000015,5604.249999999997,7367.174999999993
BA,18,2027-05-02,1858.5,611.8,715.85,898.9000000000001,1253,2800.75,4168.700000000001,5612.099999999998,7572.2249999999985
BA,19,2027-05-09,1753.5,604.9000000000001,756.8,891,1214.75,2664.5,4049.1000000000013,5309.799999999999,7066.4499999999925
BA,20,2027-05-16,1660,580.95,676.9,820,1137.75,2461.25,3753.7000000000007,4882.15,6537.074999999994
BA,21,2027-05-23,1504,530.9749999999999,640.95,745.9,1018.75,2237.25,3316.500000000001,4365.0999999999995,5555.5499999999965
BA,22,2027-05-30,1360.5,492,553.9499999999999,677.9000000000001,941,2035.25,3106.2000000000003,4106.05,5887.449999999997
BA,23,2027-06-06,1206.5,409.95,485.85,596.9,848.75,1762,2605.900000000001,3443.15,4524.075
BA,24,2027-06-13,1076,360,432.95,526.9000000000001,726.5,1614.25,2373.1000000000013,3174.749999999999,4327.374999999998
BA,25,2027-06-20,946,326.95,396.95,473,666,1397.25,2176,2920.1499999999996,3911.5249999999915
BA,26,2027-06-27,841,278.97499999999997,323,403,559.75,1250.5,1868.700000000001,2605.999999999999,3497.224999999999
BA,27,2027-07-04,764,259.975,300.95,365.9,505,1150.25,1778.4000000000005,2321.2999999999993,3044.199999999999
BA,28,2027-07-11,671.5,222.97500000000002,256.85,321.9,449,1013.75,1564.1000000000001,2042.6999999999994,2828.2499999999986
BA,29,2027-07-18,601.5,193,231,285.9,407,916.25,1413,1834.9499999999991,2578.1749999999993
BA,30,2027-07-25,546,173,212.95,253.9,360,838,1308.4000000000005,1752.3999999999996,2294.0249999999996
BA,31,2027-08-01,503.5,149.97500000000002,178.95000000000002,230,337.75,764,1188.3000000000004,1595.1,2158.075
BA,32,2027-08-08,447,140.975,166.95000000000002,208,296,701,1093.5000000000007,1524.1,2019.1249999999993
BA,33,2027-08-15,414,131.975,157.95,197,277.75,644.25,974,1362.1,1789.449999999992
BA,34,2027-08-22,399,125,144.95,178.9,257.5,618,978.3000000000004,1402.4999999999995,1835.0249999999999
BA,35,2027-08-29,378,115.975,138,170,246,583,909,1149.2999999999997,1479.0999999999995
BA,36,2027-09-05,346.5,107,129,155,231,530,834.4000000000005,1095.6999999999994,1438.0749999999996
BA,37,2027-09-12,330,100.975,127,153,219,500.25,790.1000000000001,1139.2499999999998,1583.1499999999992
BA,38,2027-09-19,320,103,122,149,213,511,785,1078,1476
BA,39,2027-09-26,313,102,118,144.9,207.75,491,780.3000000000004,1039.4999999999995,1414.2499999999986
BA,40,2027-10-03,307.5,99,117.95,142,207,484.25,735.2000000000003,1032,1369.0499999999997
BA,41,2027-10-10,305,97.975,115,140,207,484.25,783.2000000000003,1053.1499999999999,1483.4749999999974
BA,42,2027-10-17,306,101,118.95,145,206.75,488.25,782.1000000000001,1062.6499999999994,1496.2249999999988
BA,43,2027-10-24,314,97,120,145,209,495.25,786.2000000000003,1087.05,1487.4749999999974
BA,44,2027-10-31,318,107,127,152,210,497,825.1000000000001,1125.5999999999995,1423.0499999999997
BA,45,2027-11-07,324,105.95,122,150,216,491.25,795.2000000000003,1084.2499999999998,1372.6749999999963
BA,46,2027-11-14,325,105.975,129.95,157,220,503,782,1047.05,1408.5999999999967
BA,47,2027-11-21,328,109,129,160.9,223,513.25,815.1000000000001,1114.1,1494
BA,48,2027-11-28,341,113,132.95,162,232.75,532.25,860.1000000000001,1147.1499999999999,1636.199999999999
BA,49,2027-12-05,356,116,138,165,236,560,896.2000000000003,1186.1,1682.0249999999999
BA,50,2027-12-12,370,122.97500000000001,144,172,248,573,910,1262.05,1702
BA,51,2027-12-19,391.5,126,153,188,268,600.5,928.1000000000001,1303.1499999999999,1653.4249999999977
BA,52,2027-12-26,418,136.975,162,199.9,278,654,1024.6000000000008,1480.05,2067.2499999999986
CE,1,2027-01-03,100,28,36,43,63.75,162,288.10000000000014,387.0999999999999,531.0749999999996
CE,2,2027-01-10,115,32,40,49,72,190,323.10000000000014,442.0999999999999,645.1249999999993
CE,3,2027-01-17,135,40.975,49,60,86,215,370.10000000000014,542.0999999999999,801
CE,4,2027-01-24,160,50,58,73,103,254,428,573.05,766.0499999999997
CE,5,2027-01-31,192,55,68,88,123,308.25,517.2000000000003,666.05,951.2249999999988
CE,6,2027-02-07,238,71,86,107.9,155,367,611,908.0999999999999,1263.199999999999
CE,7,2027-02-14,282.5,78,99,130,184,435,714.1000000000001,950.3499999999997,1370.0249999999999
CE,8,2027-02-21,326,98,117.95,147,212,516.5,853.1000000000001,1211.3499999999997,1644.899999999995
CE,9,2027-02-28,384,112,138.95000000000002,174.9,248,601,957.6000000000008,1328.2999999999997,1934.9999999999945
CE,10,2027-03-07,438,129.975,159.95,200,284.75,681,1104,1508.1499999999999,2125.7999999999956
CE,11,2027-03-14,488,152.95,180.95,230.9,329,755,1198,1695.3499999999988,2461.574999999997
CE,12,2027-03-21,541,159,197.9,243.9,354,863.5,1387.1000000000001,2011.1499999999999,2897.774999999996
CE,13,2027-03-28,619,188,226.90000000000003,285,405.75,960.25,1489.6000000000008,2050.299999999999,2898.075
CE,14,2027-04-04,679,201.975,248.95,306,454.75,1059,1697,2396.5499999999993,3222.974999999995
CE,15,2027-04-11,735,219,262,335,480.75,1132.5,1865.1000000000001,2697.3999999999987,3542.349999999998
CE,16,2027-04-18,790,258.95,303,374,530.75,1220,1925.2000000000003,2575.1000000000004,3630.0249999999996
CE,17,2027-04-25,851.5,272.975,313.84999999999997,384,551,1341.25,2038.2000000000003,2805.0499999999997,3900.124999999999
CE,18,2027-05-02,843.5,238.97500000000002,303.95,385.9,560.75,1302,2185.600000000001,3003.9499999999994,4317.249999999999
CE,19,2027-05-09,874.5,256.975,328,405,591,1312,2164.4000000000005,2965.0999999999995,4011.0999999999995
CE,20,2027-05-16,849,255.975,318.95000000000005,403,572,1317.25,2153.1000000000004,2939.3999999999996,4242.024999999978
CE,21,2027-05-23,848,267,322.90000000000003,405,578.75,1327.25,2102.2000000000003,3016.5499999999993,3983.324999999998
CE,22,2027-05-30,792,255.95,308.85,369.9,531.75,1237.5,2010.2000000000003,2690.05,3720.699999999996
CE,23,2027-06-06,745,232.95,276.95,359.9,499,1173,1872.7000000000023,2650.049999999999,3693.5249999999974
CE,24,2027-06-13,702.5,227.975,266,326.80000000000007,471.75,1106.25,1835.1000000000001,2539.9499999999994,3385.649999999997
CE,25,2027-06-20,671.5,201.975,242.90000000000003,298,441.75,1044,1686.700000000001,2359.5499999999997,3017.075
CE,26,2027-06-27,591,183,225.95,280.9,391,938.25,1518.3000000000004,2099.1499999999996,2929.624999999997
CE,27,2027-07-04,545,170,202.95000000000002,253,359,857,1298.3000000000004,1856.1499999999999,2545.674999999991
CE,28,2027-07-11,492.5,147.975,179,222,313,782,1219.1000000000001,1669.3999999999996,2320
CE,29,2027-07-18,442,136.925,168,206,294,682.25,1162.2000000000003,1625,2147.0499999999993
CE,30,2027-07-25,402.5,129,152.85,187,262,642.25,1015,1352.049999999999,2085.1749999999993
CE,31,2027-08-01,374,111.975,136.95,168,242.75,604.25,927.2000000000003,1277,1730.4749999999974
CE,32,2027-08-08,333,102,118,155,224,521,836.2000000000003,1273.1,1759.4749999999974
CE,33,2027-08-15,301,89,110,135,196,478.25,785.3000000000004,1069,1426.0999999999995
CE,34,2027-08-22,270,79.975,99.95,123,175,421,668.3000000000004,900.2499999999998,1360.1749999999936
CE,35,2027-08-29,231,68.975,82,104,150,376.25,630.2000000000003,880.2999999999997,1191.724999999996
CE,36,2027-09-05,208,64.95,78.95,96,139,329.5,537.1000000000001,741.2499999999998,1044.5999999999967
CE,37,2027-09-12,187,51.975,64,81,120,300,476,654.05,897.0749999999996
CE,38,2027-09-19,162.5,46.975,58,75,107,262,423,594.05,859.0999999999995
CE,39,2027-09-26,141.5,42,52,66,93,233,370.10000000000014,525.0999999999999,728
CE,40,2027-10-03,134,37,47,59,85,220.25,357.10000000000014,512.05,693.6499999999965
CE,41,2027-10-10,121.5,32,40,54,78,193,312.10000000000014,447.04999999999995,616.8249999999955
CE,42,2027-10-17,113,31,40,51,71,184,311.10000000000014,404.0999999999999,576
CE,43,2027-10-24,109,31,38,48,71,178,290.10000000000014,443,632
CE,44,2027-10-31,107,29,36.95,46,68.75,175,299.2000000000003,429.2999999999997,622.0749999999996
CE,45,2027-11-07,106,30,36.95,47,70,176.25,297.10000000000014,426.1999999999998,633.0499999999997
CE,46,2027-11-14,104,29,35,45,67,172,308,437.2999999999997,661.0499999999997
CE,47,2027-11-21,106,28,35,45,66,178,297,443.04999999999995,688.0249999999999
CE,48,2027-11-28,100,28,33,42,63,167,299,442,636.374999999998
CE,49,2027-12-05,97,26,32,41,62,155,270,406.1999999999998,617.0249999999999
CE,50,2027-12-12,94,25,32,40,60,153,263,387.14999999999986,524.0249999999999
CE,51,2027-12-19,92,24,30,38,57,150,264.2000000000003,383,493.1249999999993
CE,52,2027-12-26,92,24,29.950000000000003,37,58,147.25,256,387.04999999999995,556.1499999999992
DF,1,2027-01-03,258,12,22,40.900000000000006,101.75,699,1667,2533.0999999999954,3896.1749999999993
DF,2,2027-01-10,318,15.975000000000001,25,46,109.75,839.25,1911.5000000000007,3139.3999999999996,4560.274999999992
DF,3,2027-01-17,356.5,18,30,55,136,957.25,2251.3,3591.4499999999975,5995.67499999998
DF,4,2027-01-24,447,19,38,71,173.75,1087,2602.800000000001,4420.249999999996,6580.924999999979
DF,5,2027-01-31,501.5,24.975,40,70,186.75,1312.5,3060.200000000003,5954.199999999998,8860.249999999995
DF,6,2027-02-07,551,27.975,45,80.9,205.75,1440.5,3427.1000000000013,6038.0999999999985,9324.999999999993
DF,7,2027-02-14,598,30,50.95,92,220.75,1559.5,3499.3000000000006,6076.949999999999,10457.074999999993
DF,8,2027-02-21,628.5,31,52,95.9,226.5,1771,3796.4000000000024,6182.099999999998,8813.77499999998
DF,9,2027-02-28,666.5,34,58.95,102,258,1696,3811.7000000000025,6240.049999999996,9951.824999999984
DF,10,2027-03-07,681,31.975,56.95,103,259.75,1730.25,4187.600000000009,7137.049999999999,10830.874999999989
DF,11,2027-03-14,698,37,60,98,255.75,1890.75,4215.600000000001,7377.299999999999,12142.224999999999
DF,12,2027-03-21,725.5,34,56,106,261.75,1850.25,4441.5,7504.499999999999,11091.62499999999
DF,13,2027-03-28,709.5,36,60.95,114.9,267.75,1881.5,4238.700000000009,6990.149999999996,10910.949999999988
DF,14,2027-04-04,721.5,32,57.95,107,271,1801,4146.500000000001,6786,10901.449999999993
DF,15,2027-04-11,689,36,61.95,120,266,1856,4433.4000000000005,7210.199999999999,12253.37499999999
DF,16,2027-04-18,728.5,31.975,54.95,103.9,261,1856.25,4693.2,7272.8499999999985,11065.099999999995
DF,17,2027-04-25,677.5,37.975,62,112.9,263,1815.25,4256.1,6734.349999999996,10357.349999999997
DF,18,2027-05-02,726,27.975,51.95,108.80000000000001,249.75,1867.75,4160.1,7515.349999999997,11484.399999999987
DF,19,2027-05-09,681,32,49,93,256.75,1694.75,4048.900000000004,6568.249999999999,11317.74999999999
DF,20,2027-05-16,637,36.975,56,103,242.75,1653.5,3613.4000000000046,5888.4,9719.05
DF,21,2027-05-23,561.5,26,48.95,91.9,207.75,1526.75,3655.2000000000025,5811.05,8835.924999999996
DF,22,2027-05-30,505,22,35,71.9,185,1366,3115.6000000000013,5064.15,8239.824999999984
DF,23,2027-06-06,452.5,23,38,70,165,1172.5,2731.6000000000013,4353.299999999999,7539.8499999999785
DF,24,2027-06-13,376,20,32,59,134,926,2320.1000000000017,3743.7,5817.849999999996
DF,25,2027-06-20,312,14,24,44,110,785.25,1753.2000000000003,3168.1499999999996,4730.82499999999
DF,26,2027-06-27,245,11,19.950000000000003,36,90,633,1451.3000000000004,2449.1499999999996,3822.574999999997
DF,27,2027-07-04,186,9,18,30,68,490.25,1098.3000000000004,1897.6499999999985,2967.1499999999987
DF,28,2027-07-11,162.5,8,13.950000000000003,25,58.75,414,916.1000000000001,1700.4499999999996,2571.9499999999944
DF,29,2027-07-18,130.5,6,10,18,47,339.25,763.6000000000008,1309.2999999999997,2114.324999999998
DF,30,2027-07-25,114,5,10,18,44,300.25,659,1134.2499999999998,1839.5749999999969
DF,31,2027-08-01,102,5,9,15.900000000000006,37,273.5,637.5000000000007,977.4999999999995,1609.549999999997
DF,32,2027-08-08,90,4.975000000000001,8,14,35,240,555.5000000000007,918.6499999999994,1567.199999999999
DF,33,2027-08-15,95,4,7,12.900000000000006,33,239,581.1000000000001,923.05,1389.1499999999992
DF,34,2027-08-22,91,4,7,13,32,234,540,903.0999999999999,1480.199999999999
DF,35,2027-08-29,92,3.9750000000000014,6,13,33,237.25,537.3000000000004,974.2499999999998,1514.199999999999
DF,36,2027-09-05,90,4,7,13,33,238,515.2000000000003,933.1999999999998,1670.374999999998
DF,37,2027-09-12,90,4,7.950000000000003,14,32,239,546,892.4499999999987,1572.1249999999993
DF,38,2027-09-19,93,4,7,13,33,240.25,537.2000000000003,845.0999999999999,1407.274999999993
DF,39,2027-09-26,93,4,8,15,35.75,240.5,577.1000000000001,1008.1499999999999,1566.6249999999966
DF,40,2027-10-03,98,4,7,15,37,254.25,578.8000000000011,1034.05,1608.199999999999
DF,41,2027-10-10,104,4,7.950000000000003,14,36,249.25,566.2000000000003,1015.1499999999999,1636.3999999999978
DF,42,2027-10-17,100.5,3,8,15,37,262.25,635,1179.2499999999998,1771.4499999999975
DF,43,2027-10-24,110,4,7,16,42,263.25,616.2000000000003,1033.1,1571.549999999997
DF,44,2027-10-31,109,5,8,16,40,291,623.3000000000004,1135.1999999999998,1798.0249999999944
DF,45,2027-11-07,120,5.975000000000001,9,16,46,310.25,701.1000000000001,1170.2499999999998,1697.0499999999943
DF,46,2027-11-14,128,5,10,19,49,320,772.1000000000001,1298,2261.449999999998
DF,47,2027-11-21,137,6,11,21,54,353,788.6000000000008,1433.1499999999999,2225.3749999999927
DF,48,2027-11-28,143,7,12,21,55,379.25,888.6000000000008,1441.8999999999992,2365
DF,49,2027-12-05,156,5,11,22,61,423.25,980.2000000000003,1556.1,2786.374999999998
DF,50,2027-12-12,177,7,12,26,68.75,430.75,1057.9000000000012,1867.9499999999991,3135.2249999999985
DF,51,2027-12-19,192.5,8,16.950000000000003,30.900000000000006,79,524,1168.700000000001,1923.5999999999995,2889.1249999999995
DF,52,2027-12-26,229.5,10.975000000000001,20,35,87,596,1429,2336.1,3541.424999999998
ES,1,2027-01-03,727,82,116,187.9,357,1494.25,2969.7000000000007,4829.799999999999,7201.799999999985
ES,2,2027-01-10,776,100.925,135.95,202,380.75,1678.5,3358.800000000001,5566.7999999999965,8498.749999999975
ES,3,2027-01-17,848.5,97.95,153.95,222.9,420.5,1761.25,3358.800000000001,5434.149999999998,8747.024999999983
ES,4,2027-01-24,954.5,100.975,144.95,215,451.75,1960.25,3728.3,6120.149999999999,8439.699999999975
ES,5,2027-01-31,975.5,121.975,174.95000000000002,263,490,1975.5,3926.000000000001,6538.249999999998,10331.549999999981
ES,6,2027-02-07,1079,116.94999999999999,167.95,249.9,514,2204.5,4226.4000000000015,7296.049999999999,11811.3
ES,7,2027-02-14,1141.5,137.92499999999998,173.95,272.9,530,2310.5,4620.700000000001,7484.999999999996,11289.924999999977
ES,8,2027-02-21,1210.5,141.97500000000002,204.95,306,621,2477.25,5085.600000000008,7644.699999999997,13186
ES,9,2027-02-28,1233,132.925,218.85000000000002,324,608,2547.75,5231.400000000003,8642.349999999999,13225.874999999964
ES,10,2027-03-07,1328.5,166,223.85000000000002,334.90000000000003,673.75,2703.25,5261.800000000001,8275.05,12666.499999999998
ES,11,2027-03-14,1363.5,141.97500000000002,202.85000000000002,318.6,672.75,2793,5104.200000000001,8160.099999999997,14308.549999999992
ES,12,2027-03-21,1260,166,248,339.9,657.75,2609.25,4946.6,7742.199999999998,12002.049999999846
ES,13,2027-03-28,1305,156.95,217.9,317.9,654.75,2563,5325.800000000003,8263.25,13343.424999999981
ES,14,2027-04-04,1334,151,222.85000000000002,345.70000000000005,640.75,2598.75,5520.600000000002,8498.749999999998,12845.77499999998
ES,15,2027-04-11,1247,158.95000000000002,219,319.9,606.5,2597,5072.4000000000005,7781.899999999999,13076.324999999928
ES,16,2027-04-18,1215,148.975,207,297.9,598.75,2475.5,4930.400000000011,7407,12225.999999999967
ES,17,2027-04-25,1109.5,135,188.85,291,561.75,2234,4560.3,6718.7999999999965,11568.074999999977
ES,18,2027-05-02,1072.5,135.975,187.95,296.9,528,2140,4277.700000000001,6339.45,9406.949999999993
ES,19,2027-05-09,991.5,106,173,263,505,2051.25,3902.600000000002,6537.7999999999975,10246.474999999991
ES,20,2027-05-16,879,102,138,219.9,428.75,1827.25,3493.3000000000047,5462.499999999997,8960.099999999988
ES,21,2027-05-23,813.5,87.95,136,195,397.75,1697,3250.500000000002,4908.749999999997,8683.474999999999
ES,22,2027-05-30,736,90,122.95,192,355.75,1434.5,2882.9000000000015,5032.05,7434.824999999996
ES,23,2027-06-06,627.5,73.975,108,166.9,330.75,1257,2643.4000000000033,4105.049999999999,6187.074999999994
ES,24,2027-06-13,582,66,101.95,153.8,281.75,1167,2167.800000000001,3609.0999999999995,5831.624999999996
ES,25,2027-06-20,493.5,57.95,87.95,125.9,239,982,2025.400000000002,3206.8499999999995,5156.274999999999
ES,26,2027-06-27,423.5,52,73,114,210,893.25,1798.4000000000005,2810.1,4263.62499999998
ES,27,2027-07-04,390,44.975,63.95,99.9,186.75,763,1387.1000000000001,2180.9499999999985,3401.5749999999916
ES,28,2027-07-11,323,37.975,52,80,159,642,1251.9000000000012,1983.2499999999998,2724.1249999999936
ES,29,2027-07-18,281,33,45.95,71,138.75,565.25,1058.0000000000014,1806.1,2986.2249999999985
ES,30,2027-07-25,242,26.975,41,62,118.75,497,1036.2000000000003,1624.6499999999994,2498.074999999978
ES,31,2027-08-01,211.5,26,37,55,108,439.25,888,1490.1499999999999,2202.9999999999945
ES,32,2027-08-08,196.5,22,31,49,94,404,815.2000000000003,1312.2999999999997,2019.9499999999948
ES,33,2027-08-15,180,19,29.950000000000003,46,88,358,736.3000000000004,1175.2999999999997,2051.6249999999964
ES,34,2027-08-22,161,17.975,24.950000000000003,38,77,332.25,657.1000000000001,1048.3499999999997,1686.9999999999945
ES,35,2027-08-29,154.5,15,22,36,75,323,641.2000000000003,1001.4499999999996,1565.5999999999913
ES,36,2027-09-05,154,16,25,37,74,319,638.1000000000001,967.0999999999999,1635.3249999999982
ES,37,2027-09-12,154,16,23,37,72,318.25,671,983.05,1615.999999999989
ES,38,2027-09-19,153,18,26,41,78.75,330,678.1000000000001,1144.1499999999999,1872.374999999998
ES,39,2027-09-26,170,18,26,41,81,354.25,707,1178.1999999999998,1880.0249999999999
ES,40,2027-10-03,187,20,31,47,88,375,739.2000000000003,1115.2499999999989,1907.1249999999939
ES,41,2027-10-10,208.5,23.975,36,52,103.75,438.25,867.6000000000008,1426.3999999999996,2305.075
ES,42,2027-10-17,228,26,39,59.900000000000006,115,482.25,983.1000000000001,1456.999999999999,2290.524999999992
ES,43,2027-10-24,255,30,47,73,128.75,535.5,1058.2000000000003,1787.1,2616.0249999999996
ES,44,2027-10-31,298.5,33,49,72.9,147.75,620.25,1228.3000000000004,1971.5499999999995,3058.549999999992
ES,45,2027-11-07,346,37,56,81,161.75,693.75,1381,2238.749999999999,3549.9749999999894
ES,46,2027-11-14,379.5,39.975,60,90.9,180.75,799,1613.0000000000014,2533.499999999999,3772.899999999995
ES,47,2027-11-21,423,50,69.9,102,209,904.25,1761,2894.3499999999995,5158.2249999999985
ES,48,2027-11-28,480.5,61.975,86.95,125,236,992,2087.500000000001,3038.5999999999976,5614.299999999993
ES,49,2027-12-05,511,61,83,128.9,252.75,1090.25,2174.9000000000015,3305.5999999999995,4870.0999999999985
ES,50,2027-12-12,555,69,93.9,139,273,1152.25,2348.9000000000015,4012.0999999999967,6661.474999999998
ES,51,2027-12-19,603,71,104.95,154.9,291.75,1194,2537.400000000002,3925.099999999999,5738.924999999984
ES,52,2027-12-26,659,86.97500000000001,119,172.9,331.75,1400.75,2858.1000000000013,4901,6944.149999999988
GO,1,2027-01-03,1605,744.925,851,996.9,1244.75,2150.25,2826.4000000000005,3328.1499999999996,3865.224999999999
GO,2,2027-01-10,2005.5,904.9749999999999,1061.95,1222.8,1558,2623.5,3427.4000000000005,4340.45,5160.249999999998
GO,3,2027-01-17,2410,1097.875,1267,1433.8,1855,3175.25,4089.4000000000005,4795.949999999999,5811.199999999999
GO,4,2027-01-24,2887,1336.95,1542.9,1746.9,2211.25,3813.25,5014.300000000001,5961.699999999999,6996.6749999999965
GO,5,2027-01-31,3311.5,1469.95,1723.95,2011.9,2564.5,4347,5682.6,6836.5999999999995,7883.699999999996
GO,6,2027-02-07,3688,1672.8500000000001,1910.95,2198.7999999999997,2828,4871.5,6284.100000000002,7638.5,9300.399999999998
GO,7,2027-02-14,4010.5,1882.325,2148.85,2474,3157.5,5308.75,6914.5,8283.849999999997,10093.274999999998
GO,8,2027-02-21,4259,1995.9,2300.8,2658.8999999999996,3313,5530.5,7388.3,8822.55,10507.275
GO,9,2027-02-28,4495.5,2131,2387.65,2786.2999999999997,3517,5886.75,7687.300000000001,9261.3,10589.474999999959
GO,10,2027-03-07,4648.5,2218.7250000000004,2499.9500000000003,2847.8,3625.75,6265.25,8123.200000000001,9633.150000000001,11627.374999999998
GO,11,2027-03-14,4795.5,2311.7250000000004,2565.7999999999997,2947.1,3752.75,6282.25,8281.7,10028.550000000001,11769.274999999992
GO,12,2027-03-21,4842.5,2201.95,2536,2971.7000000000003,3758,6408,8555.300000000001,10321.7,12219.374999999993
GO,13,2027-03-28,4888.5,2302.775,2624.2999999999997,2952.8999999999996,3779,6425.5,8444.400000000001,10001.2,12048.175
GO,14,2027-04-04,4991.5,2318.925,2682.85,3099.9,3850.5,6522.5,8701.100000000002,10476.299999999997,12325.624999999996
GO,15,2027-04-11,4950.5,2389.575,2677,3102.6,3866,6554,8417.600000000008,10057.4,12014.77499999999
GO,16,2027-04-18,4896,2285.9249999999997,2557.5,2997.7,3837.75,6436,8539.1,10232.2,12161.549999999992
GO,17,2027-04-25,4748,2215.9249999999997,2533.75,2942.6,3652.75,6225,8117.200000000002,9572.499999999998,11471.274999999981
GO,18,2027-05-02,4694.5,2194.925,2541.7000000000003,2859.5,3591.5,6171.75,7862.9000000000015,9631,11831.72499999997
GO,19,2027-05-09,4273.5,2053.45,2349.65,2693,3345.75,5525.5,7314.6,8957.4,10415.574999999992
GO,20,2027-05-16,3885.5,1896.1250000000002,2093.9,2395.7000000000003,3013.5,5130.5,6667.200000000001,8235.55,9705.549999999981
GO,21,2027-05-23,3397,1614.975,1865.95,2111.3,2643.25,4462.5,5858.4,7110.1500000000005,7986.899999999996
GO,22,2027-05-30,2918.5,1422.925,1570,1795.5,2260.25,3880,5030,5958.6,7347.324999999998
GO,23,2027-06-06,2490,1181.95,1337.95,1543.7,1932.75,3249.25,4387.1,5112.5999999999995,5965.724999999985
GO,24,2027-06-13,2103.5,988.875,1128.8999999999999,1307.4,1626.75,2738.5,3586.3,4482.249999999999,5307.025
GO,25,2027-06-20,1721,807.925,919.8,1069.9,1353.75,2234.5,2951.1000000000004,3535.35,4346.0250000000005
GO,26,2027-06-27,1444.5,671,766.9499999999999,876.9,1108,1898,2476.1000000000004,2999.05,3648.6249999999964
GO,27,2027-07-04,1184.5,551.925,627,720.9,918.5,1558.25,2037.4000000000005,2484.3999999999996,3004.524999999997
GO,28,2027-07-11,999,474.975,530,607.8,766,1336.25,1780.4000000000005,2141.5499999999993,2539.124999999999
GO,29,2027-07-18,870,402,464,527,670,1113,1502.2000000000003,1820.05,2113.0999999999995
GO,30,2027-07-25,766.5,355.97499999999997,404,467.9,589.75,1005,1310.1000000000001,1621.1999999999998,1828.174999999999
GO,31,2027-08-01,702,323.97499999999997,371.95,428,539,908,1206,1466.2999999999997,1769
GO,32,2027-08-08,658,292.975,345,392,507,850,1113,1308.1499999999999,1530.1249999999993
GO,33,2027-08-15,622.5,290.975,332.95,386.90000000000003,479.75,804.25,1076,1278.5499999999995,1531.199999999999
GO,34,2027-08-22,612,284,328.95,375,474,785,1043.1000000000001,1219.1,1427.0249999999999
GO,35,2027-08-29,586,272.975,311,353,452.75,780,1017.2000000000003,1234.2499999999998,1486.3999999999978
GO,36,2027-09-05,586,270.97499999999997,310,357.9,451.75,771.25,1025.1000000000001,1190.05,1468.0499999999997
GO,37,2027-09-12,594,270.97499999999997,312.95,356,451.75,780,1020,1258.1499999999999,1503.0249999999999
GO,38,2027-09-19,610.5,293.975,328.95,376,471,802.25,1059.1000000000001,1274.2499999999998,1511.199999999999
GO,39,2027-09-26,624,305.97499999999997,341,386.90000000000003,483,824,1078,1268.05,1518.374999999998
GO,40,2027-10-03,641.5,294,344,397,493,847,1116.2000000000003,1344.1,1572.174999999999
GO,41,2027-10-10,655,316,350.95000000000005,399,507.75,860.25,1112.1000000000001,1346.05,1558.0499999999997
GO,42,2027-10-17,677,318.97499999999997,359,415,516.75,885,1149.1000000000001,1396.05,1640.3249999999982
GO,43,2027-10-24,682,328.95000000000005,372.95,424,535,907,1174.2000000000003,1375.05,1622.0749999999996
GO,44,2027-10-31,730.5,347.975,381.90000000000003,435,563,952.25,1262.2000000000003,1522.2999999999997,1776.0999999999995
GO,45,2027-11-07,770,380.975,424,476,591,1028,1332.1000000000001,1589.2999999999997,1832.3999999999978
GO,46,2027-11-14,839.5,381.975,443.95,522.9000000000001,654,1116,1470.2000000000003,1713.2999999999997,1977.0749999999996
GO,47,2027-11-21,911,438.95,495,568,709,1175.25,1518.4000000000005,1843.3499999999997,2240.2499999999986
GO,48,2027-11-28,985.5,476.95,518,602.7,758.75,1292.5,1693.3000000000004,2021,2290.1749999999993
GO,49,2027-12-05,1037,500.975,555.9000000000001,636.9,790,1339,1749.2000000000003,2132.1499999999996,2614
GO,50,2027-12-12,1072,528,594,676,835.75,1401.75,1845.3000000000004,2157.0499999999997,2490.1749999999993
GO,51,2027-12-19,1151.5,547,611.9,712.9,890,1511.25,1966.5000000000007,2352.6499999999996,2846.2749999999987
GO,52,2027-12-26,1292.5,618.975,706.95,814,1015,1721,2257.1000000000004,2706,3106.0999999999995
MA,1,2027-01-03,54,12.975000000000001,15,20,33,91,144,195.04999999999995,238.02499999999986
MA,2,2027-01-10,77,17,22,29.900000000000006,46,122,198,269,344
MA,3,2027-01-17,103,23,29,39.900000000000006,61,165,263.10000000000014,373,504.02499999999986
MA,4,2027-01-24,133,30,38,50,82,220,339.10000000000014,448,563.2999999999984
MA,5,2027-01-31,163,39.975,48,64,101,274,435.2000000000003,593.0999999999999,772.0249999999999
MA,6,2027-02-07,206.5,47.975,61,79,127.75,337,519,674.4499999999996,859.0999999999995
MA,7,2027-02-14,239.5,56.975,73,96,147,377.25,591,794.4499999999996,1039
MA,8,2027-02-21,268,66.97500000000001,81.95,105,166,434,674.1000000000001,901.2499999999998,1179.0999999999995
MA,9,2027-02-28,291,67,87,116,181,469.25,735.1000000000001,945.1999999999998,1348.549999999997
MA,10,2027-03-07,298,67.975,91,123,189,480.25,758,986.1499999999999,1259
MA,11,2027-03-14,308,72.975,94,120,192.75,501,739.1000000000001,1026,1349.0499999999997
MA,12,2027-03-21,299,65.975,85,113,176.75,485,778.1000000000001,1046.1999999999998,1347.7999999999956
MA,13,2027-03-28,285,69.975,86,113,179,472,707,905.2499999999998,1196.0499999999997
MA,14,2027-04-04,277,66,86,109,170,452,730.4000000000005,945.05,1206.5999999999967
MA,15,2027-04-11,273.5,63,76.95,106,168,440,690.1000000000001,923.05,1216.0249999999999
MA,16,2027-04-18,259,66.97500000000001,82,107,165,419.25,640.1000000000001,851.05,1127.2999999999984
MA,17,2027-04-25,243,54,69,92.9,148.75,391.25,625,812.0999999999999,1138.4249999999977
MA,18,2027-05-02,222,49,63.95,87,138.75,366,549.1000000000001,752.05,900.0499999999997
MA,19,2027-05-09,202,45.95,58.95,76,118,324,508.10000000000014,672.05,872.0999999999995
MA,20,2027-05-16,176,43,53,70,108,283,463.10000000000014,613.05,782.0499999999997
MA,21,2027-05-23,155,36,44.95,60,97,253,405.10000000000014,536.4999999999995,763.0999999999995
MA,22,2027-05-30,134,33.975,41.95,52,83,215,352.10000000000014,471.04999999999995,646.0249999999999
MA,23,2027-06-06,120,26,34,45,73,190.25,304,417,573.1499999999992
MA,24,2027-06-13,100,23,30,39,61.75,166,265,350,466.1999999999989
MA,25,2027-06-20,87,20,26,34,53,143,231.20000000000027,331.0999999999999,426.17499999999905
MA,26,2027-06-27,78,18,23,29,46,131,213.10000000000014,287,419
MA,27,2027-07-04,69,14,18,25,41,118,188,264,363.2749999999985
MA,28,2027-07-11,63,12.975000000000001,17,23,36,103,164,227.04999999999995,310.1499999999992
MA,29,2027-07-18,55,11,15,20,32,92.25,155,217.0999999999999,301.0749999999996
MA,30,2027-07-25,52,9,13,19,31,89,154.10000000000014,210.19999999999982,288
MA,31,2027-08-01,47,9,12,17,28,80,137.10000000000014,194,260.09999999999945
MA,32,2027-08-08,46,8,12,16,27,79,135.10000000000014,181.04999999999995,244.1999999999989
MA,33,2027-08-15,43,8,10,15,25,72,119,156.04999999999995,238.02499999999986
MA,34,2027-08-22,38,6,9,12,22,68,115,166.04999999999995,230.09999999999945
MA,35,2027-08-29,34,6,8,12,20,63,109.10000000000014,159.04999999999995,216.02499999999986
MA,36,2027-09-05,34,5.975000000000001,9,11,19,60,99,141,195
MA,37,2027-09-12,31,5,7,11,18,55,93,129.0999999999999,180
MA,38,2027-09-19,29.5,5,7,10,17,52,90,135.04999999999995,181.02499999999986
MA,39,2027-09-26,28,4,7,9,16,50,84.10000000000014,119.04999999999995,158.14999999999918
MA,40,2027-10-03,27.5,5,6,8,15,49,88,122,164.02499999999986
MA,41,2027-10-10,26,5,6,9,15,46,77,106.04999999999995,152
MA,42,2027-10-17,26,4,6,8,15,44,74,105,148
MA,43,2027-10-24,26,4,6,9,15,44,71,104,145.04999999999973
MA,44,2027-10-31,26,5,6,9,15,45,76,103.04999999999995,136.02499999999986
MA,45,2027-11-07,26,5,7,9,15,44,71.10000000000014,102,139.02499999999986
MA,46,2027-11-14,26,5,7,9,15,44,75,98.04999999999995,127
MA,47,2027-11-21,26,5,7,9,15,44,73.10000000000014,102,137.02499999999986
MA,48,2027-11-28,27,5,7,10,16,45,72,97,128.0749999999996
MA,49,2027-12-05,27,5,7,10,16,46,73,97,125
MA,50,2027-12-12,28,6,8,11,17,47,79,103,133
MA,51,2027-12-19,33,6,8,12,20,54,86.10000000000014,114,137.04999999999973
MA,52,2027-12-26,41,8,11,15,24,66,111,144.04999999999995,177
MG,1,2027-01-03,2529,887.8000000000001,1009,1246.8999999999999,1686.5,4175.25,7314.9000000000005,11465.449999999997,15698.224999999939
MG,2,2027-01-10,3117,1118.9750000000001,1280.75,1539.8,2052.25,5032.75,9270.200000000013,14197.249999999993,22041.84999999997
MG,3,2027-01-17,3833.5,1380.875,1601.95,1903.9,2585.75,6257.25,11377.80000000004,18339.25,27852.47499999997
MG,4,2027-01-24,4542.5,1635.9750000000001,1887.95,2267.9,3113.5,7325,12359.60000000001,21085.699999999993,32420.49999999979
MG,5,2027-01-31,5486,2020.975,2314.8999999999996,2719.8,3764,8796.25,15458.000000000002,23464.299999999985,34498.099999999955
MG,6,2027-02-07,6456.5,2276.9750000000004,2589.3,3130.5,4383.5,10452,18145.40000000001,30215.649999999994,47974.07499999997
MG,7,2027-02-14,7407,2722.975,3151.45,3844.7,4994.75,12343,21019.70000000001,34052.84999999999,56653.37499999962
MG,8,2027-02-21,8118.5,2912.7000000000003,3397.8999999999996,4103.9,5728.75,13110.25,24487.2,39169.49999999999,54696.14999999971
MG,9,2027-02-28,9157,3449.975,3840.3999999999996,4558,6200.75,15038.25,26872.500000000007,40893.74999999999,68772.47499999979
MG,10,2027-03-07,9748.5,3529.7,3935.95,4715.9,6629,15702.5,27470.200000000015,44588.14999999998,69266.29999999992
MG,11,2027-03-14,10439.5,3727.6749999999997,4328.25,5116.8,6992.25,16988.25,29017.300000000017,46354.1,67381.42499999971
MG,12,2027-03-21,10852.5,3842,4555.75,5351.1,7377.5,18297.25,31090.000000000007,48451.499999999985,78927.07499999998
MG,13,2027-03-28,11024.5,4022.725,4650.35,5533.1,7457,18108.75,32682.70000000005,51370.25,79653.4
MG,14,2027-04-04,11225,4069.1000000000004,4690.8,5567.5,7492.75,18155,33604.90000000002,53492.64999999998,79809.54999999999
MG,15,2027-04-11,11108.5,3855.75,4586.85,5498.799999999999,7643.5,18353.25,33002.40000000002,51382.149999999994,75319.825
MG,16,2027-04-18,10654,3714.4500000000003,4444.35,5365.5999999999995,7300.5,17412.5,31855.600000000046,53367.099999999984,82207.52499999951
MG,17,2027-04-25,10216,3627.825,4330.95,5078.0999999999995,6816.5,16239.5,29583.80000000001,43897.24999999997,65834.99999999991
MG,18,2027-05-02,9309.5,3158,3779.9,4504.8,6250,14957.75,25972.900000000016,39755.79999999999,59585.374999999796
MG,19,2027-05-09,7889,2807.75,3290.5,3973.9,5466.25,12791.75,22699.500000000007,34040.59999999997,53515.34999999986
MG,20,2027-05-16,6593.5,2426.9,2807.8500000000004,3280.8,4565.5,10657,18354.70000000001,28167.149999999994,44520.699999999924
MG,21,2027-05-23,5475,1975.15,2221.65,2691.7,3760,8621.25,15120.100000000008,22549.45,36289.4249999999
MG,22,2027-05-30,4239,1517.95,1783.95,2120.4,2901.5,6741.75,11693.2,18067.2,28436.624999999985
MG,23,2027-06-06,3257.5,1208.775,1343,1632,2218.5,5363.75,9478.100000000006,14868.15,21523.199999999997
MG,24,2027-06-13,2509,914.8499999999999,1056.75,1252.9,1710.5,4059.75,7146.200000000002,10626.849999999999,15619.62499999999
MG,25,2027-06-20,1952.5,670.925,810.95,965.8000000000001,1309,3069.75,5424.0000000000055,8072.399999999997,11589.824999999992
MG,26,2027-06-27,1489,537.975,605.85,730,1009,2412.25,4271.300000000001,6566.399999999996,9258.92499999999
MG,27,2027-07-04,1181,418.82500000000005,480.95,582.7,788.75,1882.25,3060.000000000002,5039.099999999998,8092.72499999999
MG,28,2027-07-11,962,337.97499999999997,390.8,468,649.5,1476,2570.4000000000015,3852.8499999999985,6354.724999999991
MG,29,2027-07-18,793,280.975,323,387,554.5,1253.25,2272.7000000000007,3519.3,5778.274999999999
MG,30,2027-07-25,690.5,249.975,285,332.9,461.75,1094.25,1942.1000000000001,3221.7499999999977,5373.724999999997
MG,31,2027-08-01,598,212,246,290,406,965.5,1757.1000000000001,2621.499999999999,4113.125
MG,32,2027-08-08,559.5,203.95,243,278,382,883.5,1546.6000000000008,2458.5999999999995,3603.449999999997
MG,33,2027-08-15,536,189.95000000000002,220,264,361,889.75,1598,2451.0999999999967,3639.5499999999965
MG,34,2027-08-22,528.5,177.975,213,252.9,352.75,841.5,1488.1000000000001,2327.4999999999964,3811.224999999988
MG,35,2027-08-29,518.5,185,211,252,355.75,818.5,1511.700000000001,2179.25,3788.299999999993
MG,36,2027-09-05,534,193.975,221.95,265,367,862,1517,2342.4999999999995,3694.724999999996
MG,37,2027-09-12,579.5,187.975,221.9,269,378,919.25,1580.2000000000003,2427.3,3731.4999999999973
MG,38,2027-09-19,598,200.975,230,286.90000000000003,399,995.75,1782.1000000000001,3016.899999999999,4934.0999999999885
MG,39,2027-09-26,623,219,260.95,313,427.75,1035.25,1829.2000000000003,2666.2,4483.049999999995
MG,40,2027-10-03,691.5,230,270.95000000000005,324,449,1147,2256.1000000000013,3490.3999999999996,5477.574999999975
MG,41,2027-10-10,711,254,291.95,336,472,1183,2175.1000000000004,3502.1499999999987,4998.774999999995
MG,42,2027-10-17,773,276.925,316.95,371,520.75,1288.25,2350.2000000000003,3776.949999999997,6004.199999999977
MG,43,2027-10-24,819,287,325.95000000000005,398.90000000000003,545,1350.5,2627.500000000001,4008.249999999999,6266.424999999992
MG,44,2027-10-31,878,306.95,351,430.90000000000003,590,1424.5,2790.3000000000015,4261.8499999999985,7928.499999999981
MG,45,2027-11-07,989.5,344,398.95000000000005,485,648.75,1611.25,3118.1000000000004,4765.699999999999,7751.299999999998
MG,46,2027-11-14,1065.5,359.975,439,526,725.75,1799.25,3412.4000000000005,5519.0999999999995,8634.524999999987
MG,47,2027-11-21,1154,416.95000000000005,479,569,773,1943.25,3859.3000000000006,6067.149999999999,9052.174999999997
MG,48,2027-11-28,1275.5,444.975,525.95,615,860.75,2096.75,3766.100000000003,5822.249999999998,9196.824999999995
MG,49,2027-12-05,1462.5,512.9,575.85,684.9,954.75,2415.5,4461.800000000003,6877.999999999999,10337.299999999981
MG,50,2027-12-12,1577,547.975,641,777.8,1049,2566.25,4823.4000000000005,7839.9,11624.34999999996
MG,51,2027-12-19,1727.5,619.95,713.8,858,1181.75,2846,5027.300000000001,7733.199999999999,12190.499999999996
MG,52,2027-12-26,1996.5,726.9250000000001,841.9,1023.7,1382.75,3313.25,5919.100000000002,9457.649999999998,13384.749999999969
MS,1,2027-01-03,306.5,55,74.95,105,163.75,589.5,1184.1000000000001,1886.1999999999998,2955.3749999999873
MS,2,2027-01-10,370,67.975,93,120.9,203,709,1394.5000000000007,2160.1,2946.049999999989
MS,3,2027-01-17,426,85,107.95,145,238,804.5,1560.3000000000004,2352.05,3141.075
MS,4,2027-01-24,496,93,115.95,167,274,946,1892.700000000001,3040.5999999999995,4200.399999999998
MS,5,2027-01-31,549,114.97500000000001,146,189,307,1093.5,2202.3,3714.3999999999996,5104.974999999995
MS,6,2027-02-07,622,116.975,149,196,342,1166.25,2238.3,3406.6499999999996,5905.374999999998
MS,7,2027-02-14,671,128.975,164.89999999999998,228.8,383.5,1268.25,2682.4000000000015,4203.2,6187.299999999998
MS,8,2027-02-21,723.5,129.975,180.95,235,392,1362.25,2618.9000000000015,4062.4999999999977,6941.174999999988
MS,9,2027-02-28,755.5,148,185.95,250,424,1447.5,2721.6000000000004,4228.999999999999,6551.249999999998
MS,10,2027-03-07,794,140.975,187.9,258,431.5,1532.75,2977.800000000001,4539.0999999999985,6960.624999999996
MS,11,2027-03-14,820,163.95,205,267,454.75,1590.5,3037.000000000004,4562.249999999999,6835.4249999999975
MS,12,2027-03-21,838,143.975,203,278.8,466.75,1639.5,3094.3,4852.299999999999,7198.249999999977
MS,13,2027-03-28,875,175.975,218,292.9,471.75,1668,3142.7000000000007,5193.65,7602.624999999985
MS,14,2027-04-04,859,138.97500000000002,197.9,270.9,480,1658,3041.6000000000004,4703.149999999998,7792.549999999991
MS,15,2027-04-11,839,143.975,191,261,435,1571.5,3018.3,4568.8499999999995,6979.049999999995
MS,16,2027-04-18,771,145.975,191.95,248.9,408.75,1516.5,2921.900000000001,4556.25,6872.499999999992
MS,17,2027-04-25,745,126.97500000000001,170.95000000000002,236.9,404,1467.25,2840.900000000003,4399.5999999999995,6813.724999999997
MS,18,2027-05-02,656.5,108.975,146,206,355,1275.25,2440.300000000002,3760.349999999999,5888.324999999998
MS,19,2027-05-09,579.5,100,135,198,324.75,1102.5,2263,3389.699999999999,4870.8749999999945
MS,20,2027-05-16,502,86,112,151.9,256,982,1813.400000000002,2728.699999999999,4843.974999999989
MS,21,2027-05-23,426,75.975,99,135,232.75,799,1596.2000000000003,2631.9499999999994,3916.8749999999845
MS,22,2027-05-30,352,59.975,83,110,197,667.75,1384.0000000000014,2117.5999999999995,3330.399999999998
MS,23,2027-06-06,296.5,49.975,67,96,162,568,1092.400000000002,1706.4999999999995,2695.2749999999983
MS,24,2027-06-13,230,45.975,58,75,125,462.5,894.1000000000001,1352.3999999999996,2077.399999999998
MS,25,2027-06-20,199,32,44,61,104,371.25,721.700000000001,1148.6499999999994,1667.6249999999966
MS,26,2027-06-27,163,27,37,51,87,309,563.2000000000003,897.1499999999999,1423.4249999999977
MS,27,2027-07-04,126,22,30,39,69,248.25,489.10000000000014,762.1999999999998,1249.3249999999982
MS,28,2027-07-11,112.5,19,25,35,61,220,421.2000000000003,679.3999999999996,1020.0499999999997
MS,29,2027-07-18,89,16,21.950000000000003,29,49,172,342,568.2499999999998,915.0499999999997
MS,30,2027-07-25,81,14.975000000000001,19,26,43.75,156.25,299,442.2999999999997,688.2499999999986
MS,31,2027-08-01,70,11,15,22,38,134,266,396.6499999999994,600.2499999999986
MS,32,2027-08-08,62,11,15,20.900000000000006,35,117,240,397,622.0749999999996
MS,33,2027-08-15,61,11,15,20,32,124,234,363.0999999999999,526.3499999999981
MS,34,2027-08-22,58,9,13,18,32,109.25,219.20000000000027,316.14999999999986,509.0749999999996
MS,35,2027-08-29,58,10,13,18,31,109.25,208,338,466.1499999999992
MS,36,2027-09-05,58,9.975000000000001,14,19,32,110,204,327.0999999999999,524.4499999999975
MS,37,2027-09-12,58,10,13,19,33,116,231.10000000000014,361.14999999999986,533.4999999999973
MS,38,2027-09-19,62,10,15,21,35,120,233.20000000000027,363.0999999999999,541.0249999999999
MS,39,2027-09-26,67,13,17,22,36,131,257,400.1999999999998,628.1499999999992
MS,40,2027-10-03,74.5,13,17,24,40,145,279,423.04999999999995,712.0499999999997
MS,41,2027-10-10,89,15,19,27,47,172.25,326.2000000000003,492,764.1999999999989
MS,42,2027-10-17,96.5,17,22,31,53,190.25,360.10000000000014,619.1499999999999,949.4249999999977
MS,43,2027-10-24,111,18,25,34,61,216,401.2000000000003,670.05,948.1249999999993
MS,44,2027-10-31,122,22.975,28,39,68.75,246,475.10000000000014,787.05,1250.174999999999
MS,45,2027-11-07,144,25,33,46,79,274.25,504.10000000000014,795.1499999999999,1315.174999999999
MS,46,2027-11-14,165,28,38,52,89,316,587.8000000000011,952.3999999999996,1446.0249999999999
MS,47,2027-11-21,179,32,44.95,60,97.75,342,680.5000000000007,1081.05,1732.2249999999988
MS,48,2027-11-28,195,36,47,61,105,383.25,731,1149.1499999999999,1577.6249999999966
MS,49,2027-12-05,214,39,51,69,113,412.25,770,1303.1499999999999,2012.2499999999986
MS,50,2027-12-12,225,41,56,73,124,438,855,1361.05,2060.774999999996
MS,51,2027-12-19,247.5,43,55,78,135,467,892.2000000000003,1403.05,2251.874999999995
MS,52,2027-12-26,281,47.975,61,86,146,558.25,1146.2000000000003,1825.5499999999986,2736.899999999995
MT,1,2027-01-03,468,168.975,203,248,331,718.5,1041.1000000000001,1405.4499999999996,1837.2749999999985
MT,2,2027-01-10,556,200.95,238.95000000000002,285,386,825,1180,1440.3999999999996,2023.199999999999
MT,3,2027-01-17,643,231,272,327.8,445,940,1404,1788,2416
MT,4,2027-01-24,705.5,257.875,307.95,372,503,1082.25,1559,2023.2999999999997,2563.2749999999983
MT,5,2027-01-31,791,291,343.9,411.9,557,1158.25,1689,2137.05,2677.05
MT,6,2027-02-07,832,311.975,360.8,436.9,591,1214.5,1762.2000000000003,2250.3499999999995,2811.199999999999
MT,7,2027-02-14,861,307.97499999999997,363.95,424.9,606,1236,1776.2000000000003,2361.3499999999995,3222.6249999999964
MT,8,2027-02-21,858.5,313.925,366.95000000000005,442.90000000000003,609,1279.25,1877.9000000000012,2369.2999999999993,3147.2999999999984
MT,9,2027-02-28,833,279.975,355.95,428.9,585.75,1216,1787.1000000000001,2211.199999999999,3003.5749999999966
MT,10,2027-03-07,819,320,360.95,434.90000000000003,578,1178.25,1723.2000000000003,2256.1499999999996,3266.79999999999
MT,11,2027-03-14,803,305.9,349.95000000000005,406,562.75,1182.25,1750.2000000000003,2200.1,2935.84999999999
MT,12,2027-03-21,779.5,281,329,400.79999999999995,551,1153.25,1667.1000000000001,2157.1499999999996,2932.0499999999997
MT,13,2027-03-28,784.5,288.85,332.95,407,554.75,1127,1712.1000000000001,2174.1,2670.6249999999964
MT,14,2027-04-04,771.5,274.95,332,403,543.75,1128,1620.3000000000004,2184.749999999999,2848.124999999999
MT,15,2027-04-11,773,291.95,329.9,394,542.75,1129.25,1640.6000000000008,2105.4999999999995,2806.2999999999984
MT,16,2027-04-18,759,282.95,328.95,398.90000000000003,538,1129,1594.5000000000007,2119.2999999999997,2845.424999999998
MT,17,2027-04-25,746,279.95,318.95000000000005,384,524,1106.25,1640.5000000000007,2111.0499999999993,3000.1749999999993
MT,18,2027-05-02,723,263,302.95000000000005,374,506,1045.5,1566.3000000000004,2040.05,2955.2749999999983
MT,19,2027-05-09,686,239.975,281,339,472,1018.25,1530.1000000000001,1968.1,2525.05
MT,20,2027-05-16,641,230.9,269,319.9,434.75,942,1424,1806.1,2466.4249999999975
MT,21,2027-05-23,581,196.95,242.90000000000003,296.9,403,833,1286.1000000000001,1719.05,2176.4499999999975
MT,22,2027-05-30,509,173.95000000000002,211,256,351.75,743.5,1089.2000000000003,1493,2014.924999999995
MT,23,2027-06-06,445,154.97500000000002,188,224,307,674.25,1006.3000000000004,1287.3999999999996,1716.3249999999982
MT,24,2027-06-13,381,135,162,188.9,263,580.5,857.4000000000005,1199.1999999999998,1553.199999999999
MT,25,2027-06-20,332,122.97500000000001,139,165.9,233,499.25,766,997.049999999999,1318.0749999999996
MT,26,2027-06-27,274,98,116.95,140,190,419.25,635,848.05,1155.1249999999993
MT,27,2027-07-04,237,81.975,96,122,165,357,512.1000000000001,689.4499999999996,979.0249999999999
MT,28,2027-07-11,208,73,84,102,142,308.25,462,612,852.1499999999992
MT,29,2027-07-18,176,60.975,70,87,122,265,397.10000000000014,502.14999999999986,681
MT,30,2027-07-25,154,55,65,78,108,227.25,341.10000000000014,458.04999999999995,630.1249999999993
MT,31,2027-08-01,139,49.975,59,70,94,209.25,309,407.04999999999995,545.0499999999997
MT,32,2027-08-08,122,43,51,63,87,184,269.10000000000014,360,459.1249999999993
MT,33,2027-08-15,113,40,46,57,78,168.25,245.10000000000014,330.04999999999995,437.0499999999997
MT,34,2027-08-22,107,37.975,44,53.900000000000006,74,155,223,299.0999999999999,379.1249999999993
MT,35,2027-08-29,99,34,41,50.900000000000006,70,144,219,281,351
MT,36,2027-09-05,96,32,38,46,67,139.25,204.10000000000014,285.04999999999995,381.17499999999905
MT,37,2027-09-12,91,31,37,46,65,133,195.10000000000014,244.04999999999995,322.0749999999996
MT,38,2027-09-19,91.5,33,39,47,64,136,199,253,326.1249999999993
MT,39,2027-09-26,95,32,39,48,66,137,207,275,340.0749999999996
MT,40,2027-10-03,102,35,42,50,70,147,216.10000000000014,279.04999999999995,355.0499999999997
MT,41,2027-10-10,110,40,46,55,76,158,225,292,373.02499999999986
MT,42,2027-10-17,118,40,49,61,81,173,257.10000000000014,330,421.0499999999997
MT,43,2027-10-24,132,46.975,54.95,67,91,196,293,385,501
MT,44,2027-10-31,150,54,64,78,106,222.25,320.2000000000003,416.04999999999995,538.0249999999999
MT,45,2027-11-07,173,59.975,73.95,90,120.75,257.25,395,509.0999999999999,637.1499999999992
MT,46,2027-11-14,204,72,83.95,101,139,304.25,444.10000000000014,572.1499999999999,783.2499999999986
MT,47,2027-11-21,233,83,97,116,162,346,537,699.1499999999999,950.1249999999993
MT,48,2027-11-28,267,95,109,132,184.75,394.5,589,755,965.0749999999996
MT,49,2027-12-05,296,104,123,149,207,447,673,859.1999999999998,1096.2999999999984
MT,50,2027-12-12,325.5,114,131.95,163,224,485,718.1000000000001,969.1499999999999,1242.0749999999996
MT,51,2027-12-19,359.5,123.975,146.95000000000002,181,254,531,784,1052.1999999999998,1319.6749999999963
MT,52,2027-12-26,404,146.97500000000002,175,204,282.75,591,887.1000000000001,1165,1501.0749999999941
PA,1,2027-01-03,134,44.975,53.95,65,92,201.25,293,378,483.02499999999986
PA,2,2027-01-10,172.5,56.975,69,83.9,120,254,374,482.04999999999995,628.0999999999995
PA,3,2027-01-17,210,70.95000000000002,86,106,145,317.25,468,606.3499999999997,789.0499999999997
PA,4,2027-01-24,256.5,86.97500000000001,102,126,181.75,379,586.1000000000001,755.1999999999998,996
PA,5,2027-01-31,298,93,113,140.9,204.75,447.25,666.1000000000001,857.3499999999997,1098.374999999998
PA,6,2027-02-07,324,105,126.95,159,219.75,469.25,693.1000000000001,901.05,1109.374999999998
PA,7,2027-02-14,332,108.975,134,163,224,490,721,964,1210.2999999999984
PA,8,2027-02-21,334,112.975,133,167.9,235,492,735.4000000000005,942,1200
PA,9,2027-02-28,336,108.975,135,165.9,229,498.25,728.1000000000001,950.1499999999999,1237.2249999999988
PA,10,2027-03-07,335,109,136.95,167,233,489,728.1000000000001,938.0999999999999,1136.4249999999977
PA,11,2027-03-14,322,105.975,128,156.9,224,481.25,696.1000000000001,906.0999999999999,1131.0999999999995
PA,12,2027-03-21,311,95,123,151,215,450,681.2000000000003,880,1123.1499999999992
PA,13,2027-03-28,285,94.97500000000001,114.95,139,193,419,619.1000000000001,828,1030.2499999999986
PA,14,2027-04-04,274,90.97500000000001,109,131.9,183,400,584,732.1499999999999,970.3249999999982
PA,15,2027-04-11,257.5,87.95,102,127,178,378,553,715.3999999999996,917.1999999999989
PA,16,2027-04-18,242,79,92,114,163,360,520,688.0999999999999,870.3249999999982
PA,17,2027-04-25,229,75,87,108,156,329.25,467.5000000000007,597.0999999999999,762.0749999999996
PA,18,2027-05-02,216,68,85,104,146,319,465.10000000000014,586.0999999999999,753.0499999999997
PA,19,2027-05-09,194,64,77,94,134,289,422.2000000000003,547.05,671.0249999999999
PA,20,2027-05-16,175,57.975,70,86,120,259,383.10000000000014,503,667.3999999999978
PA,21,2027-05-23,157,48,61.95,77,107,231,349.10000000000014,444,556.2249999999988
PA,22,2027-05-30,141,48,59,69,97,205.25,299.10000000000014,383.04999999999995,524.0249999999999
PA,23,2027-06-06,127,41,51,62,89,185,278.10000000000014,365.04999999999995,458.4249999999977
PA,24,2027-06-13,115,36.975,43.95,55,78,172,250.20000000000027,331.0999999999999,435
PA,25,2027-06-20,103,32,40,49,70,152,236.10000000000014,293.04999999999995,378.0499999999997
PA,26,2027-06-27,93,30,36,44,64,138.25,209.20000000000027,279.04999999999995,366.02499999999986
PA,27,2027-07-04,85,26.975,32,41,59,124,190,254,337.09999999999945
PA,28,2027-07-11,78,25,31,37,54,114,176.10000000000014,234.0999999999999,310.02499999999986
PA,29,2027-07-18,77,23,28,37,53,113,169.10000000000014,233.14999999999986,312.17499999999905
PA,30,2027-07-25,75,22,29,36,52,114,175.10000000000014,232,298.1249999999993
PA,31,2027-08-01,75,24,29,35,50,113,170,236,299.29999999999836
PA,32,2027-08-08,76,24,29,36,52,114,173,229,291.02499999999986
PA,33,2027-08-15,73,23,28,35,50,114.25,183,247.04999999999995,308.1499999999992
PA,34,2027-08-22,75,22,28,36,51,114,171,228.0999999999999,311.0499999999997
PA,35,2027-08-29,72,21,27,33,48,108,169,231.0999999999999,291.0499999999997
PA,36,2027-09-05,68,22,27,34,47,104,160,215.0999999999999,288.02499999999986
PA,37,2027-09-12,69,21,26,32.900000000000006,47,102.25,156,212.04999999999995,274.09999999999945
PA,38,2027-09-19,66,20,25,31,45,96,151.10000000000014,202.04999999999995,264.0499999999997
PA,39,2027-09-26,65,20,25,31,44,97,151,203.04999999999995,261
PA,40,2027-10-03,66,19,24,30,43,99,152.10000000000014,197,263
PA,41,2027-10-10,63,19,23.950000000000003,30,43,94,135.10000000000014,188.04999999999995,250
PA,42,2027-10-17,64,20,26,31,45,95,143,189,245
PA,43,2027-10-24,66,20,25,31,45,99,141,179,219.02499999999986
PA,44,2027-10-31,67,20,25,32,46,100,146,187.04999999999995,241.04999999999973
PA,45,2027-11-07,71,22.975,28,34,49,105.25,152.10000000000014,207.04999999999995,261.02499999999986
PA,46,2027-11-14,76,24.975,29,38,51,114,164,216.04999999999995,276.0749999999996
PA,47,2027-11-21,82,27,32,41,56,122,183,237.04999999999995,311.02499999999986
PA,48,2027-11-28,89,29,34.95,43,62,129,190.10000000000014,242.0999999999999,313.0499999999997
PA,49,2027-12-05,92,28,35,44,62,135,193.10000000000014,254.04999999999995,323.02499999999986
PA,50,2027-12-12,92,29,36.95,45,62,136,192.10000000000014,246.04999999999995,322.0749999999996
PA,51,2027-12-19,96,30,36,47,65.75,140,205,262.0999999999999,335.1999999999989
PA,52,2027-12-26,107,35,43,52,74,158.25,239.10000000000014,305,394.0749999999996
PB,1,2027-01-03,95,22,28.950000000000003,39,59,152.25,237.10000000000014,311,404.1249999999993
PB,2,2027-01-10,106,24.975,32,42.900000000000006,66.75,169.25,252,346.04999999999995,424.0499999999997
PB,3,2027-01-17,121,31,37,48,75.75,188,297,388.2499999999998,498.37499999999795
PB,4,2027-01-24,139,34,42,57,87,218,335,435,584.0749999999996
PB,5,2027-01-31,162,40.975,53,68,102,256,386.2000000000003,533.1499999999999,680.4249999999977
PB,6,2027-02-07,186,40.975,62,80,122,292,468.10000000000014,632.0999999999999,766.0499999999997
PB,7,2027-02-14,222,50,67,89,137,349.25,526.3000000000004,703.05,949.0249999999999
PB,8,2027-02-21,255,63.975,82,106,157,407.25,593.2000000000003,818,1039.174999999999
PB,9,2027-02-28,279,69,87,113,179,459,698.2000000000003,946.0999999999999,1158.174999999999
PB,10,2027-03-07,309,77,96.95,130,195.75,486.25,726.2000000000003,968.1499999999999,1224.2999999999984
PB,11,2027-03-14,336,73.95,102,143,210.75,531,821.1000000000001,1072,1325.0249999999999
PB,12,2027-03-21,354.5,81.975,106,139,219,558.5,843.3000000000004,1119.05,1466.0499999999997
PB,13,2027-03-28,375,88,113,153,229,604,904,1198.1999999999998,1440.0499999999997
PB,14,2027-04-04,388,96,120,162,241,623,939.2000000000003,1263.05,1517.099999999994
PB,15,2027-04-11,388,97.975,128,162,245,615.25,953.2000000000003,1239.1,1596.0249999999999
PB,16,2027-04-18,407.5,85.975,122,160,262,641,980.1000000000001,1259.05,1564.7999999999902
PB,17,2027-04-25,410,96,124,169.9,262.75,664,1038,1391.3999999999996,1743.2999999999984
PB,18,2027-05-02,410.5,103,129.9,168.9,254,644.25,984.4000000000005,1317,1627.3249999999982
PB,19,2027-05-09,417,96,132,176,268,658,1003.6000000000008,1242.7999999999993,1680.1499999999992
PB,20,2027-05-16,413,101,132.95,177.9,262,656,1011,1311.5999999999995,1721.0749999999996
PB,21,2027-05-23,417,98,124,171,266,657,1042.2000000000003,1372.05,1788.0249999999999
PB,22,2027-05-30,407,102,130.95,168,256.75,638,974,1270.1499999999999,1622.349999999998
PB,23,2027-06-06,376,97.975,125,165,241.75,613,938.1000000000001,1224.1999999999998,1606.2249999999988
PB,24,2027-06-13,370,86,112,151,233,581,891.2000000000003,1176.2499999999998,1542.6999999999962
PB,25,2027-06-20,354,87,108,143,223.75,546,807.1000000000001,1079.4499999999996,1450.6249999999966
PB,26,2027-06-27,325,80,105,132,207.75,540,833.1000000000001,1097.1,1457.4249999999977
PB,27,2027-07-04,314.5,77.95,96,131,198,498,753.1000000000001,1011.05,1232.1499999999992
PB,28,2027-07-11,296,79.95,97,126,196,462.25,704,924.0999999999999,1185
PB,29,2027-07-18,275,74,93,116,172,431,667,832.2499999999998,1152.1499999999992
PB,30,2027-07-25,269.5,64,82,107,167,427,647.2000000000003,842.05,1025.0749999999996
PB,31,2027-08-01,244.5,58,73,98,153,391,604.2000000000003,797,981.3499999999981
PB,32,2027-08-08,226,53,68.95,90.9,142,359,562,736.05,947.0499999999997
PB,33,2027-08-15,218,50,64,86,135.75,335,524.2000000000003,714,929.0749999999996
PB,34,2027-08-22,205,47,60.95,81,124,308,478.3000000000004,631.1499999999999,786.174999999999
PB,35,2027-08-29,185.5,44,55.95,76,114,292,446.10000000000014,584.1499999999999,745
PB,36,2027-09-05,175.5,40.975,52,69,109,283.25,428.10000000000014,544.3499999999997,703.0249999999999
PB,37,2027-09-12,158,36,49,63.900000000000006,99,253,385,519,650.1249999999993
PB,38,2027-09-19,150,35,44,61,95,233,358.10000000000014,468.1999999999998,578.1999999999989
PB,39,2027-09-26,133,29,40,53,83,213,333.10000000000014,423.04999999999995,536.2499999999986
PB,40,2027-10-03,128,29,36,49,80,201.25,298.2000000000003,402.0999999999999,515.0999999999995
PB,41,2027-10-10,117.5,28.975,37,48,73,190,292,420.0999999999999,550.1999999999989
PB,42,2027-10-17,111,26.975,35,45,69,181,292.10000000000014,395.04999999999995,529.0749999999996
PB,43,2027-10-24,104,26,33,42,65,165,267.3000000000004,365,496.1499999999992
PB,44,2027-10-31,102,23,30,38,62,156,245.10000000000014,323.14999999999986,472
PB,45,2027-11-07,92,23,29,38,58,151.25,243.10000000000014,326,421.1999999999989
PB,46,2027-11-14,91,21,29,38,57,143,223,304,409.1499999999992
PB,47,2027-11-21,88,22,28,36,55,143,221,293.0999999999999,381.0749999999996
PB,48,2027-11-28,85,21,27,35,53,137,216,284.2499999999998,383.02499999999986
PB,49,2027-12-05,82,21,26,33,51,137,208.10000000000014,280.04999999999995,388.0749999999996
PB,50,2027-12-12,87,20,25,33,52.75,135.25,210.20000000000027,271,361.1499999999992
PB,51,2027-12-19,86,21,27,35,55,138,213.10000000000014,281,394.3999999999978
PB,52,2027-12-26,88,21,28,36,56,142.25,223.10000000000014,296.0999999999999,369.02499999999986
PE,1,2027-01-03,219,47,61,81,130,380.25,634.1000000000001,859.2999999999997,1170.1249999999993
PE,2,2027-01-10,233,47.975,61.95,82.9,135,393,660,907.0999999999999,1241.899999999995
PE,3,2027-01-17,246,54,65,92,144,411.25,685.6000000000008,990.1499999999999,1269.0999999999995
PE,4,2027-01-24,264,56.975,77.95,100.9,162,439.25,748.2000000000003,1097.7999999999993,1675.5999999999967
PE,5,2027-01-31,302,65,86,112,176,490.25,831.1000000000001,1245.1,1575.0749999999996
PE,6,2027-02-07,334.5,70.97500000000001,96,126,200.75,574.25,969.3000000000004,1364,1839.899999999995
PE,7,2027-02-14,379.5,83,110,144.9,230,625.5,1062.1000000000001,1459.05,2061.6499999999965
PE,8,2027-02-21,426.5,96,122.9,162.9,259,738.25,1224,1733.1,2408.149999999999
PE,9,2027-02-28,467,107.975,139.95,181.9,285,773.5,1381.3000000000004,1904.4999999999995,2576.574999999997
PE,10,2027-03-07,519.5,113.975,145,195,301.75,852,1434.800000000001,2074.1499999999996,2638.549999999997
PE,11,2027-03-14,571.5,124,152,201.9,330.75,960,1524.6000000000008,2125.05,3027.1249999999936
PE,12,2027-03-21,576.5,153.89999999999998,185,226.9,355.75,1000.75,1670.400000000002,2514.1499999999996,3271.0249999999996
PE,13,2027-03-28,631,150,180.95,243,388,1054.5,1747.2000000000003,2402.1499999999996,3286.0999999999995
PE,14,2027-04-04,651.5,165.95000000000002,207,256.9,407,1079.25,1878.2000000000003,2539.5,3531.424999999992
PE,15,2027-04-11,695.5,174.97500000000002,220.89999999999998,278.9,424.75,1177.25,1941.1000000000001,2738.999999999998,3569.899999999995
PE,16,2027-04-18,742.5,183.95,229,301.9,449.75,1267.25,2051.500000000001,2981.649999999999,3855.249999999998
PE,17,2027-04-25,747.5,175,225.95,294,464.75,1263,2106.600000000001,2952.1499999999996,3964.2999999999984
PE,18,2027-05-02,759.5,170.97500000000002,224.95,307.8,480,1257.25,2040.700000000001,2768.0499999999993,3555.0749999999994
PE,19,2027-05-09,773.5,167,227.95,306.90000000000003,462.75,1274.25,2117.4000000000005,2881.649999999999,3768.149999999999
PE,20,2027-05-16,786.5,185.975,241.95,311,482.75,1307,2136.600000000001,2931.1000000000004,4019.1499999999987
PE,21,2027-05-23,789.5,180,226.95000000000002,299.9,468,1273.5,2082.600000000001,2895.35,4109.299999999993
PE,22,2027-05-30,718,169,215.95,281,430,1202.5,2003.2000000000003,2743.4999999999986,3692.749999999996
PE,23,2027-06-06,694,160.975,214.90000000000003,268.9,428,1153.25,1990.1000000000001,2991.15,3866.199999999999
PE,24,2027-06-13,666.5,148,188.89999999999998,259.8,398.75,1082.5,1851.3000000000004,2667.25,3523.1249999999936
PE,25,2027-06-20,621.5,140.95,177,231,374,1072.25,1882.3000000000004,2475.7,3531.0749999999994
PE,26,2027-06-27,578.5,129.975,161.95,221.9,350,1009,1720.1000000000001,2380.5499999999993,3458.474999999992
PE,27,2027-07-04,554,130,163.95,209,325.75,965,1663.1000000000001,2239,3115.3499999999976
PE,28,2027-07-11,509,106.97500000000001,140,188.9,301,866.25,1475.2000000000003,2086.2,2807.449999999997
PE,29,2027-07-18,480.5,108,134.90000000000003,174.9,277.75,850,1517,2164.149999999999,3093.624999999991
PE,30,2027-07-25,451,93,125.95,167,266,772.75,1388.9000000000012,2071.1499999999996,2963.0999999999995
PE,31,2027-08-01,436,94.95000000000002,120.95,162.9,259.75,762.5,1297.2000000000003,1765.3999999999996,2461.374999999998
PE,32,2027-08-08,412.5,84.94999999999999,106,148,247,714.75,1262.1000000000001,1777.1999999999998,2482.87499999999
PE,33,2027-08-15,386,79,108,144,223.75,689,1168.800000000001,1703.5499999999995,2318.2249999999985
PE,34,2027-08-22,382.5,82.97500000000001,103,141,223,654.25,1110.4000000000005,1491.3499999999997,2084.2749999999987
PE,35,2027-08-29,350,77,95,126.80000000000001,207.75,626.25,1081.1000000000001,1554.3999999999996,2100.649999999991
PE,36,2027-09-05,350.5,70.97500000000001,90.95,125.9,208,614.25,1053,1415.4999999999995,2133.424999999998
PE,37,2027-09-12,330.5,64,85,115,193,593.25,1035.5000000000007,1446.2999999999988,1964.7749999999958
PE,38,2027-09-19,323,66,85,117,183,540.25,966.4000000000005,1356.05,1933.2499999999986
PE,39,2027-09-26,314,64,84,110,180,554,956.1000000000001,1318.1999999999998,1711.899999999995
PE,40,2027-10-03,299.5,57,76,105,174,527.25,934.1000000000001,1394.4499999999996,1902.0749999999941
PE,41,2027-10-10,288,56,73,102,163,490,876.5000000000007,1263.2999999999988,1720.1499999999992
PE,42,2027-10-17,272,51,69,95.9,161,484.25,812.2000000000003,1144.05,1630.2499999999986
PE,43,2027-10-24,266,57,72,96,158,462,803.1000000000001,1177.3499999999997,1584.0249999999999
PE,44,2027-10-31,255,56,68.95,90.9,148,429,707.5000000000007,1058.1,1507.3999999999978
PE,45,2027-11-07,250,52,67,88,145,425,746.1000000000001,1081.05,1459.0499999999997
PE,46,2027-11-14,248,49.975,63,85,140,429,726.1000000000001,1032,1485.2499999999986
PE,47,2027-11-21,227.5,49,63,88,138,406,687.2000000000003,1065.7499999999993,1594.374999999998
PE,48,2027-11-28,231.5,48.975,65.95,84,132,394.5,653.8000000000011,945.05,1325.2249999999988
PE,49,2027-12-05,215,48,62,79,132,374,640.2000000000003,913.1499999999999,1306.174999999999
PE,50,2027-12-12,212.5,43.975,59,76.9,123,366,619.3000000000004,842,1248.0749999999996
PE,51,2027-12-19,209.5,49,63.95,80,125,366,608.0000000000014,834.1999999999998,1118.0249999999999
PE,52,2027-12-26,213,45,58,78,123,357,603.1000000000001,914.1499999999999,1307.2499999999986
PI,1,2027-01-03,40,8,11,15,25,65,102,140.0999999999999,178
PI,2,2027-01-10,49,11,14,19,31,81,127,170,219
PI,3,2027-01-17,64,14,19,25.900000000000006,39,103,160,215,262.02499999999986
PI,4,2027-01-24,79,19.975,25,31,49,125,204.10000000000014,268,320.02499999999986
PI,5,2027-01-31,94,24,30,38.900000000000006,60,152,232,316.0999999999999,413.0749999999996
PI,6,2027-02-07,118.5,27,36,48,75.75,188,292,395.1999999999998,511.1249999999993
PI,7,2027-02-14,137.5,37,46,60,88,217.25,327.10000000000014,437,588.0249999999999
PI,8,2027-02-21,162,40,52,67,101,253,402.10000000000014,528.1499999999999,691.0499999999997
PI,9,2027-02-28,184,52.975,63,77,116,297,455,602,795.0249999999999
PI,10,2027-03-07,216,57.975,72,91,138.75,347.25,530,710.0999999999999,919.1249999999993
PI,11,2027-03-14,248,69,87.95,109,162,379.25,575.1000000000001,747.1499999999999,954.174999999999
PI,12,2027-03-21,284,83,100,125,183,436,650,922.05,1156.0249999999999
PI,13,2027-03-28,314,85,109,135,202,487,746.1000000000001,959.05,1202.1249999999993
PI,14,2027-04-04,346,95,119.9,151.9,224,532,802.1000000000001,1037.2999999999997,1378.1499999999992
PI,15,2027-04-11,361,104,126.95,162,233,570,869,1121.1,1484.2249999999988
PI,16,2027-04-18,383.5,103,131,165,248.75,584,873.4000000000005,1142.1,1492.2499999999932
PI,17,2027-04-25,394.5,111.975,138,172.9,255,608,938.1000000000001,1207.05,1498.2749999999985
PI,18,2027-05-02,399,108,133.95,170,260,616,909.3000000000004,1219.4499999999996,1654.1499999999992
PI,19,2027-05-09,388,114,139,172.9,249,622.25,934.1000000000001,1210.1499999999999,1488.0749999999996
PI,20,2027-05-16,377,104.975,127.95,169.9,248.75,591,890,1189.05,1421.0749999999996
PI,21,2027-05-23,349.5,102,126,159,228,535.25,821.2000000000003,1088.05,1350.6499999999965
PI,22,2027-05-30,323,89,112.95,140,210.75,487,749.3000000000004,923.4499999999996,1227.174999999999
PI,23,2027-06-06,284.5,77,98.95,120,180,438,687.1000000000001,882.4999999999995,1139.0249999999999
PI,24,2027-06-13,256,70,86.95,108.9,164,391,572,728.0999999999999,980.0249999999999
PI,25,2027-06-20,219,62.975,75,98,146,344,503.40000000000055,671.0999999999999,855.2249999999988
PI,26,2027-06-27,191,53,63.95,82,120,291.25,437.10000000000014,579,754.1499999999992
PI,27,2027-07-04,168,46,59,73.9,108,262,401.10000000000014,515.0999999999999,690
PI,28,2027-07-11,142,38.975,48.95,61.900000000000006,93,229,337,431.0999999999999,523.0749999999996
PI,29,2027-07-18,130,35.975,45,57,83,207.25,313,404.0999999999999,502.0749999999996
PI,30,2027-07-25,117,29.975,37,48,74,178.25,279.10000000000014,362,465.1499999999992
PI,31,2027-08-01,105.5,26,33.95,43,66,168,268,339.0999999999999,448.2749999999985
PI,32,2027-08-08,91,24,30,40,58,147,230.10000000000014,322.1999999999998,421.0749999999996
PI,33,2027-08-15,82,20,25.950000000000003,32,51,133,204,267.0999999999999,364.1999999999989
PI,34,2027-08-22,67,18,22,27,42,111,177.10000000000014,244.0999999999999,327.09999999999945
PI,35,2027-08-29,59,14.975000000000001,18,24,37,97,151.10000000000014,198,257
PI,36,2027-09-05,50,13,16,20,30,79.25,123,175,213.02499999999986
PI,37,2027-09-12,41,10,12,17,25,67,108,143.0999999999999,193.04999999999973
PI,38,2027-09-19,34,8,10,13,21,58,93,121,161
PI,39,2027-09-26,31,7,9,12,19,50,80.10000000000014,108.04999999999995,134.02499999999986
PI,40,2027-10-03,27,5,7,10,16,45,72,96.04999999999995,121
PI,41,2027-10-10,24,4,6,8,14,39,64,86.04999999999995,107.02499999999986
PI,42,2027-10-17,22,4,5,8,13,36,63,81,105.04999999999973
PI,43,2027-10-24,21,4,5,7,13,36,58,76,92
PI,44,2027-10-31,20,3,5,7,12,36,58,75.04999999999995,100
PI,45,2027-11-07,21,3,5,7,12,35,57,79,102
PI,46,2027-11-14,21,3,5,7,12,35,57,79,112.02499999999986
PI,47,2027-11-21,21.5,4,5,7,12,37,58,82,112.02499999999986
PI,48,2027-11-28,22,4,6,8,13,38,64,87,116
PI,49,2027-12-05,24,4,6,8,14,40,65,91,113.02499999999986
PI,50,2027-12-12,25,5,7,9,15,43,69.10000000000014,93.04999999999995,128.02499999999986
PI,51,2027-12-19,29,5,7,10,16,48,77,99,134.02499999999986
PI,52,2027-12-26,32,6,8,11,19,54,90,121,160
PR,1,2027-01-03,850.5,120,161.8,236.9,437.75,1844,3869.1,5980.649999999999,10054.42499999997
PR,2,2027-01-10,1040,138,192.8,266,491.75,2193,4810.3,7577.799999999999,12226.499999999975
PR,3,2027-01-17,1257,165.97500000000002,224.75,322.70000000000005,609,2584.25,5357.900000000002,8333.9,13738.274999999967
PR,4,2027-01-24,1455,192.95,272,381.70000000000005,709.75,3198.5,6952.4000000000005,11681.35,16985.024999999994
PR,5,2027-01-31,1812,238,321.95,447.9,859,4036,8817.100000000002,13438.249999999984,20634
PR,6,2027-02-07,2106.5,284,389.90000000000003,576.9,1036.5,4688.75,9642.900000000001,14995.349999999995,23905.124999999967
PR,7,2027-02-14,2483.5,329.97499999999997,460.95,661.9000000000001,1199.75,5282.25,10044.000000000005,19211.19999999999,30764.49999999994
PR,8,2027-02-21,2900.5,392.75000000000006,536,726.8000000000001,1405.25,6039.25,13955.000000000005,21778.649999999983,35610.449999999975
PR,9,2027-02-28,3262.5,410,577.8,894.7,1593.75,7063,14585.3,25468.449999999983,43255.949999999764
PR,10,2027-03-07,3740.5,510.75,682.75,967.5,1770.5,7989.5,16132.700000000006,28095.45,43878.649999999805
PR,11,2027-03-14,3984,557.9,725.9000000000001,1064.5,1990.25,8650.5,19536.500000000004,32517.199999999993,52963.44999999996
PR,12,2027-03-21,4420.5,615.925,848.85,1141.8000000000002,2249.75,9269.75,20710.900000000023,34799.9,51620.07499999987
PR,13,2027-03-28,4840.5,648.9749999999999,850.9,1217,2306.25,10405,22012,34620.049999999996,53362.5249999998
PR,14,2027-04-04,5003.5,666.6750000000001,905.9,1317.4,2363.75,10019.25,21927.70000000001,34405.399999999994,63116.100000000006
PR,15,2027-04-11,4974,630.975,956.85,1395.8,2480,10566.5,21970.000000000007,36191.95,57523.52499999994
PR,16,2027-04-18,4756.5,686.575,889,1209.7,2317.25,10334.25,22207.000000000015,35057.85,54838.04999999993
PR,17,2027-04-25,4426.5,591,799.95,1166.3999999999999,2288.75,9789,19490.70000000001,34431.049999999996,50706.27499999983
PR,18,2027-05-02,3846,489.825,712.9000000000001,977.5,1914.25,8056.5,18924.300000000003,29551.3,46529.2749999999
PR,19,2027-05-09,3343,419.825,568.5500000000001,872,1565.5,7165.25,15102.300000000008,26277.949999999997,40095.29999999966
PR,20,2027-05-16,2592,362.975,485.95000000000005,726,1294,5634,11803.4,20462.949999999997,31109.64999999999
PR,21,2027-05-23,2049.5,266.95,384.95,550.8000000000001,1053.75,4659.25,10349.2,16373.199999999999,26252.47499999998
PR,22,2027-05-30,1588.5,194.97500000000002,279.95,409.8,776,3364.25,7401.600000000004,12490.199999999999,19098.649999999947
PR,23,2027-06-06,1202.5,162.97500000000002,220.89999999999998,330,594.75,2514.5,5204.800000000014,8719.349999999999,12464.899999999989
PR,24,2027-06-13,905,135.95,184,256.8,446,1930.25,4084.300000000002,6733.899999999998,11139.424999999976
PR,25,2027-06-20,697,99.975,133.95,191.8,360,1498,3362.600000000001,5029.349999999997,8537.374999999975
PR,26,2027-06-27,570.5,76.975,100,141.9,277,1202.5,2404.4000000000005,4144.25,7273.749999999991
PR,27,2027-07-04,444.5,55.975,81,118,217.75,917.5,1975.5000000000007,3046.6999999999994,5028.574999999997
PR,28,2027-07-11,350,43.975,59,88,169.75,740.75,1539.1000000000001,2599.299999999999,3930.4499999999757
PR,29,2027-07-18,293,37,51.95,71,129.75,602.25,1308.3000000000018,2093.4999999999986,3118.599999999986
PR,30,2027-07-25,234,31,45,63,115,489,1030.800000000001,1696.7999999999993,2781.075
PR,31,2027-08-01,215,29,38,53,98,436.5,903.4000000000005,1566.05,2764.374999999998
PR,32,2027-08-08,189,25,34,48,90,403.25,824.8000000000011,1332.8999999999992,1987.2249999999988
PR,33,2027-08-15,171,23,30,45,83,368,779.9000000000012,1297.05,2089
PR,34,2027-08-22,167,22,29.950000000000003,43,79,355.25,742,1280,2070.2749999999987
PR,35,2027-08-29,166,22.975,29.950000000000003,43,82,340,741.1000000000001,1126.7999999999993,1814.7749999999958
PR,36,2027-09-05,171,20.975,29,43,81,353.25,761.3000000000004,1181.4999999999995,2227.124999999999
PR,37,2027-09-12,177.5,21,29,43,81.75,398.5,804.3000000000004,1371.2499999999989,2247.9249999999947
PR,38,2027-09-19,192,23,34,49,96,382,863,1481.2999999999997,2321.649999999997
PR,39,2027-09-26,221,28.975,39,56,107,473,947.3000000000004,1620.05,2853.399999999987
PR,40,2027-10-03,246,30,41,62,115,540,1148.2000000000003,1920.149999999999,2881.82499999999
PR,41,2027-10-10,276,33,46,71,138,610.25,1425.1000000000029,2416.3999999999987,3745.9499999999894
PR,42,2027-10-17,328.5,44.975,59,83.9,161,699.5,1615.800000000001,2971.9499999999994,4941.0999999999995
PR,43,2027-10-24,362,45,65,99,175,792.25,1770.1000000000001,3151.25,5397.174999999999
PR,44,2027-10-31,396,55.975,72,103.9,192,887.5,2087.0000000000014,3504.0999999999995,5419.699999999992
PR,45,2027-11-07,478.5,59.975,77.95,109.9,216.75,1037,2221.4000000000005,3557.7999999999993,6494.224999999982
PR,46,2027-11-14,496.5,62,86.95,127,243,1075.25,2482.2000000000016,4171.75,6917.399999999998
PR,47,2027-11-21,566.5,74,97.95,142.9,272.5,1207.75,2600.1000000000004,4357.049999999999,6872.949999999979
PR,48,2027-11-28,604.5,77.95,105.95,156,291,1414,2924.200000000003,4842.149999999997,8442.074999999963
PR,49,2027-12-05,634,80.975,114.95,162.9,305.75,1382.25,3145.2,5765.699999999999,9278.449999999997
PR,50,2027-12-12,660.5,83.975,121.95,176,322,1508.5,3196.7000000000007,5125.749999999999,9816.52499999999
PR,51,2027-12-19,720.5,91,128,183,337,1598.75,3512.400000000004,5875.249999999998,10423.099999999935
PR,52,2027-12-26,826,101,141,201.9,374.5,1786.75,3736.900000000004,6343.45,10059.94999999999
RJ,1,2027-01-03,276,13.975000000000001,23,37.900000000000006,99,732,1687.2000000000003,2914.849999999998,4609.474999999998
RJ,2,2027-01-10,318,13.975000000000001,26,48,123,797.25,2029.0000000000014,3285.2,5416.549999999991
RJ,3,2027-01-17,352.5,18,29,49,134.75,945,2180.4000000000005,3887.25,6559.5249999999805
RJ,4,2027-01-24,427,20.975,33,58,155,1089.25,2559.4000000000033,4443.65,6683.799999999974
RJ,5,2027-01-31,458,21,39,66,173,1246,2825.1,4727.649999999997,7741.999999999984
RJ,6,2027-02-07,527.5,22,43,77,196.75,1371,3251.9000000000037,5771,9334.324999999988
RJ,7,2027-02-14,567,26,45,83,215,1586,3906.3,6253.599999999992,11121.22499999996
RJ,8,2027-02-21,622.5,32.975,56,92,237.75,1669.75,3884.300000000002,6472.999999999996,10085.524999999987
RJ,9,2027-02-28,693,29,52.95,101.9,250.75,1769,3999.7000000000025,7329.749999999999,11837.124999999967
RJ,10,2027-03-07,694.5,31.975,55.95,102,270,1715,4724.200000000004,7954.2999999999975,13236.574999999992
RJ,11,2027-03-14,740,29,57.95,106,274,1850.25,4478,7762.549999999998,12337.374999999955
RJ,12,2027-03-21,741,32,59.95,101,268.75,1955,4608.000000000004,7745.399999999999,12062.099999999966
RJ,13,2027-03-28,757.5,35.95,65.9,109,269.75,1947.5,4527.800000000001,7612.999999999999,13009.924999999977
RJ,14,2027-04-04,751,34,57,110.9,280.75,2009.25,5002.700000000001,8148.0499999999975,12454.674999999981
RJ,15,2027-04-11,719.5,32,64.95,117.9,288,1941,4917.600000000006,8342.6,12381.024999999983
RJ,16,2027-04-18,710,36,61,110,285,1806.5,4306.000000000001,7655.949999999997,11417.999999999995
RJ,17,2027-04-25,704.5,34,55.95,100,254,1856,4298.800000000001,7283.2999999999975,10668.649999999996
RJ,18,2027-05-02,661.5,32,53,98,240,1662.25,3999.500000000003,6845.399999999992,11383.84999999999
RJ,19,2027-05-09,610.5,31.975,54.95,92.9,231,1598,3659.7000000000025,6272.949999999999,9882.474999999991
RJ,20,2027-05-16,564.5,28.975,48,83.9,195.75,1488.75,3682,6202.449999999999,10409.125
RJ,21,2027-05-23,500.5,21,42.95,71,195.75,1280.25,2971.2000000000007,5413.4,9214.474999999986
RJ,22,2027-05-30,425.5,18,32,61,158.75,1172.25,2781.2,4802.149999999997,8717.074999999993
RJ,23,2027-06-06,388.5,15,29,52,140,1000.25,2254.800000000001,4022.799999999993,6290.374999999982
RJ,24,2027-06-13,339.5,15,24.950000000000003,48,120,881.5,2036.5000000000007,3485.949999999999,5748.8749999999845
RJ,25,2027-06-20,283.5,12,22.950000000000003,41,102,753.25,1759.5000000000007,2983.1000000000004,4717.299999999998
RJ,26,2027-06-27,252,9,17,33,91,630.25,1556.7000000000023,2818.4999999999995,4660.049999999994
RJ,27,2027-07-04,206,9,18,30,76,533,1248.700000000001,2082.1,3303.249999999993
RJ,28,2027-07-11,184.5,8,14.950000000000003,26.900000000000006,67,477.25,1196.1000000000001,2067.999999999998,3217.2999999999984
RJ,29,2027-07-18,165.5,8,13,24,60.75,429.5,1026.1000000000001,1753.05,3153.249999999993
RJ,30,2027-07-25,146,6,12,20.900000000000006,54,369.25,852,1408.2499999999998,2426.299999999993
RJ,31,2027-08-01,123,6,11,20,46,327.75,821.2000000000003,1335.5499999999986,2071.349999999998
RJ,32,2027-08-08,121,5,10,18,43,317,723.3000000000004,1194.1499999999999,1807.174999999999
RJ,33,2027-08-15,108,4,8,14,38.75,276,633,1043.1,1779.2249999999988
RJ,34,2027-08-22,99,4,8,15,37,247.25,576,1025.9499999999991,1658.3249999999982
RJ,35,2027-08-29,95,4,7,14,34,246,576.4000000000005,1029.1,1732.4249999999977
RJ,36,2027-09-05,90,4,7,13,34,233.25,524.4000000000005,1003.7999999999993,1686.0749999999996
RJ,37,2027-09-12,85,3,6.950000000000003,12,33,216.5,547.700000000001,950.2499999999998,1440.6999999999962
RJ,38,2027-09-19,86,3,6,12,33,225,570.2000000000003,912.3499999999997,1514.8499999999954
RJ,39,2027-09-26,88,4,7.950000000000003,13,34,234,525.2000000000003,951.099999999999,1424.0499999999943
RJ,40,2027-10-03,95,3,7,13,32.75,247,547.4000000000005,990.1999999999998,1625.9499999999948
RJ,41,2027-10-10,101,4,9,17,40,266.25,655.2000000000003,1140.05,1973.6999999999907
RJ,42,2027-10-17,115,5,9,16,42.75,275.25,653.0000000000014,1172.1499999999999,1970.174999999999
RJ,43,2027-10-24,119,5,10,18,48,301,708.6000000000008,1247.6999999999994,2251.0749999999994
RJ,44,2027-10-31,125.5,6,10.950000000000003,20,49,308.25,722.1000000000001,1269.3999999999996,2487
RJ,45,2027-11-07,133.5,6,10,18.900000000000006,52,351,835.5000000000007,1595.2499999999998,2465.2999999999984
RJ,46,2027-11-14,149,6,12,24,56,375,898.4000000000019,1603,3223.674999999991
RJ,47,2027-11-21,156,7,12,21,59,386,994.2000000000003,1740.9499999999991,3069.424999999998
RJ,48,2027-11-28,168,8,14,24,67,428,1018,1896.1499999999999,3262.324999999993
RJ,49,2027-12-05,181,9,15,29,72,441.5,1139.1000000000001,2180.7999999999993,3240.4749999999917
RJ,50,2027-12-12,198,9,15,30,79,490.25,1236.4000000000005,2214.05,3945.824999999979
RJ,51,2027-12-19,221,9,16,33,85,580,1373.1000000000015,2479.1000000000004,4062.524999999997
RJ,52,2027-12-26,255,11,21,40,95,615.5,1383.1000000000001,2755.45,4612.924999999973
RN,1,2027-01-03,96.5,13.975000000000001,20,28,50,182.25,322,515.0999999999999,768.174999999999
RN,2,2027-01-10,103.5,16,22,31,55,192,383,576,828.0999999999995
RN,3,2027-01-17,128,18,24,36,66,241.25,457.10000000000014,642.3499999999997,957.0249999999999
RN,4,2027-01-24,150.5,23,33,47,80,282.25,509.5000000000007,747.2499999999998,985.6249999999966
RN,5,2027-01-31,176,25.975,34.95,53,96,334.5,608.2000000000003,893.2499999999998,1246.174999999999
RN,6,2027-02-07,206,30.975,45,62,110,389.25,732.1000000000001,1138.05,1615.7999999999956
RN,7,2027-02-14,239,35.975,48.95,71,125,443,812.4000000000005,1214.2499999999998,1719.6999999999962
RN,8,2027-02-21,266,44.975,62.95,84,149,501.75,918.6000000000008,1400.2999999999997,1976.0499999999997
RN,9,2027-02-28,323,51,71,99,171,577,1075.1000000000001,1603.0499999999981,2471.3499999999926
RN,10,2027-03-07,337.5,55.95,77,110,190,631.25,1119,1680.3499999999997,2525.1249999999995
RN,11,2027-03-14,370.5,56.975,81,117,204,682.25,1178.3000000000004,1661.8999999999992,2536.0249999999996
RN,12,2027-03-21,376,63,83,119,201,683.5,1276.1000000000001,1825.3499999999997,2658.524999999997
RN,13,2027-03-28,383,70,91.95,128,221,716,1363.1000000000001,1886.05,2755.0999999999995
RN,14,2027-04-04,405,63,88,122,222.75,731.25,1296.3000000000004,1989.2499999999998,2786.149999999999
RN,15,2027-04-11,414.5,66,88.95,129,235,762,1391.1000000000001,2057.7999999999993,2992.1749999999993
RN,16,2027-04-18,431,61,86.9,133,236,823.25,1429.2000000000003,2207.7499999999995,2985.1249999999995
RN,17,2027-04-25,425,71.975,98,141,236,805,1356.1000000000015,1959,2954.149999999999
RN,18,2027-05-02,428,72.975,99.95,138,241,801.25,1500.800000000001,2236.3999999999996,3363.2749999999983
RN,19,2027-05-09,419,64.975,96,134,238,813.25,1475.3000000000004,2090,2805.7249999999963
RN,20,2027-05-16,441.5,70,98,135.9,237,795,1373.2000000000003,2108.45,2955.199999999999
RN,21,2027-05-23,423,66,90,134.9,236,769.5,1430.6000000000008,2179.5499999999997,2835.2999999999984
RN,22,2027-05-30,413,73,93.95,127,220,762.25,1395.5000000000007,1874.3499999999997,2776.2249999999985
RN,23,2027-06-06,385,63.975,86.95,117.80000000000001,212,733.25,1289.4000000000005,1962.049999999999,2795.5499999999915
RN,24,2027-06-13,370,67,86,119,203.75,687,1253.6000000000008,1741.5499999999995,2542
RN,25,2027-06-20,337.5,62,84.95,114.9,196,638,1109.2000000000003,1664.6999999999994,2354.0249999999996
RN,26,2027-06-27,344,58.975,76,104,184,620.25,1090.2000000000003,1600.6999999999994,2329.249999999993
RN,27,2027-07-04,321,55.975,74.95,103,182,581.75,1046.3000000000004,1475.2499999999998,2048.8249999999953
RN,28,2027-07-11,301,54,74,101.9,173,555.25,980.4000000000005,1394.7999999999993,1942.6999999999907
RN,29,2027-07-18,277,47,59,88,157,519.5,914.700000000001,1370.1,1962.0999999999995
RN,30,2027-07-25,279,50,66,89,150,502.25,886.3000000000004,1271.1499999999999,1853.1499999999992
RN,31,2027-08-01,262,43.975,58,87,147,486,870.700000000001,1219.3499999999997,1715.174999999999
RN,32,2027-08-08,235,39,53,74,130,415,731.5000000000007,1117.7499999999993,1643.4499999999975
RN,33,2027-08-15,224.5,36.975,50.95,69,120.75,399.25,677.2000000000003,1013.1499999999999,1492
RN,34,2027-08-22,203,33,43,60.900000000000006,109,374,682.2000000000003,1019.0999999999999,1479.2999999999984
RN,35,2027-08-29,178.5,29,44,59,100,340,600.1000000000001,913.4999999999995,1265.649999999991
RN,36,2027-09-05,169,27.975,37,53,91.75,313,575,834.1999999999998,1242.5999999999967
RN,37,2027-09-12,155.5,27,34,50,87,280,499,728.2499999999998,1091.1499999999992
RN,38,2027-09-19,146,20,28,44,77,259,468.40000000000055,689.0999999999999,991.2749999999985
RN,39,2027-09-26,134,23,31,43,73,243,429,647,905.174999999999
RN,40,2027-10-03,128,20,29,40,68.75,234.25,420.10000000000014,609,911.0249999999999
RN,41,2027-10-10,124,20.975,27.950000000000003,39,68,224,402,571.05,834.0499999999997
RN,42,2027-10-17,117,16.975,23,34,64,213.5,374.3000000000004,498.1999999999998,653.2499999999986
RN,43,2027-10-24,107,16,23,32,58,197,340.10000000000014,491,694.0249999999999
RN,44,2027-10-31,98.5,16,22,31,54,185.25,350,485.14999999999986,708.3999999999978
RN,45,2027-11-07,93.5,15,19,29,51,177,320.10000000000014,451,592.174999999999
RN,46,2027-11-14,89,14.975000000000001,19,28,50,165,305.2000000000003,425.0999999999999,601.0499999999997
RN,47,2027-11-21,87,13,18,27,46,160,275,406,578.0249999999999
RN,48,2027-11-28,84,12,17,26,45,159,288,415.0999999999999,609.174999999999
RN,49,2027-12-05,82,12,17,25,46,149.25,269.10000000000014,402,561.0749999999996
RN,50,2027-12-12,81,12,18,25,45,153,269.10000000000014,379.0999999999999,521.174999999999
RN,51,2027-12-19,81.5,12,18.950000000000003,26,46,155.25,262,393.14999999999986,535.0749999999996
RN,52,2027-12-26,92,13,20,27.900000000000006,50,169,300,432.0999999999999,600.374999999998
RO,1,2027-01-03,84,14,18,26,47,151,274,403.2999999999997,549.1499999999992
RO,2,2027-01-10,103,15,22,32,56,186,315.10000000000014,437.1999999999998,594.0999999999995
RO,3,2027-01-17,109,16.975,24,34,58,197.25,341.6000000000008,523.05,774.4249999999977
RO,4,2027-01-24,119,18,26.950000000000003,36,63,224,386,556.05,828.0499999999997
RO,5,2027-01-31,134.5,21,28,40,71,237,425.2000000000003,622.05,900
RO,6,2027-02-07,134.5,24,30,42,75.75,252.25,426.10000000000014,637.2499999999998,910.0249999999999
RO,7,2027-02-14,143,22.975,31,45,78.75,260,456,660.2999999999997,1008.0749999999996
RO,8,2027-02-21,147,22,30.950000000000003,45,80,268,456.2000000000003,624.05,936.1499999999992
RO,9,2027-02-28,142.5,23,31,44,78.75,265.25,501.10000000000014,729.0999999999999,1014.0749999999996
RO,10,2027-03-07,142,21,27,41,74,261,450.40000000000055,672.0999999999999,1002.1999999999989
RO,11,2027-03-14,126,18,26,40,71,236,429,627.2499999999998,866.0749999999941
RO,12,2027-03-21,123,19,26,36,66,215,379,561,799.0749999999996
RO,13,2027-03-28,109,17.975,25,34.900000000000006,60,200,365,543.05,738
RO,14,2027-04-04,100,15,22,32,55.75,191,333.3000000000004,498.2999999999997,668.0999999999995
RO,15,2027-04-11,90,14,20,28,51,174,313,441.04999999999995,634.0999999999995
RO,16,2027-04-18,90,13,18,26,49,162,283,419.2499999999998,610.1249999999993
RO,17,2027-04-25,76,12,16.950000000000003,24,42,146,271,375.04999999999995,553.1249999999993
RO,18,2027-05-02,73,11,16,23,41,131,236,331,434.1249999999993
RO,19,2027-05-09,67,10,14,22,36,122,214,316.2499999999998,478.0499999999997
RO,20,2027-05-16,63,10,13,18,32,116,197,313.2499999999998,418.09999999999945
RO,21,2027-05-23,56,8,11,16.900000000000006,31,103,180.10000000000014,260.0999999999999,392.02499999999986
RO,22,2027-05-30,51,8,11,15,28,93,167.10000000000014,242.14999999999986,353.2249999999988
RO,23,2027-06-06,46,7,10,14,25,86,158,228.04999999999995,338.0499999999997
RO,24,2027-06-13,44,6,9,13,24,81,140,210.0999999999999,292.1249999999993
RO,25,2027-06-20,41,6,8,12,22,77,134.10000000000014,192,261.2249999999988
RO,26,2027-06-27,38,6,8,12,21,68,124,178.0999999999999,265
RO,27,2027-07-04,34,5,7,10,18,63,105.10000000000014,146.04999999999995,227.12499999999932
RO,28,2027-07-11,31,4,6,9,16,57,101.10000000000014,146.04999999999995,219.0749999999996
RO,29,2027-07-18,27,3.9750000000000014,5,8,15,51,92,128.04999999999995,193.0749999999996
RO,30,2027-07-25,25,4,5,7,14,47,81,120,170.04999999999973
RO,31,2027-08-01,21,3,5,7,12,40.25,75.10000000000014,112.04999999999995,146
RO,32,2027-08-08,20,2,4,5,10,38,67,97,132
RO,33,2027-08-15,18,2,3,5,9,33,60,81,116
RO,34,2027-08-22,16,2,3,4,8,30,55,77.04999999999995,109.04999999999973
RO,35,2027-08-29,15,2,3,4,8,27,49,67.09999999999991,100
RO,36,2027-09-05,14,1,2,4,7,27,47,69.09999999999991,93.07499999999959
RO,37,2027-09-12,14,1,2,4,7,26,45,68.04999999999995,96
RO,38,2027-09-19,14,1,2,4,8,26,47,64.04999999999995,98.02499999999986
RO,39,2027-09-26,15,2,3,4,8,27,48,69.04999999999995,98.02499999999986
RO,40,2027-10-03,15,1,3,4,8,30,53.100000000000136,79,114.04999999999973
RO,41,2027-10-10,18,2,4,6,10,34,60,89,129.0749999999996
RO,42,2027-10-17,21,2,3,5,10,38,66.10000000000014,95,140
RO,43,2027-10-24,23,3,4,6.900000000000006,12,44,77,107,153.04999999999973
RO,44,2027-10-31,27,3,5,7,14,49,87.10000000000014,126.04999999999995,188.02499999999986
RO,45,2027-11-07,31,4,6,9,16,56,97.10000000000014,133.04999999999995,195.04999999999973
RO,46,2027-11-14,35,5,7,10,19,63,112,167,226.09999999999945
RO,47,2027-11-21,41,6,10,13,22,74,128.10000000000014,203,278.0749999999996
RO,48,2027-11-28,45,7,10,14,24,82,146,224.04999999999995,317.0499999999997
RO,49,2027-12-05,52,8,12,17,28,94,172.10000000000014,236.04999999999995,312.0499999999997
RO,50,2027-12-12,58,9,13,17,31,108,188.10000000000014,263.0999999999999,375.09999999999945
RO,51,2027-12-19,63,10,14,20,35,117,218.10000000000014,305.14999999999986,451.0749999999996
RO,52,2027-12-26,74,11,16,23,40,135,233,344,509.1249999999993
RR,1,2027-01-03,3,0,0,0,1,7,16,27.049999999999955,38
RR,2,2027-01-10,3,0,0,0,1,7,15,23.049999999999955,41.024999999999864
RR,3,2027-01-17,3,0,0,0,1,7,16,27,40
RR,4,2027-01-24,3,0,0,0,1,8,17,29.049999999999955,45
RR,5,2027-01-31,3,0,0,0,1,8,18,29,42
RR,6,2027-02-07,3,0,0,0,1,8,18,27,42.024999999999864
RR,7,2027-02-14,3,0,0,0,1,9,18,30.049999999999955,44.024999999999864
RR,8,2027-02-21,3,0,0,0,1,8,18,29,46
RR,9,2027-02-28,4,0,0,0,1,9,18.100000000000136,29,45.024999999999864
RR,10,2027-03-07,3,0,0,0,1,9,20,34,47
RR,11,2027-03-14,3,0,0,0,1,9,20.100000000000136,33,51
RR,12,2027-03-21,4,0,0,0,1,9,21,34,50
RR,13,2027-03-28,3,0,0,0,1,9,21,34.049999999999955,49.024999999999864
RR,14,2027-04-04,3,0,0,0,1,9,23,36.049999999999955,62.04999999999973
RR,15,2027-04-11,4,0,0,0,1,10,21.100000000000136,34,50.024999999999864
RR,16,2027-04-18,4,0,0,0,1,10,22,36,56
RR,17,2027-04-25,4,0,0,0,1,11,24,37,54.04999999999973
RR,18,2027-05-02,4,0,0,0,1,10,23,38,55
RR,19,2027-05-09,5,0,0,0,1,11,24.100000000000136,40,59.024999999999864
RR,20,2027-05-16,4,0,0,0,1,12,26,41,64.04999999999973
RR,21,2027-05-23,4,0,0,0,1,12.25,29,47,67.04999999999973
RR,22,2027-05-30,5,0,0,0,1,12.25,27.100000000000136,44,67.02499999999986
RR,23,2027-06-06,5,0,0,0,2,13,27,40.049999999999955,63.024999999999864
RR,24,2027-06-13,5,0,0,0,2,13,28.100000000000136,46,76
RR,25,2027-06-20,5,0,0,0,2,13,28,46,75.04999999999973
RR,26,2027-06-27,5,0,0,0,2,13,31,48,77.02499999999986
RR,27,2027-07-04,5,0,0,0,2,13,28,45,71.02499999999986
RR,28,2027-07-11,5,0,0,0,2,13,28,48,67.02499999999986
RR,29,2027-07-18,5,0,0,0,2,13,28,46,77
RR,30,2027-07-25,5,0,0,0,2,13,29,47.049999999999955,74
RR,31,2027-08-01,5,0,0,0,2,14,30,47,73.02499999999986
RR,32,2027-08-08,5,0,0,0,2,14,31,48,72
RR,33,2027-08-15,5,0,0,0,2,13.25,31,52.049999999999955,76
RR,34,2027-08-22,5,0,0,0,2,14,30.100000000000136,53,79.02499999999986
RR,35,2027-08-29,5,0,0,0,2,14,32,50,78.02499999999986
RR,36,2027-09-05,5,0,0,0,2,14,29,44,67.02499999999986
RR,37,2027-09-12,5,0,0,0,1,13,28,43.049999999999955,59
RR,38,2027-09-19,5,0,0,0,2,12,27,41,66.02499999999986
RR,39,2027-09-26,5,0,0,0,2,12,28,42,66.02499999999986
RR,40,2027-10-03,5,0,0,0,1,12,26,41,63
RR,41,2027-10-10,4,0,0,0,1,10,24,38,52.04999999999973
RR,42,2027-10-17,4,0,0,0,1,10,23,40,61.024999999999864
RR,43,2027-10-24,4,0,0,0,1,10,23,39,57
RR,44,2027-10-31,4,0,0,0,1,10,22,34,49.04999999999973
RR,45,2027-11-07,4,0,0,0,1,10,22,35,54.024999999999864
RR,46,2027-11-14,3,0,0,0,1,9,20,34,45
RR,47,2027-11-21,3,0,0,0,1,9,19,30,47
RR,48,2027-11-28,3,0,0,0,1,9,21,34,51
RR,49,2027-12-05,3,0,0,0,1,8,19,31,45
RR,50,2027-12-12,3,0,0,0,1,8,17,29,48
RR,51,2027-12-19,3,0,0,0,1,8,18,29,47.024999999999864
RR,52,2027-12-26,3,0,0,0,1,8,17.100000000000136,30,42.024999999999864
RS,1,2027-01-03,63,6,8,13,28,167,451.10000000000014,805.1499999999999,1660.5999999999858
RS,2,2027-01-10,67,6,9,14,29,185,496,994.5499999999995,1804.1499999999883
RS,3,2027-01-17,72.5,6,9,16,33,194,557.2000000000003,1053.8999999999992,1892.0499999999997
RS,4,2027-01-24,95,9,12,19,38,240.5,645.2000000000003,1243.099999999999,2315.2749999999983
RS,5,2027-01-31,109,9.975000000000001,14,22,48,273,773.6000000000008,1642.3999999999996,3080.4999999999973
RS,6,2027-02-07,142,13,20,31,62,373.25,1171.4000000000005,2009.1499999999999,3691.649999999991
RS,7,2027-02-14,184.5,18,26,39,80,481.25,1322.2000000000003,2510.699999999998,4793.6499999999905
RS,8,2027-02-21,259,22,32,53,108.75,651.75,1849.5000000000007,3467.5499999999984,6522.399999999998
RS,9,2027-02-28,362,34,48,74,143.75,892.25,2423.4000000000005,4709.399999999998,9778.824999999973
RS,10,2027-03-07,466.5,45.975,64,94.9,200.5,1184.5,3285.7000000000007,6362.299999999998,13592.874999999984
RS,11,2027-03-14,629,59,82.95,126,261,1566.25,4482.500000000004,7423.199999999999,14208.199999999928
RS,12,2027-03-21,758,63,113,169.9,329,1966,5269.800000000001,9374.449999999988,17716.974999999984
RS,13,2027-03-28,989,91.95,125.95,194.9,388.75,2606.75,7343.200000000004,13487.699999999992,26587.649999999783
RS,14,2027-04-04,1138.5,101.875,146.95000000000002,232.9,461.75,2910.75,8402.000000000005,15308.449999999984,28172.899999999885
RS,15,2027-04-11,1170.5,109,163.95,231.8,502.75,3140.25,9432.400000000001,16745.85,29109.624999999956
RS,16,2027-04-18,1267,104,164,246,553,3329.75,9066.000000000005,17695.449999999997,33660.87499999999
RS,17,2027-04-25,1181.5,104.94999999999999,149.9,230,486,3208.5,9164.700000000006,19175.949999999993,37729.324999999946
RS,18,2027-05-02,1034,96,134,197,427.75,2854.25,9118.2,15958.699999999995,33891.59999999988
RS,19,2027-05-09,837,66.97500000000001,93.95,156.9,334.5,2206.5,6566.500000000001,13227.999999999996,24922.899999999925
RS,20,2027-05-16,635.5,48,70,111.9,251,1708,5043.900000000003,10093.649999999998,17818.34999999996
RS,21,2027-05-23,426.5,37,56,85,190,1233.25,3756.3000000000043,7133.249999999999,13598.87499999993
RS,22,2027-05-30,315,25.975,39,57.900000000000006,121,876.25,2524.800000000001,4959.449999999993,11425.374999999944
RS,23,2027-06-06,221.5,20,29,42,92,647.5,1907.7000000000023,3959.399999999997,8888.62499999999
RS,24,2027-06-13,158.5,12,19,31,62,446.5,1392.1000000000001,2760.7999999999975,5295.374999999998
RS,25,2027-06-20,114.5,8.975000000000001,13,20.900000000000006,47,334.25,1007.3000000000004,2228.3499999999995,4304.274999999999
RS,26,2027-06-27,84,6,10,15,34,250,758.8000000000011,1560.1,2940.474999999965
RS,27,2027-07-04,63.5,5,8,12,26,176.25,537.2000000000003,1256.4499999999987,2503.0249999999996
RS,28,2027-07-11,50.5,4,6,9,21,138.5,418.10000000000014,875.5999999999985,1726.5999999999858
RS,29,2027-07-18,36,3,5,7,15,105,320.3000000000004,719.4499999999996,1293.3999999999978
RS,30,2027-07-25,31,2,4,6,13,90,296,646.1999999999998,1204.3999999999924
RS,31,2027-08-01,25,1.9750000000000014,3,5,10.75,72.25,227.10000000000014,544.0999999999999,1020.174999999999
RS,32,2027-08-08,21,1,2,4,9,62,186.10000000000014,357.1999999999998,711.9749999999947
RS,33,2027-08-15,19,1,2,4,8,53.25,150,309.2499999999998,512.1999999999989
RS,34,2027-08-22,18,1,2,3,7,55,147.10000000000014,290.0999999999999,659.174999999999
RS,35,2027-08-29,17,1,2,3,7,45,145,280.0999999999999,491.1499999999992
RS,36,2027-09-05,17,1,2,3,7,48,129,265,539.0499999999997
RS,37,2027-09-12,17,1,2,3,8,48,147,286.2999999999997,572.549999999997
RS,38,2027-09-19,19,1,2,3,8,52,151.20000000000027,303.4499999999996,639.3249999999982
RS,39,2027-09-26,20,1,2,4,8,53,154,323,592.6999999999962
RS,40,2027-10-03,21,1,2,4,9,59,162.10000000000014,305.04999999999995,660
RS,41,2027-10-10,22,1.9750000000000014,3,4,10,63,190.20000000000027,416.3499999999997,895.1499999999937
RS,42,2027-10-17,25,2,3,5,10,69,197.10000000000014,379.0999999999999,710.0999999999995
RS,43,2027-10-24,28,2,3,5,12,77,242.20000000000027,510.39999999999964,991.0999999999995
RS,44,2027-10-31,30,3,4,6,13,77.25,220.10000000000014,471.49999999999955,972.6249999999966
RS,45,2027-11-07,33,3,4,7,13,91,257.10000000000014,466,985.174999999999
RS,46,2027-11-14,36,3,5,7,15,102.25,296.10000000000014,604.5499999999995,1226.5749999999969
RS,47,2027-11-21,39,4,5,8,17,106.25,314.10000000000014,659.2499999999998,1239.2999999999984
RS,48,2027-11-28,46,4,5.950000000000003,9,19,115,370.2000000000003,787.0999999999999,1293.174999999999
RS,49,2027-12-05,48,4,6,10,21,140,424.2000000000003,781.05,1593.1999999999935
RS,50,2027-12-12,51,5,7,11,22,145.25,405.6000000000008,829.149999999999,1522.6249999999857
RS,51,2027-12-19,55,5,7,12,24,151,428,871.1999999999998,2070.999999999989
RS,52,2027-12-26,58,5,7,12,26,166,469.10000000000014,982,1864.6749999999963
SC,1,2027-01-03,125,11,16,24,52,352,1058.4000000000005,2352.449999999998,5108.449999999982
SC,2,2027-01-10,135,11.975000000000001,17,27,56,378.5,1086,2232.5999999999985,5619.449999999997
SC,3,2027-01-17,151,14,19,28,60,397.25,1223.6000000000008,2671.4999999999986,5594.624999999969
SC,4,2027-01-24,170,13,20,35,74,472,1308.6000000000008,2984.2999999999993,7809.549999999976
SC,5,2027-01-31,194,18,24,39,83.75,538.25,1527.7000000000037,3816.5499999999993,8181.549999999992
SC,6,2027-02-07,232,22,31.950000000000003,47,95.75,660.25,1857.2000000000003,4769.299999999996,11966.924999999994
SC,7,2027-02-14,305.5,31,40,58,123,814.25,2377.4000000000005,4885.249999999996,14315.324999999939
SC,8,2027-02-21,381,31,44,71,155,1018.25,3240.300000000002,6409.699999999995,15600.749999999985
SC,9,2027-02-28,472,38,60,91.9,184,1298.25,4310.800000000001,9816.399999999996,20054.69999999979
SC,10,2027-03-07,625,49.975,71.95,120.9,252.75,1671.5,5107.000000000012,11286.149999999996,24738.824999999728
SC,11,2027-03-14,744.5,66.97500000000001,95.95,148,313,2204,6625.500000000002,14564.999999999993,35673.624999999905
SC,12,2027-03-21,991,90.95000000000002,128,192,403.75,2732,7938.800000000002,18461.55,48458.59999999971
SC,13,2027-03-28,1188,102.97500000000001,142.95000000000002,233,490.75,3241,9039.200000000004,19597.399999999998,54939.4999999998
SC,14,2027-04-04,1394.5,115,166.95000000000002,267,549.75,3782.25,11599.800000000003,25012.649999999983,56285.09999999989
SC,15,2027-04-11,1618,126,197.85000000000002,302.80000000000007,651.75,4608.75,13210.400000000009,26640.249999999996,66442.12499999981
SC,16,2027-04-18,1647,155.975,212.95,317.8,659,4517,14129.70000000004,34617.5,75449.5749999993
SC,17,2027-04-25,1758,144.95,218.95000000000002,319.9,688.75,4527.5,13323.199999999999,30525.149999999965,80503.22499999948
SC,18,2027-05-02,1587,128.975,196.89999999999998,290,617.75,4378.25,13979.800000000036,36997.74999999999,77566.34999999996
SC,19,2027-05-09,1383.5,123.975,169,263,557.75,3904,12425.4,32756.19999999998,72344.22499999846
SC,20,2027-05-16,1174,101,139.85000000000002,216.9,464,3282.25,10122.500000000015,23781.799999999996,71325.74999999977
SC,21,2027-05-23,920.5,78.95000000000002,105.95,163.9,363.75,2542,7645.500000000005,16365.8,50775.124999999854
SC,22,2027-05-30,719,52.95,79,122,272,2030.5,7320.900000000005,15632.749999999949,41746.37499999993
SC,23,2027-06-06,548.5,41,59.95,94,213.75,1518,5104.700000000003,13294.649999999998,30657.124999999844
SC,24,2027-06-13,411,31,46.95,77.9,163,1114.25,3619.0000000000055,8860.699999999999,21730.77499999998
SC,25,2027-06-20,298,22,34,51.900000000000006,114,906,2783.8000000000025,6520.699999999999,13530.124999999918
SC,26,2027-06-27,225,17,26,39.900000000000006,93,685.25,2050.3000000000047,4847.9,11076.774999999947
SC,27,2027-07-04,172.5,13.975000000000001,19,30.900000000000006,68,502.25,1663.2000000000016,3811.9999999999973,9612.39999999997
SC,28,2027-07-11,124,9,13,23,51,353.25,1097.1000000000001,2728.949999999999,7284.574999999932
SC,29,2027-07-18,96,8,11,17,39,275,782.2000000000003,1667.1499999999971,4600.74999999998
SC,30,2027-07-25,76,5,8,13,29,205,646.3000000000004,1465.149999999999,3463.1499999999987
SC,31,2027-08-01,58,4,6,11,23,167,488.9000000000012,1160.2499999999998,2658.524999999997
SC,32,2027-08-08,49,3,5,9,19,138,442,1101.5499999999995,2408
SC,33,2027-08-15,44,3,4,7,17,121,367,833.5499999999995,2083.1749999999993
SC,34,2027-08-22,39,3,4,7,14.75,106,326.10000000000014,829.0999999999999,1980.0499999999834
SC,35,2027-08-29,39,2,4,7,15,108,317,682,1781.5999999999967
SC,36,2027-09-05,34.5,2,4,6,14,99,324.3000000000004,746,1625.1499999999992
SC,37,2027-09-12,36,3,4,6,14,103,338.2000000000003,681.4499999999987,1773.5499999999915
SC,38,2027-09-19,38,2,4,6,15,111,331.3000000000004,704.9499999999991,1385.0749999999996
SC,39,2027-09-26,39,2,4,7,16,117,330.10000000000014,740.2999999999997,1587
SC,40,2027-10-03,40,3,4,7,17,108.25,351.10000000000014,753.5499999999995,1431.5749999999805
SC,41,2027-10-10,48,3,5,8,18,125,366.10000000000014,824.3499999999997,1772.0249999999944
SC,42,2027-10-17,51,4,6,10,20,146,452.10000000000014,922.7499999999993,1957.5249999999971
SC,43,2027-10-24,56,4,6,10,22,163,528.1000000000001,1043.3499999999997,2237
SC,44,2027-10-31,61,5,7,12,25,175,509,1054.05,2189.05
SC,45,2027-11-07,67,5,8,13,27,183.25,591.8000000000011,1269.099999999998,2792.9249999999947
SC,46,2027-11-14,76,6,8,14,32,196.25,597,1307.4999999999986,3217.124999999972
SC,47,2027-11-21,81,7,9,15,33.75,229,642.3000000000004,1498.2999999999997,3387.824999999985
SC,48,2027-11-28,92,6.975000000000001,10,16,36,241,729.0000000000014,1600.2499999999998,3179.69999999998
SC,49,2027-12-05,97,8,12,19,41,276.25,889.2000000000003,1654.3999999999996,2867.3499999999976
SC,50,2027-12-12,114,8,12,21,43,305,945.5000000000007,2101.449999999999,3987.199999999999
SC,51,2027-12-19,116,10,14,22,48,343.25,994.4000000000019,2238.6999999999994,4580.174999999972
SC,52,2027-12-26,116,10,14,22,49,332.5,1078,2219.099999999999,5087.249999999998
SE,1,2027-01-03,13,0,1,1.9000000000000057,5,32,72,118,185
SE,2,2027-01-10,13,0,1,2,5,34,70.10000000000014,111.04999999999995,176.02499999999986
SE,3,2027-01-17,13,0,1,1,4,32,75,124.09999999999991,191.02499999999986
SE,4,2027-01-24,13,0,1,2,5,32,75,127,203.02499999999986
SE,5,2027-01-31,13,0,1,2,5,35,76,138,213.02499999999986
SE,6,2027-02-07,15,0,1,2,5,38,83.10000000000014,146.04999999999995,231.02499999999986
SE,7,2027-02-14,15,0,1,2,6,37,81.10000000000014,138,211.1999999999989
SE,8,2027-02-21,17,0,1,2,6,39.25,93,149.0999999999999,224.1999999999989
SE,9,2027-02-28,17,0,1,2,6,42,102,161,266.0749999999996
SE,10,2027-03-07,17,0,1,2,7,46,102,159.0999999999999,262.0749999999996
SE,11,2027-03-14,19,0,1,2.9000000000000057,7,48,109.10000000000014,185.24999999999977,308.0749999999996
SE,12,2027-03-21,21,0,1,3,8,53,112,184.04999999999995,262.1499999999992
SE,13,2027-03-28,22,1,1,3,8,56,128.10000000000014,201.14999999999986,314.1249999999993
SE,14,2027-04-04,22,0,1,3,8,57,127.10000000000014,215,339.0749999999996
SE,15,2027-04-11,25,1,2,4,10,59.25,140.10000000000014,239.04999999999995,359.02499999999986
SE,16,2027-04-18,26,1,2,4,10,63,140.10000000000014,233,372.02499999999986
SE,17,2027-04-25,27,1,2,4,10,67,154.10000000000014,258.0999999999999,370
SE,18,2027-05-02,30,1,2,4,12,74,163,277.0999999999999,446.2249999999988
SE,19,2027-05-09,34,1,2,4,12,86,185,296,480.17499999999905
SE,20,2027-05-16,36,1,3,5,13,88,204,356.0999999999999,491.0499999999997
SE,21,2027-05-23,37,1,2,5,14,99.25,207.10000000000014,349.04999999999995,552.0749999999996
SE,22,2027-05-30,41,1,3,6,16,99,228.10000000000014,335.04999999999995,539.1499999999992
SE,23,2027-06-06,42.5,2,4,7,16,104,239.10000000000014,389.2999999999997,663
SE,24,2027-06-13,43,2,3,6,17,116,265.10000000000014,420.04999999999995,677.0999999999995
SE,25,2027-06-20,46,2,3,7,17,120.25,284,466.0999999999999,659.374999999998
SE,26,2027-06-27,49,2,3,7,18,131,276.10000000000014,450.3499999999997,681.0999999999995
SE,27,2027-07-04,47,2,3,7,18,126.25,277.10000000000014,462,692.4249999999977
SE,28,2027-07-11,50,2,3.950000000000003,8,19,127.25,292,462.14999999999986,732.0249999999999
SE,29,2027-07-18,48,2,4,7,18,127.25,273.10000000000014,446,697.0499999999997
SE,30,2027-07-25,48,2,4,7,17,121.25,248,413.2499999999998,652.0499999999997
SE,31,2027-08-01,44,1,3,6,16,110,232,370.04999999999995,575.0499999999997
SE,32,2027-08-08,40,1.9750000000000014,3,6,16,106,247,372.2999999999997,633.0749999999996
SE,33,2027-08-15,38,1,3,5,14,96,207.10000000000014,342.0999999999999,506.1499999999992
SE,34,2027-08-22,36,1,2,4,14,93.25,204.10000000000014,325.04999999999995,476.09999999999945
SE,35,2027-08-29,34,1,2,5,12,86,190.40000000000055,308.14999999999986,473.1249999999993
SE,36,2027-09-05,30,1,2,4,11,77,170.10000000000014,271.1999999999998,409.02499999999986
SE,37,2027-09-12,29,1,2,4,11,73.25,160.10000000000014,257.14999999999986,452.0499999999997
SE,38,2027-09-19,28,0,1,3,10,68.25,152,266.0999999999999,370
SE,39,2027-09-26,26,1,2,4,10,65,152.20000000000027,261.04999999999995,429.02499999999986
SE,40,2027-10-03,25,1,2,4,10,62,142.20000000000027,238.0999999999999,399.0749999999996
SE,41,2027-10-10,26,1,2,3,10,63.25,144.10000000000014,240,363.17499999999905
SE,42,2027-10-17,26,1,2,3,10,60,134.10000000000014,225.0999999999999,350.1499999999992
SE,43,2027-10-24,24,1,2,3,10,63,144,238.0999999999999,367.17499999999905
SE,44,2027-10-31,25,1,2,3,10,62,138,212.04999999999995,351.0749999999996
SE,45,2027-11-07,24,1,2,3,10,58,135.10000000000014,226.29999999999973,355.24999999999864
SE,46,2027-11-14,24,1,2,3,9,61,130.10000000000014,214.04999999999995,317.09999999999945
SE,47,2027-11-21,22,0,1,3,9,54,127,214.0999999999999,311
SE,48,2027-11-28,20,0,1,3,8,48.25,117,183.04999999999995,306.02499999999986
SE,49,2027-12-05,19,0,1,3,7,42,94,150.0999999999999,260.17499999999905
SE,50,2027-12-12,16,0,1,2,6,39,94.10000000000014,154,266.02499999999986
SE,51,2027-12-19,15,0,1,2,6,36,81,127.04999999999995,192
SE,52,2027-12-26,14,0,1,2,5,33,75,118.04999999999995,178.09999999999945
SP,1,2027-01-03,3877.5,1196.925,1416.85,1711.9,2397.5,6478,11734,17802.149999999994,28919.899999999823
SP,2,2027-01-10,4622,1416,1680.95,2093.3,3011.25,7768.5,13271.600000000002,19743.699999999993,30300.174999999967
SP,3,2027-01-17,5637.5,1606.95,2030.6,2518.8,3698,9403.75,17404.5,25657.15,36596.22499999993
SP,4,2027-01-24,6821,2090.7999999999997,2474.5499999999997,3025.7999999999997,4340.25,11167.5,19787.00000000006,28698.949999999975,39910.82499999998
SP,5,2027-01-31,7954,2466.45,2960.9,3483.7000000000003,5067.75,13662,24298.800000000014,36548.79999999999,50235.62499999999
SP,6,2027-02-07,9489,2907.925,3528.9,4205.9,6071.75,15830.75,27438.700000000048,42773.149999999936,63473.59999999996
SP,7,2027-02-14,10577.5,3184.725,3823.4500000000003,4737.3,6850.25,17316.75,30361.400000000023,44370.84999999999,63413.24999999984
SP,8,2027-02-21,12154.5,3576.65,4372.0999999999995,5348.9,7675,19745.25,35420.500000000015,52773.55,79850.675
SP,9,2027-02-28,13160.5,4156.15,4950.5,6003.3,8590.75,21215.5,36922.20000000002,56405.199999999975,85452.27499999995
SP,10,2027-03-07,14503.5,4498.65,5561.6,6763.6,9612.75,24838.25,43394.80000000004,62881.94999999999,94907.72499999998
SP,11,2027-03-14,15744.5,5067.975,5887.5,7134.0999999999995,10426.5,26195.25,47995.90000000002,69030.90000000001,97588.99999999994
SP,12,2027-03-21,17608,5371.5,6615.3,8024.1,11425,28791,49586.80000000002,71523.04999999999,113078.52499999982
SP,13,2027-03-28,18055.5,6071.4000000000005,6923.95,8346.1,11764,28982,50375.399999999994,73627.09999999998,116013.54999999993
SP,14,2027-04-04,19306.5,6257.375,7130.9,8858.699999999999,12332,30800.5,52873.500000000015,75761.4499999999,119537.44999999998
SP,15,2027-04-11,19845,6349.825,7357.35,8920.5,12648.25,31854.75,55632.8,89042.84999999999,127894.87499999962
SP,16,2027-04-18,19172.5,6566.6,7447.7,9051.5,12571.25,30982.5,54683.30000000005,83046.85,130799.19999999988
SP,17,2027-04-25,18060,5801,6825.75,8472.3,12090.5,29626.75,51861.200000000055,71456.74999999997,109986.77499999963
SP,18,2027-05-02,16791,5490.9749999999995,6506.1500000000005,7878.9,11303,27794.25,48665.100000000006,66407.2,106139.57499999997
SP,19,2027-05-09,14850.5,4477,5395.85,6814.4,9806.25,24110.25,40011.60000000003,63694.549999999974,91119.34999999957
SP,20,2027-05-16,12368,3939.95,4690.85,5831.9000000000005,8293.25,20005,34738.80000000001,49658.74999999999,76366.49999999985
SP,21,2027-05-23,9883,3062.975,3720.8,4512.700000000001,6451.75,16180.5,27271.40000000001,40274.29999999999,57390.62499999994
SP,22,2027-05-30,7980,2517.7749999999996,2980.95,3583.9,5092.25,12929.75,21263.500000000022,30736.849999999995,46923.99999999999
SP,23,2027-06-06,6082.5,2015.825,2293,2783.9,3970.75,10282,17081.200000000004,25108.299999999996,33752.04999999999
SP,24,2027-06-13,4696,1601.925,1807.7,2157.7000000000003,3019.25,7649.25,13590.300000000003,21144.449999999997,31389.64999999997
SP,25,2027-06-20,3672.5,1170.825,1430.95,1697.8999999999999,2421,6030.25,9844.3,14760.699999999999,23425.724999999988
SP,26,2027-06-27,2952.5,921.875,1115.8500000000001,1353.8999999999999,1897.25,4932,8403.100000000006,12377.749999999998,18578.399999999998
SP,27,2027-07-04,2324,773.75,875.9000000000001,1074.7,1498.75,3834.75,6573.4000000000115,9577.499999999998,14618.199999999999
SP,28,2027-07-11,1916,600.8249999999999,733,883,1247,3118,5256,7670.049999999999,11717.449999999993
SP,29,2027-07-18,1596,490.975,586.9,729.6999999999999,1006.5,2664.5,4691.000000000001,6662.7,8533.649999999969
SP,30,2027-07-25,1356.5,413.925,502,618.9000000000001,879.25,2250.75,3948.000000000002,6113.399999999998,8533.899999999974
SP,31,2027-08-01,1167,381,439.95,532,767.75,1918.25,3366.2000000000016,4915.5999999999985,7456.6249999999745
SP,32,2027-08-08,1066,318.97499999999997,400.95,485.70000000000005,693.75,1767,3017.7000000000025,4695.25,6304.2249999999985
SP,33,2027-08-15,1009.5,328.95000000000005,374.95000000000005,455.9,647.75,1656.5,2987.2000000000007,4437.799999999998,5907.624999999996
SP,34,2027-08-22,956.5,299,352,428,609,1589,2842.3000000000015,4222.8499999999995,6030.574999999992
SP,35,2027-08-29,965,307.95,360,435.9,617.75,1546.5,2647.2000000000007,3941.399999999998,5634.824999999984
SP,36,2027-09-05,971.5,296.95000000000005,355,434,620.5,1599,2814,4367.4,6313
SP,37,2027-09-12,1014.5,327,375,463,663,1712.25,3055.3000000000006,4436.25,6654.2999999999975
SP,38,2027-09-19,1075,321,391.9,485,701,1769.75,3270.2000000000016,4726.649999999998,7097.874999999995
SP,39,2027-09-26,1133.5,359.975,424.95,522.9000000000001,748,1939.25,3307.1000000000013,4871.3499999999995,7787.149999999977
SP,40,2027-10-03,1214,393.97499999999997,458.95000000000005,550.7,776,2138.25,3896.3,5634.3499999999995,7402.974999999995
SP,41,2027-10-10,1366.5,422.92499999999995,498,610.8000000000001,877.5,2231.25,3970.1000000000004,5925,8868.2
SP,42,2027-10-17,1429.5,466.8,554,659.9,926.75,2405,4194.200000000002,6231.699999999997,9026.249999999987
SP,43,2027-10-24,1521,482,565.9000000000001,734.9000000000001,1021.5,2587.5,4532.400000000003,6744.7999999999965,9800.999999999978
SP,44,2027-10-31,1658,530.9499999999999,617,725,1037.75,2730,4562.4000000000015,6858.199999999998,10096.249999999993
SP,45,2027-11-07,1718.5,548,643.9499999999999,803,1108,2897.25,5109.900000000002,7667.149999999999,11090.424999999992
SP,46,2027-11-14,1859,629.95,748,871,1208.75,3169.5,5675.900000000005,8414.099999999999,12097.824999999984
SP,47,2027-11-21,2016.5,630.9000000000001,753,922.9000000000001,1286.75,3390.25,6038.600000000002,9054.9,12980.274999999989
SP,48,2027-11-28,2207,659,765.95,983.9,1412.75,3493.75,6095.60000000001,9455.449999999999,13752.49999999996
SP,49,2027-12-05,2318,753.9250000000001,895.85,1073.3,1506.75,3954.75,6702.7000000000035,9903.749999999998,16206.524999999947
SP,50,2027-12-12,2535.5,801.9250000000001,937.9499999999999,1145.8,1633.25,4228.75,7693.300000000006,12200.5,16444.87499999999
SP,51,2027-12-19,2800.5,834,1027.8999999999999,1281.8,1799.75,4768.25,8236.400000000001,11867.199999999986,19329.32499999998
SP,52,2027-12-26,3234.5,978.9499999999999,1204.95,1457.7,2088.75,5576.25,9789.800000000003,14564.599999999997,20411.725
TO,1,2027-01-03,115,21,28,39.900000000000006,66.75,193.25,331.10000000000014,489.04999999999995,644.2999999999984
TO,2,2027-01-10,132.5,26,34,46,79,236.25,419.10000000000014,563,723.0249999999999
TO,3,2027-01-17,157,29,40,53,88,272,438,610,781.0499999999997
TO,4,2027-01-24,172,31,42,61,101.75,307.25,538.2000000000003,733.3499999999997,934.8999999999951
TO,5,2027-01-31,196,36.975,48,69,113,328,556.2000000000003,784,1027.1249999999993
TO,6,2027-02-07,206,36.975,51,74,118,364,605.2000000000003,839.0999999999999,1082.4749999999974
TO,7,2027-02-14,220,43,54,74,123,373.25,632.1000000000001,900.5499999999995,1200.0749999999996
TO,8,2027-02-21,220.5,41,54.95,77,132,378.25,632.1000000000001,820.0999999999999,1121.1499999999992
TO,9,2027-02-28,226,47.975,59,79,130,386.25,628,863.1999999999998,1117.0249999999999
TO,10,2027-03-07,228,47,60,84,133,387.25,683.2000000000003,916.1499999999999,1156.2749999999985
TO,11,2027-03-14,223,45.95,58.95,83,130,388.25,639.1000000000001,900.05,1162.1499999999992
TO,12,2027-03-21,230,42.975,59,77,132,403.25,677.1000000000001,898.8999999999992,1185.2499999999986
TO,13,2027-03-28,230,47.975,62,83,136,400.25,679.2000000000003,922.2499999999998,1294.0749999999996
TO,14,2027-04-04,233,44,58,82,134,395,678.1000000000001,981.3499999999997,1293.1249999999993
TO,15,2027-04-11,236,46,62,87,143,408,690.2000000000003,902.1499999999999,1262.2499999999986
TO,16,2027-04-18,231.5,43,60,83,132,412,692.1000000000001,960.1999999999998,1224.4499999999975
TO,17,2027-04-25,231,40.975,55,80,132,397.5,661.3000000000004,904.05,1179.174999999999
TO,18,2027-05-02,215,42.975,54.95,75,127,389,653.1000000000001,878,1260.6249999999966
TO,19,2027-05-09,206,36,51,69,119,353,606.1000000000001,838.1999999999998,1128.4749999999974
TO,20,2027-05-16,191,31.975,45.95,62,108,327.25,563.2000000000003,757.5999999999995,954.374999999998
TO,21,2027-05-23,162.5,29,39,57,97,294,539.1000000000001,745.1499999999999,940.0749999999996
TO,22,2027-05-30,146,27,36.95,51,84.75,249.25,416.2000000000003,579.05,781.0749999999996
TO,23,2027-06-06,120,21,29,42,70,214,359.3000000000004,497,628.1499999999992
TO,24,2027-06-13,100,17.975,26,35,59,173.25,280.2000000000003,394.0999999999999,547.2499999999986
TO,25,2027-06-20,80,15,19,27,46,138.25,231,325.04999999999995,468.02499999999986
TO,26,2027-06-27,67,12,17,24,39,119,200.10000000000014,282.04999999999995,365
TO,27,2027-07-04,58,11,15,19,33.75,102,167.10000000000014,227.04999999999995,304.02499999999986
TO,28,2027-07-11,49,9,11,16,28,83,144.10000000000014,201,271.1249999999993
TO,29,2027-07-18,43.5,8,11,15,25,74,123,172,227.04999999999973
TO,30,2027-07-25,39,7,10,13,23,70,120,168.04999999999995,207.04999999999973
TO,31,2027-08-01,39,6,8,12,22,67,112,150.04999999999995,201.02499999999986
TO,32,2027-08-08,36,6,8,11.900000000000006,20,62,101.10000000000014,138.0999999999999,190.0749999999996
TO,33,2027-08-15,33,5.975000000000001,7,10,18,55,98,137,178.04999999999973
TO,34,2027-08-22,29.5,5,7,10,17,52,90,127,174.02499999999986
TO,35,2027-08-29,29,4,6,9,16,51,88,118.09999999999991,154
TO,36,2027-09-05,26.5,4,6,8,15,47,79,113.04999999999995,150
TO,37,2027-09-12,26,4,5,8,14,45,77,104,132.02499999999986
TO,38,2027-09-19,25,3,5,8,13,43,72,100,132.02499999999986
TO,39,2027-09-26,25,3,5,8,13,43,69,96,124.09999999999945
TO,40,2027-10-03,25,4,6,8,14,43,75.10000000000014,109,143.02499999999986
TO,41,2027-10-10,26,4,6,9,15,45.25,73.10000000000014,95,125
TO,42,2027-10-17,30,5,7,10,17,52,87,123,165.04999999999973
TO,43,2027-10-24,35,6,8,11,19,62,98,135,181.0749999999996
TO,44,2027-10-31,40,7,9,14,24,68,112,153.04999999999995,202
TO,45,2027-11-07,48,8,11,16,27,82,139.10000000000014,186.0999999999999,243
TO,46,2027-11-14,56,10,14,20,32.75,98,156,225.04999999999995,305.0749999999996
TO,47,2027-11-21,68,13,16,23,38.75,120,198,271,376.02499999999986
TO,48,2027-11-28,80,14,20,28,45,138,230,314.04999999999995,455.02499999999986
TO,49,2027-12-05,86,15,21,29,48,153,243.10000000000014,338.14999999999986,457.0749999999996
TO,50,2027-12-12,92,18,22,31,52,154,259,369.0999999999999,508
TO,51,2027-12-19,97,18,24.950000000000003,34,55,169,281.10000000000014,386.04999999999995,519.0749999999996
TO,52,2027-12-26,104.5,20,26,35.900000000000006,60,183,303.10000000000014,433,611.0249999999999
BR,1,2027-01-03,17875.5,9919.575,10767.6,11814,14238.5,24049.75,35002.50000000001,49299.19999999997,68821.075
BR,2,2027-01-10,21158.5,11939.474999999999,12662.95,13881.800000000001,16795,28563,41151.7,56545.049999999996,86461.025
BR,3,2027-01-17,24886.5,14048.275,15409.5,16928.8,19738.75,34286.25,49008.600000000064,64635.29999999999,90480.47499999987
BR,4,2027-01-24,29402,16612,17672.2,19810.300000000003,23398.75,40130.5,57363.200000000026,79020.19999999998,112257.87499999971
BR,5,2027-01-31,34668.5,19291.375,20611.100000000002,22426.6,27089.5,46792.25,68989.20000000001,92481.29999999997,133228.07499999978
BR,6,2027-02-07,39532.5,22003.050000000003,23934.75,26492.6,31167.5,54763,79871.3,108759.04999999996,169355.8749999999
BR,7,2027-02-14,44000.5,24859.025,26656.5,29289.5,34713.5,60588.5,91573.10000000003,130903.49999999999,185190.27499999956
BR,8,2027-02-21,49571.5,27559.025,29983.95,32364,39074,68113.25,98519.70000000003,138509.09999999992,213033.44999999992
BR,9,2027-02-28,54282.5,29612.7,31943.8,35333.1,42278.75,74194.75,113521.60000000005,156127.84999999998,215353.12499999997
BR,10,2027-03-07,59549.5,32327.5,34800.350000000006,38087.1,45912.75,82406.75,118574.5,175291.19999999998,249332.42499999946
BR,11,2027-03-14,63839.5,34288.85,36398.850000000006,40330,49060.25,88390.25,129734.80000000003,181921.59999999998,287226.82499999943
BR,12,2027-03-21,67761,36752.3,39295.4,42988,52289.75,93530.5,142473,204749.29999999984,304179.7999999997
BR,13,2027-03-28,70616,37307.475,40873.049999999996,45372.2,54477.75,96954.25,155196.19999999998,212084.44999999998,356695.44999999984
BR,14,2027-04-04,73217.5,38942.6,42415.700000000004,46645.6,56581.5,102463,157010.6,225637.79999999996,345707.2499999998
BR,15,2027-04-11,74602.5,39724.075000000004,42086.55,46986.3,57279.5,105770.25,165957.50000000003,241381.39999999982,388820.09999999875
BR,16,2027-04-18,74774,38941.7,42505.25,47078.4,57028.5,105267.5,166310.60000000003,246342.15,384917.74999999866
BR,17,2027-04-25,69704.5,36792.8,40638.299999999996,44972.8,54192.5,99496.75,150254.90000000008,224216,348076.6249999985
BR,18,2027-05-02,65941,35208.825000000004,38116.5,42513.1,51222,93258.25,140082.70000000007,205269.99999999974,339068.72499999916
BR,19,2027-05-09,57945,31737.75,34392,37998.299999999996,46050.25,81977.75,131236.6,193196.64999999988,310808.0499999981
BR,20,2027-05-16,50470.5,27997.95,30217.4,33075.6,39466.25,71081.75,108826.2000000001,152196.05000000002,253722.05
BR,21,2027-05-23,42528,23478.8,25423.85,28128.199999999997,33393.75,57899.5,87232.40000000002,119578.59999999999,196136.54999999987
BR,22,2027-05-30,35420.5,19979.675,21472.75,23707.699999999997,28285.75,48300.5,72763.70000000001,97439.64999999997,162743.27499999953
BR,23,2027-06-06,29034,16597.5,17779.75,19553.9,23501.5,39105.25,58220.70000000007,86064.14999999998,130459.57499999963
BR,24,2027-06-13,24100.5,13947.8,14860.95,16218.599999999999,19298.25,31964.5,47781.6,65084.85,100072.59999999966
BR,25,2027-06-20,19757.5,11725.975,12551,13662.5,15934.5,25339.25,37140.9,53229.99999999994,80871.22499999998
BR,26,2027-06-27,16690,9903.475,10502.75,11523.5,13485,22094.75,31019.000000000015,43347.7,57874.29999999988
BR,27,2027-07-04,13807,8401.8,9064.3,9716.9,11324.5,17993.25,25710.4,35591.699999999975,55713.32499999997
BR,28,2027-07-11,11815.5,7169.5,7759,8439.5,9787.75,15279.25,21260.100000000002,27769.74999999999,42110.22499999999
BR,29,2027-07-18,10467,6286.5,6659.9000000000005,7295.7,8515.75,13350.5,18601.500000000007,24616.699999999993,35062.92499999995
BR,30,2027-07-25,9262.5,5563.95,6000.6,6545.7,7621,12043.5,16266.100000000006,20695.799999999996,29085.47499999997
BR,31,2027-08-01,8353,5107.75,5453.8,5906.200000000001,6903,10636.25,15028.7,18646.45,26048.949999999993
BR,32,2027-08-08,7586.5,4686.825000000001,5013.75,5400.9,6251,9728.75,13336.700000000008,17114.049999999996,24000.049999999985
BR,33,2027-08-15,7176.5,4359.75,4683.95,5053.7,5912.5,9184.5,12484.100000000006,15420.599999999991,20661.024999999976
BR,34,2027-08-22,6777.5,4125.9,4406.7,4759.8,5587.75,8779,11929.700000000003,14950.149999999998,19510.32499999999
BR,35,2027-08-29,6508,4030.725,4266.8499999999995,4578.8,5329,8220.5,11283.500000000007,14483.699999999999,20057.449999999997
BR,36,2027-09-05,6391,3884.85,4198.95,4522.9,5207.75,8282.25,11199.700000000006,14601.199999999997,19807.399999999943
BR,37,2027-09-12,6362,3832.9500000000003,4074.8999999999996,4422.9000000000005,5167,8259.5,11301.000000000004,14851.4,20370.274999999987
BR,38,2027-09-19,6346.5,3847.9750000000004,4146.75,4444.9000000000005,5208.75,8439,11854.300000000003,15591.899999999996,20559.59999999998
BR,39,2027-09-26,6623,3814.9,4098.9,4567.5,5348.75,8482.5,11945.4,15308.149999999996,20403.024999999972
BR,40,2027-10-03,6869,4006.425,4304.7,4726.799999999999,5554.75,8911.5,12689.4,16264.05,22678.674999999977
BR,41,2027-10-10,7027.5,4291.85,4526.8,4872.8,5628.5,9609.25,13990.300000000003,18797.35,25815.174999999985
BR,42,2027-10-17,7463.5,4369.875,4638.8499999999995,5033.8,5990,10129,14701.200000000003,18956.249999999996,25641.649999999998
BR,43,2027-10-24,7832.5,4522.9000000000005,4836.75,5256.700000000001,6229.5,10842.25,15572.000000000005,20526.3,28471.225
BR,44,2027-10-31,8318,4805.925,5182.55,5631.5,6644.75,11135.25,16377.800000000003,21367.949999999993,30627.699999999943
BR,45,2027-11-07,8886,5071.8499999999995,5446.65,5934.6,6999,12140.25,17784.900000000005,23779.499999999996,31104.374999999927
BR,46,2027-11-14,9578.5,5437.95,5935.55,6449.799999999999,7674.25,13231.25,18668.200000000015,26564.24999999998,38387.49999999999
BR,47,2027-11-21,10391.5,5803.75,6248.7,6834.4000000000005,8124,14112.25,20595.7,27197.049999999996,38849.974999999984
BR,48,2027-11-28,11086.5,6291.7,6740,7404.5999999999995,8824,14868.75,21654.6,29611.949999999997,38867.69999999994
BR,49,2027-12-05,11926,6764.6500000000005,7228.95,7863,9300,16102.75,23160.600000000006,30746.49999999999,42789.324999999786
BR,50,2027-12-12,12614.5,7079.825,7678.8,8448.199999999999,10096.5,17393.5,25765.100000000006,35311.04999999999,49237.42499999981
BR,51,2027-12-19,13648,7744.5,8286.6,9033.9,10774.5,18667.5,27853.900000000012,38629.3,49241.74999999989
BR,52,2027-12-26,15416.5,8843.875,9381.75,10335,12152.5,21178.75,30187.600000000042,43241.04999999999,55526.7
