uf,week,pred,lower_95,lower_90,lower_80,lower_50,upper_50,upper_80,upper_90,upper_95,date
AC,1,1,0,0,0,0,4,7,11,15,2025-10-05
AC,2,2,0,0,0,0,4,9,14,20,2025-10-12
AC,3,2,0,0,0,0,4,9,14,18,2025-10-19
AC,4,2,0,0,0,0,5,10,14,21,2025-10-26
AC,5,2,0,0,0,0,5,10,16,22.024999999999864,2025-11-02
AC,6,2,0,0,0,0,5,11,17,24,2025-11-09
AC,7,2,0,0,0,0,5,10,15,22,2025-11-16
AC,8,2,0,0,0,0,5,12,17,24.024999999999864,2025-11-23
AC,9,2,0,0,0,1,6,12,18,28,2025-11-30
AC,10,3,0,0,0,1,6,13,19,27,2025-12-07
AC,11,3,0,0,0,1,7,13.100000000000136,20,28,2025-12-14
AC,12,3,0,0,0,1,7,15,22,29,2025-12-21
AC,13,3,0,0,0,1,7,16,24,35.024999999999864,2025-12-28
AC,14,3,0,0,0,1,8,16,25,35,2026-01-04
AC,15,4,0,0,0,1,9,18,29,38.024999999999864,2026-01-11
AC,16,4,0,0,0,1,9,21,32,47.024999999999864,2026-01-18
AC,17,4,0,0,0,1,10,20,29,49,2026-01-25
AC,18,4,0,0,0,1,10,20,32.049999999999955,48.04999999999973,2026-02-01
AC,19,4,0,0,0,1,11,23,34,46.04999999999973,2026-02-08
AC,20,4,0,0,0,1,11,22,33,49.04999999999973,2026-02-15
AC,21,5,0,0,0,2,11,23,36.049999999999955,54,2026-02-22
AC,22,4,0,0,0,1,11,22,35.049999999999955,50,2026-03-01
AC,23,4,0,0,0,1,10,21,33,50.024999999999864,2026-03-08
AC,24,4,0,0,0,1,9,19,27,37,2026-03-15
AC,25,3,0,0,0,1,8,16.100000000000136,25,35,2026-03-22
AC,26,3,0,0,0,1,7,15,22,27.024999999999864,2026-03-29
AC,27,2,0,0,0,1,6,13,20,29,2026-04-05
AC,28,2,0,0,0,1,6,12,18,26.024999999999864,2026-04-12
AC,29,2,0,0,0,0,5,10,17,23,2026-04-19
AC,30,2,0,0,0,0,4,9,14,21,2026-04-26
AC,31,2,0,0,0,0,4,9,14,19,2026-05-03
AC,32,2,0,0,0,0,4,8,13,18,2026-05-10
AC,33,1,0,0,0,0,4,8,11.049999999999955,18,2026-05-17
AC,34,2,0,0,0,0,4,8,12,17.024999999999864,2026-05-24
AC,35,1,0,0,0,0,4,8,12,18,2026-05-31
AC,36,1,0,0,0,0,4,7,12,16,2026-06-07
AC,37,1,0,0,0,0,4,7,11,15,2026-06-14
AC,38,1,0,0,0,0,3,7,10,15,2026-06-21
AC,39,3,0,0,0,1,8,17,27,37,2026-06-28
AC,40,4,0,0,0,1,9,20,30,45,2026-07-05
AC,41,4,0,0,0,1,9,20,33,50.024999999999864,2026-07-12
AC,42,4,0,0,0,1,10,19,33,44.024999999999864,2026-07-19
AC,43,4,0,0,0,1,11,23,35,51,2026-07-26
AC,44,5,0,0,0,1,11,23,35,51,2026-08-02
AC,45,4,0,0,0,1,11,23,33,45.024999999999864,2026-08-09
AC,46,4,0,0,0,1,12,24,38,51.024999999999864,2026-08-16
AC,47,4,0,0,0,1,10,21,29,40.024999999999864,2026-08-23
AC,48,4,0,0,0,1,10,21,32,44,2026-08-30
AC,49,4,0,0,0,1,9,19,29.049999999999955,39,2026-09-06
AC,50,3,0,0,0,1,8,18,27,37,2026-09-13
AC,51,3,0,0,0,1,7,15,24,37,2026-09-20
AC,52,3,0,0,0,1,7,14,22,31,2026-09-27
AL,1,15,0,1,2,5,44,121,219.0999999999999,382.0499999999997,2025-10-05
AL,2,14,0,1,1,5,39,106,202,360.17499999999905,2025-10-12
AL,3,14,0,1,1,4,37,95,178.0999999999999,356.1249999999993,2025-10-19
AL,4,13,0,0,1,4,34,89,160.04999999999995,291.0499999999997,2025-10-26
AL,5,11,0,0,1,4,32,84.10000000000014,153.0999999999999,268.17499999999905,2025-11-02
AL,6,11,0,0,1,4,30.25,77,145.04999999999995,285,2025-11-09
AL,7,9,0,0,1,3,26,71,140.04999999999995,253.549999999997,2025-11-16
AL,8,9,0,0,1,3,26,62,108.04999999999995,202.0749999999996,2025-11-23
AL,9,8,0,0,1,3,24,67,132,245.09999999999945,2025-11-30
AL,10,8,0,0,1,3,23,56.100000000000136,108.04999999999995,179.04999999999973,2025-12-07
AL,11,8,0,0,1,2.75,23,59.100000000000136,117,229.04999999999973,2025-12-14
AL,12,8,0,0,1,2,22,61,114.09999999999991,210.04999999999973,2025-12-21
AL,13,8,0,0,1,2,22,55,104,154,2025-12-28
AL,14,8,0,0,1,2,22,55,103.04999999999995,217.0749999999996,2026-01-04
AL,15,8,0,0,1,2,22.25,57.100000000000136,115.09999999999991,221.04999999999973,2026-01-11
AL,16,8,0,0,1,3,24,59,116.04999999999995,203,2026-01-18
AL,17,9,0,0,1,3,25,58,106,179.17499999999905,2026-01-25
AL,18,9,0,0,1,3,25,68.10000000000014,123.09999999999991,219.04999999999973,2026-02-01
AL,19,9,0,0,1,3,26,65,131,254.14999999999918,2026-02-08
AL,20,10,0,0,1,3,29,72,143.04999999999995,267,2026-02-15
AL,21,11,0,0,1,4,30,80.10000000000014,161.04999999999995,316.09999999999945,2026-02-22
AL,22,12,0,0,1,4,34.25,91,180,282.1499999999992,2026-03-01
AL,23,12,0,0,1,4,36,87,151.04999999999995,265.09999999999945,2026-03-08
AL,24,13,0,0,1,4,37,93.10000000000014,195,332,2026-03-15
AL,25,14,0,1,1,5,39,101,171.04999999999995,330.0749999999996,2026-03-22
AL,26,15,0,1,2,5,43,112,191.14999999999986,409.0749999999996,2026-03-29
AL,27,16,0,1,1,5,48,123.10000000000014,257.3499999999997,453.3249999999982,2026-04-05
AL,28,17,0,1,2,6,50,132,253.19999999999982,425.0499999999997,2026-04-12
AL,29,21,0,1,2,7,55,158.10000000000014,265.04999999999995,504.0749999999996,2026-04-19
AL,30,23,0,1,2,8,64,166,310.39999999999964,578.1499999999992,2026-04-26
AL,31,23,0,1,3,8,65,169.10000000000014,343.2499999999998,651,2026-05-03
AL,32,25,0,1,3,8,72,191,354.1999999999998,667.174999999999,2026-05-10
AL,33,27,0,1,3,9,73,196.20000000000027,366.1999999999998,630.0749999999996,2026-05-17
AL,34,30,1,2,3,10,82,214,405.04999999999995,772.374999999998,2026-05-24
AL,35,32,1,2,4,10.75,91.25,213.40000000000055,407.0999999999999,787.2249999999988,2026-05-31
AL,36,30,1,2,4,11,84,225.40000000000055,399.1999999999998,854.1499999999992,2026-06-07
AL,37,34,1,2,4,11.75,93,250,479,860.4499999999975,2026-06-14
AL,38,35,1,2,4,12,97,252,427,849.5999999999967,2026-06-21
AL,39,8,0,0,1,3,23,59,105.04999999999995,171.09999999999945,2026-06-28
AL,40,8,0,0,1,3,23,59.100000000000136,115.04999999999995,191,2026-07-05
AL,41,9,0,0,1,3,24,61.100000000000136,116,199.0749999999996,2026-07-12
AL,42,9,0,0,1,3,25,65,111,212.04999999999973,2026-07-19
AL,43,9,0,0,1,3,25,73.10000000000014,136.04999999999995,238.09999999999945,2026-07-26
AL,44,10,0,0,1,3,26.25,67,135,219.04999999999973,2026-08-02
AL,45,10,0,0,1,3,29,77.10000000000014,129.04999999999995,238.02499999999986,2026-08-09
AL,46,11,0,0,1,4,33,88,173.04999999999995,281.2249999999988,2026-08-16
AL,47,11,0,0,1,4,31,83,179.04999999999995,279.1499999999992,2026-08-23
AL,48,13,0,0,1,4,36,91,174.04999999999995,290.0499999999997,2026-08-30
AL,49,12,0,0,1,4,39,96.30000000000041,181.0999999999999,310.1499999999992,2026-09-06
AL,50,14,0,0,1,5,42,108,199.04999999999995,362.17499999999905,2026-09-13
AL,51,15,0,1,1,5,47,123.20000000000027,219.14999999999986,359.0749999999996,2026-09-20
AL,52,16,0,1,2,5,46,133.10000000000014,246.19999999999982,419.1499999999992,2026-09-27
AM,1,2,0,0,0,0,3,7,9,13.024999999999864,2025-10-05
AM,2,2,0,0,0,0,4,7,10,15,2025-10-12
AM,3,2,0,0,0,0,3,7,10,15,2025-10-19
AM,4,2,0,0,0,1,3,7,10,15,2025-10-26
AM,5,2,0,0,0,1,4,7,10,14.024999999999864,2025-11-02
AM,6,2,0,0,0,1,4,7,11,15,2025-11-09
AM,7,2,0,0,0,0,4,7,10.049999999999955,15.024999999999864,2025-11-16
AM,8,2,0,0,0,1,4,8,12,17.024999999999864,2025-11-23
AM,9,2,0,0,0,1,4,7,11,16,2025-11-30
AM,10,2,0,0,0,1,4,8,12,17,2025-12-07
AM,11,2,0,0,0,1,4,8,11.049999999999955,16,2025-12-14
AM,12,2,0,0,0,1,5,9,13,18,2025-12-21
AM,13,2,0,0,0,1,4,8,12,18,2025-12-28
AM,14,3,0,0,0,1,5,10,14,20.024999999999864,2026-01-04
AM,15,3,0,0,0,1,5,10,14,19.024999999999864,2026-01-11
AM,16,3,0,0,0,1,6,12,17,22.024999999999864,2026-01-18
AM,17,3,0,0,0,1,7,11,17,24,2026-01-25
AM,18,3,0,0,0,1,6,12,17,24,2026-02-01
AM,19,4,0,0,0,2,7,13,20,27,2026-02-08
AM,20,4,0,0,0,2,7,14,21,30,2026-02-15
AM,21,4,0,0,1,2,8,15,22.049999999999955,34,2026-02-22
AM,22,4,0,0,1,2,8,15,23,31,2026-03-01
AM,23,4,0,0,1,2,8,15,22,33,2026-03-08
AM,24,4,0,0,1,2,8,15,22,32,2026-03-15
AM,25,4,0,0,1,2,8,16,25,37,2026-03-22
AM,26,4,0,0,1,2,8,16,24,36,2026-03-29
AM,27,4,0,0,1,2,9,16,25,36,2026-04-05
AM,28,4,0,0,1,2,9,16,25,37,2026-04-12
AM,29,4,0,0,1,2,8,16,26,36,2026-04-19
AM,30,4,0,0,1,2,8,16,23,34,2026-04-26
AM,31,4,0,0,1,2,8,16,23.049999999999955,36,2026-05-03
AM,32,4,0,0,1,2,8,15,23,34.024999999999864,2026-05-10
AM,33,4,0,0,1,2,8,14,22,33.024999999999864,2026-05-17
AM,34,4,0,0,0,2,7.25,14.100000000000136,22,33,2026-05-24
AM,35,3,0,0,0,1,7,13,20,29,2026-05-31
AM,36,3,0,0,0,1,7,13,20,30.024999999999864,2026-06-07
AM,37,3,0,0,0,1,7,14,21,31,2026-06-14
AM,38,3,0,0,0,1,6,12,18,25.024999999999864,2026-06-21
AM,39,2,0,0,0,1,5,9,14,21,2026-06-28
AM,40,3,0,0,0,1,5,10,16,24,2026-07-05
AM,41,3,0,0,0,1,6,11,17.049999999999955,26.024999999999864,2026-07-12
AM,42,3,0,0,0,1,6,12,18,27,2026-07-19
AM,43,3,0,0,0,1,6,13,19,29,2026-07-26
AM,44,3,0,0,0,1,7,13,21,28,2026-08-02
AM,45,4,0,0,0,2,7,14,22,32.024999999999864,2026-08-09
AM,46,4,0,0,0,2,8,14,21,32,2026-08-16
AM,47,4,0,0,0,2,8,15,23,33,2026-08-23
AM,48,4,0,0,1,2,8,16,22.049999999999955,31,2026-08-30
AM,49,4,0,0,1,2,8,16,25,38.024999999999864,2026-09-06
AM,50,4,0,0,1,2,8,16,25,36.024999999999864,2026-09-13
AM,51,4,0,0,1,2,9,17,25.049999999999955,39,2026-09-20
AM,52,4,0,0,1,2,9,17,24,37,2026-09-27
AP,1,1,0,0,0,0,3,6,10,15.024999999999864,2025-10-05
AP,2,1,0,0,0,0,2,6,9,14,2025-10-12
AP,3,1,0,0,0,0,2,5,9,13,2025-10-19
AP,4,1,0,0,0,0,2,5,9,13.024999999999864,2025-10-26
AP,5,1,0,0,0,0,2,5,8,13,2025-11-02
AP,6,1,0,0,0,0,2,5,8,12,2025-11-09
AP,7,1,0,0,0,0,2,4,7,11,2025-11-16
AP,8,1,0,0,0,0,2,4,7,10.024999999999864,2025-11-23
AP,9,1,0,0,0,0,2,4,7,12,2025-11-30
AP,10,1,0,0,0,0,2,4,7,12,2025-12-07
AP,11,1,0,0,0,0,2,4,8,11,2025-12-14
AP,12,1,0,0,0,0,2,5,8,14,2025-12-21
AP,13,1,0,0,0,0,2,5,9,14,2025-12-28
AP,14,1,0,0,0,0,3,6,10,16,2026-01-04
AP,15,1,0,0,0,0,3,7,11.049999999999955,19,2026-01-11
AP,16,1,0,0,0,0,3,8,13,20,2026-01-18
AP,17,1,0,0,0,0,4,9,16,24,2026-01-25
AP,18,2,0,0,0,0,5,10,17,28,2026-02-01
AP,19,2,0,0,0,0,5,12,19,30.024999999999864,2026-02-08
AP,20,2,0,0,0,0,5.25,13,21,33.024999999999864,2026-02-15
AP,21,2,0,0,0,1,6,13.100000000000136,24,38,2026-02-22
AP,22,2,0,0,0,1,6,14,23.049999999999955,36.024999999999864,2026-03-01
AP,23,2,0,0,0,1,6,14,25,43,2026-03-08
AP,24,2,0,0,0,1,6,14,25,37.024999999999864,2026-03-15
AP,25,2,0,0,0,0.75,6,13.100000000000136,23,32.024999999999864,2026-03-22
AP,26,2,0,0,0,0,6,13,21,32,2026-03-29
AP,27,2,0,0,0,0,6,13,22,35,2026-04-05
AP,28,2,0,0,0,0,6,13,21,31.024999999999864,2026-04-12
AP,29,2,0,0,0,1,5,12,20,35,2026-04-19
AP,30,2,0,0,0,0,5,11,20,30.024999999999864,2026-04-26
AP,31,2,0,0,0,0,5,12,19,32.024999999999864,2026-05-03
AP,32,2,0,0,0,0,5,10,17.049999999999955,30,2026-05-10
AP,33,2,0,0,0,0,4,11,17,28.024999999999864,2026-05-17
AP,34,1,0,0,0,0,4,9,16.049999999999955,26,2026-05-24
AP,35,1,0,0,0,0,4,9,15,25,2026-05-31
AP,36,1,0,0,0,0,3,8,13.049999999999955,22,2026-06-07
AP,37,1,0,0,0,0,4,9,14,21,2026-06-14
AP,38,1,0,0,0,0,4,8,13,22,2026-06-21
AP,39,1,0,0,0,0,2,6,9,17,2026-06-28
AP,40,1,0,0,0,0,3,7,12,19.024999999999864,2026-07-05
AP,41,1,0,0,0,0,3,8,15,26,2026-07-12
AP,42,1,0,0,0,0,4,10,17,28,2026-07-19
AP,43,1,0,0,0,0,4,11,18,34.04999999999973,2026-07-26
AP,44,2,0,0,0,0,5,11,19,34.024999999999864,2026-08-02
AP,45,2,0,0,0,1,5,12,21.049999999999955,40,2026-08-09
AP,46,2,0,0,0,0.75,6,14,26,41,2026-08-16
AP,47,2,0,0,0,1,6,15,25,48.024999999999864,2026-08-23
AP,48,2,0,0,0,1,6,15,25.049999999999955,43.024999999999864,2026-08-30
AP,49,2,0,0,0,1,6,14,24,41.024999999999864,2026-09-06
AP,50,2,0,0,0,1,6,14,24,42.024999999999864,2026-09-13
AP,51,2,0,0,0,1,6,13,24,42,2026-09-20
AP,52,2,0,0,0,0,5,12,24,39.024999999999864,2026-09-27
BA,1,109,23,29.950000000000003,40,63,211.25,408,636.1999999999998,948.3249999999982,2025-10-05
BA,2,111,25,31,41,64,222,400.2000000000003,634.5999999999995,998.0749999999941,2025-10-12
BA,3,110.5,25,32,40,65,215.25,407,652.6499999999994,1065.6749999999963,2025-10-19
BA,4,112.5,25,31,41,66,217.25,410.2000000000003,646.0999999999999,1105.5249999999971,2025-10-26
BA,5,121,27,34,45,70.75,219,424.3000000000004,653.1499999999999,1067.0999999999995,2025-11-02
BA,6,118,26.975,32,45,71,224,431,693.05,1023.3249999999982,2025-11-09
BA,7,120.5,25,34,46,69.75,217,432.40000000000055,664.4499999999996,1041.0249999999999,2025-11-16
BA,8,121,28.975,35,46.900000000000006,72,222,407,652.3499999999997,1027.0249999999999,2025-11-23
BA,9,119,27.975,35,45,71,219.25,413,646.05,1087,2025-11-30
BA,10,121,27,34,45,71,232.25,456.10000000000014,700.1499999999999,1280.1249999999993,2025-12-07
BA,11,127,29,37,48,73,239.25,439.2000000000003,717.4499999999996,1182.374999999998,2025-12-14
BA,12,137,32,39,50,80,244,484,797.05,1359.099999999994,2025-12-21
BA,13,134,31,39,51,80,253,500.2000000000003,840,1434.174999999999,2025-12-28
BA,14,151.5,33.975,43,58,90,284.25,532.4000000000005,839,1460.0249999999999,2026-01-04
BA,15,172,39.975,49,66,103.75,324.25,621,1058,1603.5249999999917,2026-01-11
BA,16,201,48,59,77,117,376,731,1128.149999999999,1787.4249999999922,2026-01-18
BA,17,232,59,70,88.9,139,439,845,1307.4499999999996,2039.6249999999966,2026-01-25
BA,18,272.5,61.975,80,102,159,493.5,1009.4000000000005,1703.3499999999997,2638.174999999994,2026-02-01
BA,19,314,69.975,92,122.9,184,569.25,1103.3000000000004,1735.5999999999995,2639.699999999996,2026-02-08
BA,20,347.5,76.975,102,130.9,206,636.5,1231.1000000000001,1987.999999999999,3191.4249999999975,2026-02-15
BA,21,390,95,117,147,229,738.25,1401.9000000000012,2301.1499999999987,4094.399999999987,2026-02-22
BA,22,436,106.97500000000001,126,170,263.75,774.25,1668,2704.2999999999997,4362.7749999999905,2026-03-01
BA,23,468,111,131.95,176.9,275,855.5,1739.2000000000003,2668.45,4110.224999999993,2026-03-08
BA,24,502,110.97500000000001,142,186,290,897.75,1779.7000000000037,2867.5499999999975,4719.649999999996,2026-03-15
BA,25,493,112,143.95,186,298.75,938.25,1847.5000000000007,3099.25,4955.724999999996,2026-03-22
BA,26,498.5,119,145,185.9,292,919.5,1714.1000000000001,2786.25,4240.974999999995,2026-03-29
BA,27,474,111.975,142.95000000000002,180,277,901,1720.0000000000014,2626.0499999999965,3878.4499999999975,2026-04-05
BA,28,456.5,120,141.95,178.9,276,846,1819.800000000001,3177.0999999999995,5348.749999999996,2026-04-12
BA,29,482.5,104,138,177,279,872.25,1631.0000000000027,2631.199999999998,4427.524999999992,2026-04-19
BA,30,464,110.97500000000001,138,178,273.75,827,1611.1000000000001,2567.7999999999993,3885.449999999981,2026-04-26
BA,31,459.5,111.975,141,181,269,818.25,1642.1000000000001,2628.899999999999,4513.6749999999965,2026-05-03
BA,32,457,105.975,134,174,264,834.25,1603.700000000001,2391.35,4438.374999999993,2026-05-10
BA,33,444,101.975,129.95,169,265.5,801.5,1630.6000000000008,2554.1499999999987,3627.9749999999945,2026-05-17
BA,34,423,95,125,162.9,253,745.25,1514.2000000000003,2579.7499999999995,4172.474999999998,2026-05-24
BA,35,407.5,94,115.95,155.9,236.75,741.25,1431.1000000000001,2341.3999999999996,3801.924999999995,2026-05-31
BA,36,352,85,108.95,140,209,635.25,1277.2000000000003,2129.4999999999995,3654.2499999999877,2026-06-07
BA,37,342,80,101,130.9,203,634.25,1207.3000000000004,1895.3499999999997,2926.474999999992,2026-06-14
BA,38,310.5,75.95,90,120,187,557.25,1040,1711.1499999999999,2907.2249999999985,2026-06-21
BA,39,151.5,34,42,56,90,279.25,512,843.0999999999999,1282.2249999999988,2026-06-28
BA,40,178,42,52,68.9,104.75,331.25,644,1000.099999999999,1443.1499999999992,2026-07-05
BA,41,203.5,48.975,61.95,78,123,386,718.1000000000001,1156.5499999999995,1778.0749999999996,2026-07-12
BA,42,241.5,58,74,92.9,143,454.25,855,1358.8499999999992,2192.0499999999997,2026-07-19
BA,43,274,58,76,97,161.75,497,1005.3000000000004,1594.4499999999996,2794.1749999999993,2026-07-26
BA,44,313.5,71,89.95,120.9,190,574,1151.3000000000004,1752.2999999999997,2871.1499999999987,2026-08-02
BA,45,362,86.97500000000001,106,135,213,671.5,1282.3000000000004,1895.6499999999985,3173.075,2026-08-09
BA,46,410.5,93.95,116.95,152.8,234,739.25,1453.2000000000016,2214.1499999999996,3217.2999999999984,2026-08-16
BA,47,443,108.94999999999999,136.95,174,262,811.25,1566.1000000000001,2501.999999999999,4042.149999999994,2026-08-23
BA,48,482,112,135,180.9,280.75,860.25,1762.0000000000014,2673.8999999999983,5064.699999999996,2026-08-30
BA,49,483,112.975,138.95000000000002,190.9,298,903.75,1773.0000000000014,2911.899999999997,4548.899999999995,2026-09-06
BA,50,496,119,148,187.9,299.75,919,1701.500000000002,2764,4078.2999999999984,2026-09-13
BA,51,481,117.9,150.85000000000002,192,295.75,905.75,1906.5000000000007,3039.9999999999973,5101.974999999984,2026-09-20
BA,52,489.5,110.97500000000001,138.95000000000002,179.9,297.75,880,1763.7000000000023,2721.2999999999993,3976.999999999989,2026-09-27
CE,1,39,4,6,10,19,95,228.10000000000014,429.2499999999998,885.1999999999989,2025-10-05
CE,2,39,4,6,9,18,98,242.10000000000014,464.49999999999955,893.174999999999,2025-10-12
CE,3,40,4,6,9,18,95,254.3000000000004,479.0999999999999,845.1999999999935,2025-10-19
CE,4,39,4,6,9,17,89.25,231.10000000000014,473.2999999999997,923.374999999998,2025-10-26
CE,5,39,3,6,9,17,94.25,220,455.04999999999995,825.6249999999966,2025-11-02
CE,6,37,4,5,8,16,88.25,213.10000000000014,469.0999999999999,913,2025-11-09
CE,7,34,3,5,8,16,88.25,212.10000000000014,449.39999999999964,771.3249999999982,2025-11-16
CE,8,34,3,4,7,15,82,201.10000000000014,391,754.9749999999947,2025-11-23
CE,9,30,3,4,7,14,77,201.10000000000014,383.2499999999998,617.2249999999988,2025-11-30
CE,10,30,3,4,6,13,73,181.10000000000014,352.0999999999999,596.1999999999989,2025-12-07
CE,11,29,2,4,6,13,71,191.10000000000014,372.7499999999993,631.0249999999999,2025-12-14
CE,12,32,2,4,7,14,77,186.10000000000014,322.04999999999995,706.1999999999989,2025-12-21
CE,13,31,3,4,7,15,75,201,410,649.2249999999988,2025-12-28
CE,14,35,3,4,7,16,86,219.10000000000014,382.2499999999998,653.0499999999997,2026-01-04
CE,15,39,3,5,9,17,94.25,219.20000000000027,392,741.724999999996,2026-01-11
CE,16,45,4,6,10,20,104,245,486.14999999999986,865.3249999999982,2026-01-18
CE,17,54,6,8,12,25,125.25,297.10000000000014,566.2999999999997,1118.399999999987,2026-01-25
CE,18,64,7,10,15,30,150.25,376.2000000000003,699.05,1337.6999999999962,2026-02-01
CE,19,75.5,8,11,18,34.75,181,442.3000000000004,874.3499999999997,1597.6749999999963,2026-02-08
CE,20,97,10,15,23,43,209,510.2000000000003,935,1897.7499999999905,2026-02-15
CE,21,114,10.975000000000001,18,28,54,268.25,656.2000000000003,1156.2499999999998,2170.4249999999925,2026-02-22
CE,22,135,14,22,33,63,314.25,747.3000000000004,1392.1999999999998,2460.349999999998,2026-03-01
CE,23,154.5,16,25,38,71,338.25,798.5000000000007,1412.5999999999985,2889.874999999979,2026-03-08
CE,24,172,21,30,42,80,401,908.1000000000015,1692.7499999999984,3081.774999999996,2026-03-15
CE,25,197,24,34,49,96.75,457.25,1075,1990.1,3329.4749999999976,2026-03-22
CE,26,224,25.975,35,54,103,508.25,1234.2000000000003,2149.5999999999985,4160,2026-03-29
CE,27,243,28.975,41.95,61,120.75,540.5,1387.3000000000004,2724.899999999999,4236.74999999999,2026-04-05
CE,28,271,29,41,64,128,642.25,1580.5000000000007,2841.5499999999984,5058.1,2026-04-12
CE,29,313.5,34,48,81.9,147,632.5,1558.1000000000001,2827.45,4747.87499999999,2026-04-19
CE,30,328,37.975,57.95,80.9,150,758.5,1939.400000000002,3263.45,5072.299999999993,2026-04-26
CE,31,337,39,58,83,161,775.25,1858.6000000000008,3649.3499999999995,6513.199999999999,2026-05-03
CE,32,325,42,57,82,160,730,1812.400000000002,3200.7999999999975,5862.399999999954,2026-05-10
CE,33,332,38.975,54,79,160,748.5,1780.2000000000016,3292.999999999999,5525.799999999996,2026-05-17
CE,34,315,37.95,49,75,150,731.25,1547.3000000000004,2753.0499999999997,4868.449999999992,2026-05-24
CE,35,288.5,33,48,74,137,643,1690.3000000000004,3030.049999999994,5331.024999999945,2026-05-31
CE,36,273,31,43,66.9,126,624.25,1472.6000000000008,2649.749999999999,5534.074999999999,2026-06-07
CE,37,251,31,43,63.900000000000006,118,559,1301.8000000000025,2444.6499999999965,4867.099999999995,2026-06-14
CE,38,219,25,38,57,110,504,1217.1000000000001,2358.849999999991,4313.124999999988,2026-06-21
CE,39,35,3,5,7,15,88,213.20000000000027,385.2499999999998,716.1499999999992,2026-06-28
CE,40,38,4,6,9,18,92.25,237.10000000000014,440.2999999999997,712.0249999999999,2026-07-05
CE,41,46,4,7,11,20.75,105,255,468.04999999999995,849.2249999999988,2026-07-12
CE,42,55,6,9,13,24,129,334.2000000000003,608.3999999999996,1049.3249999999982,2026-07-19
CE,43,63,6,9.950000000000003,15,30,152,403.2000000000003,728.8499999999992,1165.1499999999883,2026-07-26
CE,44,79,9,12,18,36,183,449.10000000000014,756.3999999999996,1310.199999999999,2026-08-02
CE,45,94.5,11,14,22,43,215.25,543.2000000000003,932.4499999999996,1529.549999999997,2026-08-09
CE,46,111,13,18.950000000000003,28,52,248,593.9000000000012,1077.9499999999982,1809.6749999999963,2026-08-16
CE,47,131,15,24,33,65,310.25,709.2000000000003,1243.6499999999994,2227.9249999999947,2026-08-23
CE,48,147.5,17,23.950000000000003,37,73,350.25,779.4000000000005,1454.6499999999994,2740.724999999996,2026-08-30
CE,49,177,22,29,44,81,416.25,1040.4000000000005,1713.6499999999985,3041.5499999999915,2026-09-06
CE,50,190,25,35,49,90,431,1095.0000000000014,1840.4499999999996,3518.749999999996,2026-09-13
CE,51,228.5,25,35,51.900000000000006,102,529,1226.9000000000012,2241.2499999999995,4319.374999999976,2026-09-20
CE,52,257,32.975,42,61,120.75,594,1365,2342.8499999999995,3896.0249999999724,2026-09-27
DF,1,2,0,0,0,1,4,7,11,16,2025-10-05
DF,2,2,0,0,0,1,4,8,12,17,2025-10-12
DF,3,2,0,0,0,1,4,8,11,16,2025-10-19
DF,4,2,0,0,0,1,5,8,11,15,2025-10-26
DF,5,2,0,0,0,1,5,9,12,17,2025-11-02
DF,6,2,0,0,0,1,5,10,13,18,2025-11-09
DF,7,2,0,0,0,1,5,9,14,18.024999999999864,2025-11-16
DF,8,3,0,0,0,1,5,11,15,21,2025-11-23
DF,9,3,0,0,0,1,6,11,15.049999999999955,21,2025-11-30
DF,10,3,0,0,0,1,6,12,16,23,2025-12-07
DF,11,3,0,0,0,1,7,13,19,27,2025-12-14
DF,12,4,0,0,0,1,8,14,21,28,2025-12-21
DF,13,4,0,0,0,1,8,14,20,27,2025-12-28
DF,14,4,0,0,0,2,9,16,23,31,2026-01-04
DF,15,5,0,0,1,2,9,18,27,38,2026-01-11
DF,16,5,0,0,1,2,10,20,28.049999999999955,39,2026-01-18
DF,17,6,0,0,1,2,12,22,32,45,2026-01-25
DF,18,7,0,0,1,3,14,24,36,50.04999999999973,2026-02-01
DF,19,7,0,1,1,3,15,28.100000000000136,41,53,2026-02-08
DF,20,8,0,1,1,3,17,31,45,60.024999999999864,2026-02-15
DF,21,8,0,1,1,4,17,32.100000000000136,46,62.024999999999864,2026-02-22
DF,22,9,0,1,1,4,18,34,48,66.02499999999986,2026-03-01
DF,23,9,0,1,2,4,18,35,54,71.02499999999986,2026-03-08
DF,24,9,0,1,2,4,18,33,49,63.024999999999864,2026-03-15
DF,25,9,0,1,2,4,19,36,52.049999999999955,69.02499999999986,2026-03-22
DF,26,9,0,1,2,4,19,36,48,69.04999999999973,2026-03-29
DF,27,9,0,1,2,4,20,37,56,72.02499999999986,2026-04-05
DF,28,10,0,1,2,4,18,33,47,60.024999999999864,2026-04-12
DF,29,9,0,1,2,4,19,33.100000000000136,49.049999999999955,67,2026-04-19
DF,30,9,0,1,2,4,18,34,47.049999999999955,64,2026-04-26
DF,31,9,0,1,2,4,19,33,48,68.02499999999986,2026-05-03
DF,32,8,0,1,1,4,17,30.100000000000136,44,59.024999999999864,2026-05-10
DF,33,8,0,1,1,4,17,33,45,67,2026-05-17
DF,34,7,0,1,1,3,15,28,41,55,2026-05-24
DF,35,7,0,1,1,3,15,28,40,55,2026-05-31
DF,36,6,0,0,1,3,13,24,35,47.024999999999864,2026-06-07
DF,37,6,0,0,1,2,11,21,31,44,2026-06-14
DF,38,5,0,0,1,2,10,19,26,37,2026-06-21
DF,39,4,0,0,1,2,8,16,22,29,2026-06-28
DF,40,5,0,0,1,2,10,18,25,34,2026-07-05
DF,41,5,0,0,1,2,11,21,29,39.024999999999864,2026-07-12
DF,42,6,0,0,1,3,12,23,31.049999999999955,43,2026-07-19
DF,43,7,0,0.9500000000000028,1,3,14,25,37,48,2026-07-26
DF,44,7,0,1,1,3,15,28.100000000000136,40,54,2026-08-02
DF,45,8,0,1,2,4,16,28,41,58,2026-08-09
DF,46,8,0,1,2,4,17,31,42,56,2026-08-16
DF,47,9,0,1,2,4,17,32,45,65,2026-08-23
DF,48,9,0,1,2,4,18,33,47,66.02499999999986,2026-08-30
DF,49,9,1,1,2,4,18,34,48,66,2026-09-06
DF,50,10,0,1,2,5,19,34,50,66.04999999999973,2026-09-13
DF,51,9,0,1,2,4,19,34,48,65,2026-09-20
DF,52,10,0,1,2,4,19,35,48,66.02499999999986,2026-09-27
ES,1,2,0,0,0,1,7,17,35,69.02499999999986,2025-10-05
ES,2,2,0,0,0,0,6,17,35,80.04999999999973,2025-10-12
ES,3,2,0,0,0,1,6,16,40.049999999999955,82,2025-10-19
ES,4,2,0,0,0,1,6,16,36.049999999999955,71.04999999999973,2025-10-26
ES,5,2,0,0,0,1,6,18,34,61.07499999999959,2025-11-02
ES,6,2,0,0,0,1,6,17,36,82.12499999999932,2025-11-09
ES,7,2,0,0,0,1,7,19,37.049999999999955,75.02499999999986,2025-11-16
ES,8,2,0,0,0,1,7,19,47.049999999999955,95.07499999999959,2025-11-23
ES,9,3,0,0,0,1,7,22,49,118.04999999999973,2025-11-30
ES,10,3,0,0,0,1,9,28,56,107.2749999999985,2025-12-07
ES,11,3,0,0,0,1,10,35.100000000000136,73,144.04999999999973,2025-12-14
ES,12,4,0,0,0,1,13,38,90,180.02499999999986,2025-12-21
ES,13,4,0,0,0,1,12,42,83.09999999999991,182.0749999999996,2025-12-28
ES,14,5,0,0,0,2,17,49.100000000000136,99,216.09999999999945,2026-01-04
ES,15,5,0,0,0,2,17,59,129,305.1249999999993,2026-01-11
ES,16,6,0,0,0,2,21,66.10000000000014,138.04999999999995,294.09999999999945,2026-01-18
ES,17,7,0,0,0.9000000000000057,2,21,67,160.04999999999995,346.09999999999945,2026-01-25
ES,18,7,0,0,1,2,23,72.10000000000014,164.04999999999995,356.17499999999905,2026-02-01
ES,19,8,0,0,1,3,26,76.10000000000014,162.0999999999999,404.2249999999988,2026-02-08
ES,20,8,0,0,1,3,27,83.10000000000014,155.0999999999999,415.02499999999986,2026-02-15
ES,21,9,0,0,1,3,27,88.20000000000027,198.0999999999999,439.1499999999992,2026-02-22
ES,22,9,0,0,1,3,26.25,79.10000000000014,194.14999999999986,496.4749999999974,2026-03-01
ES,23,9,0,0,1,3,27,84.10000000000014,173.04999999999995,379.0499999999997,2026-03-08
ES,24,9,0,0,1,3,26,78.10000000000014,163.0999999999999,354.17499999999905,2026-03-15
ES,25,9,0,0,1,3,25,71,142.0999999999999,313.09999999999945,2026-03-22
ES,26,9,0,0,1,3,25,69,155.04999999999995,328.1499999999992,2026-03-29
ES,27,8,0,0,1,3,24,68.10000000000014,154.04999999999995,298,2026-04-05
ES,28,8,0,0,1,3,23,66.10000000000014,132,299.57499999999686,2026-04-12
ES,29,8,0,0,1,3,22,62.100000000000136,126,320.02499999999986,2026-04-19
ES,30,7,0,0,1,3,21,57.100000000000136,110.04999999999995,220.09999999999945,2026-04-26
ES,31,8,0,0,1,3,21,59,119.04999999999995,292.549999999997,2026-05-03
ES,32,8,0,0,1,3,21,60.100000000000136,130.04999999999995,249.3499999999981,2026-05-10
ES,33,7,0,0,1,3,21,54,102,214.0749999999996,2026-05-17
ES,34,7,0,0,1,2,19,55,114,227.12499999999932,2026-05-24
ES,35,7,0,0,1,2.75,19,52,116,219.2749999999985,2026-05-31
ES,36,6.5,0,0,1,2,18,47,90,189.0749999999996,2026-06-07
ES,37,6,0,0,1,2,17,50,96.29999999999973,232.04999999999973,2026-06-14
ES,38,6,0,0,1,2,15,43,109.04999999999995,227,2026-06-21
ES,39,5,0,0,0,2,16,72,150,388.1499999999992,2026-06-28
ES,40,6,0,0,0,2,19,71.10000000000014,169,393.0499999999997,2026-07-05
ES,41,6,0,0,0,2,21,74,189.39999999999964,458.0499999999997,2026-07-12
ES,42,7,0,0,1,2,23,90.20000000000027,207.04999999999995,583.3499999999981,2026-07-19
ES,43,7,0,0,1,2.75,26,95,262.04999999999995,577.0999999999995,2026-07-26
ES,44,7,0,0,1,2,26,94.10000000000014,241.04999999999995,559.0749999999996,2026-08-02
ES,45,8,0,0,1,3,28,98,267.1999999999998,740,2026-08-09
ES,46,9,0,0,1,3,27,96,252.0999999999999,720.174999999999,2026-08-16
ES,47,9,0,0,1,3,30,104,246.04999999999995,644.3499999999981,2026-08-23
ES,48,10,0,0,1,3,29.25,112,264.0999999999999,599.6499999999965,2026-08-30
ES,49,9,0,0,1,3,28.25,102.10000000000014,225,528.374999999998,2026-09-06
ES,50,9,0,0,1,3,27,86.20000000000027,216.04999999999995,564.3499999999981,2026-09-13
ES,51,9,0,0,1,3,26,95.20000000000027,234.14999999999986,485.1249999999993,2026-09-20
ES,52,9,0,0,1,3,26,82,194,508.6249999999966,2026-09-27
GO,1,5,0,0,1,2,10,24,44,80,2025-10-05
GO,2,5,0,0,1,2,10,26,42.049999999999955,80.02499999999986,2025-10-12
GO,3,5,0,0,1,2,11,25,43,93.02499999999986,2025-10-19
GO,4,5,0,0,1,2,12,27,49.049999999999955,94.09999999999945,2025-10-26
GO,5,6,0,0,1,2,13,30,51,80.09999999999945,2025-11-02
GO,6,6,0,0,1,2,13,32,59,106.02499999999986,2025-11-09
GO,7,6,0,0,1,3,15,33,58,104.02499999999986,2025-11-16
GO,8,7,0,0,1,3,16,37,71,113.04999999999973,2025-11-23
GO,9,8,0,1,1,3,17,44,79.04999999999995,155.02499999999986,2025-11-30
GO,10,8,0,1,2,4,20,48,86.04999999999995,148.02499999999986,2025-12-07
GO,11,9,0.9750000000000014,1,2,4.75,22,55,99,181.02499999999986,2025-12-14
GO,12,11,1,1,2,5,25,59,107,204.09999999999945,2025-12-21
GO,13,11,1,1,2,5,25.25,59,115.04999999999995,196.02499999999986,2025-12-28
GO,14,13,1,2,3,6,29,76,138,257.29999999999836,2026-01-04
GO,15,16,1,2,4,7,36,86.10000000000014,154,280.0749999999996,2026-01-11
GO,16,18,2,3,4,9,41,105.10000000000014,185.14999999999986,362.0499999999997,2026-01-18
GO,17,22,2,3,5,11,49,120,198.04999999999995,417.0499999999997,2026-01-25
GO,18,24,3,4,6,12,55,134,259,464.0749999999996,2026-02-01
GO,19,28,3,5,7,14,63,144.10000000000014,265,473.3249999999982,2026-02-08
GO,20,31,3,5,7,15,68.25,167.10000000000014,295,497.1999999999989,2026-02-15
GO,21,32,3,5,8,16,70,170,285,555.1999999999989,2026-02-22
GO,22,33,4,6,8.900000000000006,16,75,175.10000000000014,310,526.1249999999993,2026-03-01
GO,23,35,4,6,9,16,80.25,199,335.3499999999997,525.2749999999985,2026-03-08
GO,24,38,5,6,10,18,82,197.10000000000014,359.0999999999999,607.0499999999997,2026-03-15
GO,25,38,5,7,10,19,84,193,378.1999999999998,691.2249999999988,2026-03-22
GO,26,40,6,7,10,20,90.25,219,399.2499999999998,629.0249999999999,2026-03-29
GO,27,44,5,7,11,21,95,214,372,692.0499999999997,2026-04-05
GO,28,45,5,8,12,22,96,219.20000000000027,372.04999999999995,723.4749999999974,2026-04-12
GO,29,44,6,8,11,22,98,240.20000000000027,429,751.8999999999951,2026-04-19
GO,30,46,5,8,12,23,99,223,418.14999999999986,725.4249999999977,2026-04-26
GO,31,46,6,8,12,22.75,95.25,233.20000000000027,399.04999999999995,757.0999999999995,2026-05-03
GO,32,45,5,7,11,22,99,241.10000000000014,399.04999999999995,765.0749999999996,2026-05-10
GO,33,43,5,8,11,21,94,230.10000000000014,386.0999999999999,798.374999999998,2026-05-17
GO,34,41,4,7,10,19,88,203.10000000000014,385,650.0999999999995,2026-05-24
GO,35,35,4,6,9,18,77.25,187,344.14999999999986,551.5749999999969,2026-05-31
GO,36,31,3,5,8,15,69,171.10000000000014,296.14999999999986,514.0749999999996,2026-06-07
GO,37,27,3,4,6,13,61.25,143,272.2999999999997,489.6749999999963,2026-06-14
GO,38,23,2,4,5,11,51,120.20000000000027,235.29999999999973,389.1249999999993,2026-06-21
GO,39,13,1,2,3,6,32,85,154,259.02499999999986,2026-06-28
GO,40,15,1,2,4,7,35,79,157.34999999999968,248,2026-07-05
GO,41,18,2,3,4,8,44,101.10000000000014,184.04999999999995,320.0499999999997,2026-07-12
GO,42,20,2,3,5,10,48,116,224.0999999999999,395.29999999999836,2026-07-19
GO,43,23,3,4,6,11,57,132.10000000000014,243.14999999999986,390.29999999999836,2026-07-26
GO,44,26,3,4,6,12,63,147.10000000000014,263.04999999999995,470.1999999999989,2026-08-02
GO,45,28,3,5,7,14,65.25,161.10000000000014,281.0999999999999,455.1999999999989,2026-08-09
GO,46,30,3,5,7,14,70,165,286.2499999999998,482.4249999999977,2026-08-16
GO,47,31,4,5,8,15,76,186,339,627.1499999999937,2026-08-23
GO,48,33,4,6,8,16,78.25,188.10000000000014,353.04999999999995,611.0749999999996,2026-08-30
GO,49,36,4,6,9,16,80,207,364.14999999999986,551.1499999999992,2026-09-06
GO,50,37,5,7,9,17,84,207,365.0999999999999,680.2749999999985,2026-09-13
GO,51,39,5,7,10,19,90,211,366.0999999999999,620.0249999999999,2026-09-20
GO,52,41,5,8,10,20,89,223,386.3499999999997,663.174999999999,2026-09-27
MA,1,7,0,0,1,3,17,37,62,91,2025-10-05
MA,2,7,0,1,1,3,16,36,61,100.04999999999973,2025-10-12
MA,3,7,0,0,1,3,16,37,61,92,2025-10-19
MA,4,7,0,0,1,3,15,35,56,80.07499999999959,2025-10-26
MA,5,7,0,0,1,3,15,32.100000000000136,55,89.04999999999973,2025-11-02
MA,6,7,0,1,1,3,17,37,60,92,2025-11-09
MA,7,8,0,1,1,3,17,36.100000000000136,60,97,2025-11-16
MA,8,8,0,1,2,4,19,39,66,101.02499999999986,2025-11-23
MA,9,10,0,1,2,4,21,45,71.04999999999995,114.02499999999986,2025-11-30
MA,10,10,0,1,2,5,23,51,80.04999999999995,117.02499999999986,2025-12-07
MA,11,11,1,1,2,5,24.25,55,82.04999999999995,124.07499999999959,2025-12-14
MA,12,13,1,1,3,6,28,61,101,161,2025-12-21
MA,13,13,1,1,2.9000000000000057,6,28,65,99.09999999999991,152.32499999999823,2025-12-28
MA,14,14,1,2,3,7,32,65,120.24999999999977,187,2026-01-04
MA,15,17,1,2,4,8,38,81,124,193.02499999999986,2026-01-11
MA,16,20,1,2,4,9,43,98,166.0999999999999,284.0749999999996,2026-01-18
MA,17,23,2,3,5,12,52.25,115,191.04999999999995,273.2749999999985,2026-01-25
MA,18,26,2,4,6,12,57,123,198.0999999999999,295.0499999999997,2026-02-01
MA,19,33,3,5,8,16,69,154,240.0999999999999,382.49999999999727,2026-02-08
MA,20,36,3,5,8,17,82,173.10000000000014,295.39999999999964,515.1499999999992,2026-02-15
MA,21,45,4,6,10,21,102,209,359.14999999999986,514.6499999999965,2026-02-22
MA,22,50,5,7,11,24,108,238,399,602.0999999999995,2026-03-01
MA,23,60,6,8.950000000000003,13,28,127.25,285.2000000000003,474.1999999999998,738.0749999999996,2026-03-08
MA,24,66,6,10,16,30,148,324.2000000000003,556.0999999999999,894.549999999997,2026-03-15
MA,25,68,6.975000000000001,10.950000000000003,17,32.75,147.25,340.3000000000004,549,866.8249999999955,2026-03-22
MA,26,74,8,11,17,34,157,379.10000000000014,630,1030.3249999999982,2026-03-29
MA,27,72,8,11.950000000000003,18,35,163,347,572.2999999999997,907.7749999999958,2026-04-05
MA,28,73,7,10,16,36,163.25,370.2000000000003,618.05,1042.0749999999996,2026-04-12
MA,29,75,8,12,17,37,160,359.2000000000003,617.4499999999996,1048.0999999999995,2026-04-19
MA,30,72,7.975000000000001,11,16,34,157,348.2000000000003,596.2499999999998,1098.2999999999984,2026-04-26
MA,31,65,8,11,17,32,145.25,328.10000000000014,540.1499999999999,877.2749999999985,2026-05-03
MA,32,61,6,10,14,28.75,135,314.10000000000014,508.3499999999997,938.0499999999997,2026-05-10
MA,33,52,6,8,12,24,116.25,261,463.04999999999995,690.1249999999993,2026-05-17
MA,34,44,4,6,10,21,100,212,353.6499999999994,576.0249999999999,2026-05-24
MA,35,38,4,6,9,18,82,185.10000000000014,301.04999999999995,526,2026-05-31
MA,36,34,3,5,8,16,73,156.10000000000014,273.04999999999995,413.5999999999967,2026-06-07
MA,37,29,2,4,6.900000000000006,13,62,137.10000000000014,219.19999999999982,375.3499999999981,2026-06-14
MA,38,25,2,3,5,12,54,115,184.04999999999995,269.0749999999996,2026-06-21
MA,39,15,1,2,3,7,36,80,135.04999999999995,196.02499999999986,2026-06-28
MA,40,19,1,2,4,9,42,95,160.04999999999995,298.09999999999945,2026-07-05
MA,41,21,2,3,5,10,47,112.10000000000014,205,319.1499999999992,2026-07-12
MA,42,25,2,3,5,11,55,119,197.04999999999995,345.1249999999993,2026-07-19
MA,43,29,2,4,6,13,64,135,233.04999999999995,393.0749999999996,2026-07-26
MA,44,33,3,5,8,16,74,168,289.3499999999997,524.0499999999997,2026-08-02
MA,45,39,4,6,9,18,88,189,306.1999999999998,584.5999999999967,2026-08-09
MA,46,46,4,6,10,21.75,96.25,230.20000000000027,382.3499999999997,689.174999999999,2026-08-16
MA,47,50,5,8,12,23,117.25,264,447.49999999999955,748.0249999999999,2026-08-23
MA,48,59,6,9.950000000000003,16,30,136.25,300.3000000000004,512.05,919.0749999999996,2026-08-30
MA,49,71,7,10,16,32,152.25,348.40000000000055,620.2499999999998,1133.0499999999997,2026-09-06
MA,50,74,8.975000000000001,13,18,33,164,376.40000000000055,675,1097.3249999999982,2026-09-13
MA,51,78,8,13,18,35,168,376.3000000000004,683.2999999999997,1196.6749999999963,2026-09-20
MA,52,76,9.975000000000001,13,19,37,173,381,624.0999999999999,1117.549999999997,2026-09-27
MG,1,57,8,11,15,28,140,411.3000000000004,878,1451.3249999999982,2025-10-05
MG,2,60,7,11,16,29,149,385.10000000000014,806.0999999999999,1510.4249999999977,2025-10-12
MG,3,61,9,11.950000000000003,17,30.75,148,403.10000000000014,844.9499999999991,1660.5749999999969,2025-10-19
MG,4,65,9,12,18,31,156.25,421.2000000000003,893.2999999999997,1520.924999999995,2025-10-26
MG,5,70,10,13,19,34,166.25,458,952.6499999999994,1732.5249999999917,2025-11-02
MG,6,77,11,15,21,37,202,515.4000000000005,1061.3499999999997,1951.1999999999825,2025-11-09
MG,7,83,11,15.950000000000003,22,41,206,539,1157.8499999999992,2314.124999999994,2025-11-16
MG,8,94,14,18.950000000000003,26,47,221,642,1291.2999999999997,2518.4749999999976,2025-11-23
MG,9,106,16,21,28,50,262,686,1235.4499999999996,2657.7249999999963,2025-11-30
MG,10,117.5,17,22.950000000000003,30,54,292,810.2000000000003,1652.1499999999999,3372.8749999999736,2025-12-07
MG,11,130,20,27,36,64,294.25,820.3000000000004,1923.2999999999997,3603.699999999996,2025-12-14
MG,12,154,22,29.950000000000003,41,73,371,1061.2000000000016,2186.3499999999995,4106.224999999966,2025-12-21
MG,13,148.5,23.975,30,42,74,358.25,990.6000000000008,2042.1499999999999,3661.649999999997,2025-12-28
MG,14,185.5,26,36,48,91,439.25,1129.6000000000035,2416.899999999999,4430.749999999985,2026-01-04
MG,15,211,33,43,60,103,518.75,1427.5000000000007,2912.749999999999,5393.699999999963,2026-01-11
MG,16,263.5,41,53.95,73.9,127,638,1628.700000000001,3340.999999999999,6471.224999999993,2026-01-18
MG,17,301,44.975,58.95,86.9,158,701.5,1904.800000000001,4253.299999999999,8019.149999999983,2026-01-25
MG,18,370,58,80.95,111.9,184,891.25,2115.9000000000015,4101.4,8144.924999999989,2026-02-01
MG,19,434.5,72,98,130,222,1000,2492.000000000002,4959.049999999999,9228.62499999998,2026-02-08
MG,20,495,79,110,144,261,1134.5,2709.3,6153.249999999997,10443.199999999993,2026-02-15
MG,21,563,92,118,161.8,282,1294.75,3326.4000000000005,6680.299999999996,12014.474999999991,2026-02-22
MG,22,631,102.97500000000001,133,175.9,313,1413,3749.3,6910.799999999996,14042.449999999997,2026-03-01
MG,23,661.5,111,147.95,200,345,1511,4153.200000000002,7675.9499999999925,13388.47499999998,2026-03-08
MG,24,696.5,122.97500000000001,159.95,214,346,1631,3903.9000000000015,8023.199999999999,14743.324999999997,2026-03-15
MG,25,715,118,151.95,204,362,1580,4178.900000000002,8537.249999999998,16401.099999999933,2026-03-22
MG,26,700,116.975,159,207.9,363.75,1595.75,3868.1000000000004,7894.45,13638.649999999996,2026-03-29
MG,27,680.5,117.975,149,202,347.5,1508.25,3992.8000000000047,7107.499999999993,15393.42499999996,2026-04-05
MG,28,637.5,116.975,146,196,329,1453.25,3608.000000000002,7398.399999999998,13238.149999999978,2026-04-12
MG,29,627,109.975,139,180.9,322,1420,3619.2000000000025,6455.399999999985,15260.124999999998,2026-04-19
MG,30,591.5,105.975,135,175,299.75,1311.5,3573.900000000001,6509.799999999995,13887.424999999965,2026-04-26
MG,31,528.5,93.95,119,158,270,1215.5,2947,6304.049999999999,11184.249999999982,2026-05-03
MG,32,474,82.97500000000001,100.95,138,236.75,1069,2714.9000000000015,5204.649999999996,9978.099999999957,2026-05-10
MG,33,444,68.94999999999999,90,124,214,961.25,2446.1000000000004,5032.649999999999,10896.549999999992,2026-05-17
MG,34,371,61,79,108.9,186,843.25,2105.400000000006,4209.299999999999,7828.449999999987,2026-05-24
MG,35,305.5,47,63,89,157,716.25,1789.1000000000001,3230.1499999999987,6513.999999999967,2026-05-31
MG,36,267.5,43.975,57.95,78,131,623.5,1711.6000000000008,3121.2499999999995,6789.949999999995,2026-06-07
MG,37,226,37,48.95,65,110.75,521.25,1447.1000000000001,2953.2499999999995,6818.8749999999845,2026-06-14
MG,38,184,29,39,54,96,443.25,1185.1000000000001,2474.7999999999965,4790.349999999998,2026-06-21
MG,39,173,27.975,38,51,88,393.25,976.1000000000001,1878.5999999999976,3547.2499999999764,2026-06-28
MG,40,209.5,33,46,64,104,493,1180,2090.749999999999,3891.5249999999915,2026-07-05
MG,41,255,43.975,57.95,74.9,126,562.25,1369.1000000000001,2263.6499999999996,4397.349999999987,2026-07-12
MG,42,296,50,63,86.9,147,715.25,1748.2000000000003,3190.6999999999994,6749.974999999984,2026-07-19
MG,43,365.5,57.975,74,105,187,813.25,1828.5000000000007,3471.099999999999,5857.274999999999,2026-07-26
MG,44,435.5,75,99,133,223.75,982,2430.1000000000013,4380.799999999999,7936.399999999992,2026-08-02
MG,45,476.5,84.975,112,152.9,253,1097.75,2508.3,5093.199999999999,9188.424999999992,2026-08-09
MG,46,548,91.95,123,170.9,294,1231,2877.7000000000025,4991.499999999997,10099.724999999997,2026-08-16
MG,47,624.5,100,141,192,320.75,1449.25,3146.3,6565.8499999999985,12105.049999999974,2026-08-23
MG,48,652.5,115.975,146,206.9,347,1450.25,3404.100000000003,6604.599999999997,12970.424999999981,2026-08-30
MG,49,684.5,124,167,217.9,361,1517,3671.2000000000007,6318.749999999997,12814.749999999996,2026-09-06
MG,50,714,124.94999999999999,164,217,360,1521.5,3602.1000000000004,6683.799999999994,10569.37499999996,2026-09-13
MG,51,694,122.97500000000001,169.95,224,378.75,1414.25,3274.500000000001,6255.35,10325.749999999956,2026-09-20
MG,52,677.5,127,162,218,360,1506.5,3580.800000000001,6758.65,14057.824999999984,2026-09-27
MS,1,5,0,0,0,2,13,33,56.09999999999991,100.04999999999973,2025-10-05
MS,2,5,0,0,1,2,13,31,59.049999999999955,122,2025-10-12
MS,3,5,0,0,1,2,12,31,59.049999999999955,105.09999999999945,2025-10-19
MS,4,5,0,0,0,2,13,31,58.049999999999955,107.12499999999932,2025-10-26
MS,5,6,0,0,1,2,13,32,56.049999999999955,99.09999999999945,2025-11-02
MS,6,6,0,0,1,2,14,34,67.04999999999995,132.14999999999918,2025-11-09
MS,7,6,0,0,1,2,14,35,62,113,2025-11-16
MS,8,6.5,0,0,1,2,15,36,67.04999999999995,133.12499999999932,2025-11-23
MS,9,7,0,0,1,2,17,40,75,140.04999999999973,2025-11-30
MS,10,7,0,0,1,3,17,42,78.04999999999995,134.12499999999932,2025-12-07
MS,11,8,0,0,1,3,19,45,84.04999999999995,160.02499999999986,2025-12-14
MS,12,8.5,0,1,1,3,22,52,93.04999999999995,171.12499999999932,2025-12-21
MS,13,8,0,0,1,3,21,49,90.04999999999995,173.02499999999986,2025-12-28
MS,14,10,0,1,2,4,24,61,110.19999999999982,222.3499999999981,2026-01-04
MS,15,11,0,1,2,4,27,68,140.04999999999995,241.37499999999795,2026-01-11
MS,16,12,0,1,2,5,29,77,134.04999999999995,256.09999999999945,2026-01-18
MS,17,15,1,1,2.9000000000000057,6,36,90,158.24999999999977,278,2026-01-25
MS,18,17,1,2,3,7,42,100,182.0999999999999,342.3499999999981,2026-02-01
MS,19,20,1,2,3,8,48,118.10000000000014,205.04999999999995,405.37499999999795,2026-02-08
MS,20,24,1,3,4,10,54,137,262,500.17499999999905,2026-02-15
MS,21,26,2,3,5,11,63,158.10000000000014,294.5499999999995,473.09999999999945,2026-02-22
MS,22,28,2,4,6,12,71,177,332.14999999999986,566.0249999999999,2026-03-01
MS,23,32,2.9750000000000014,4,6,13,80,197,387.0999999999999,750.0499999999997,2026-03-08
MS,24,35,3,4,6,15,84,191.50000000000068,365.7999999999993,744.6249999999966,2026-03-15
MS,25,37,2,4,7,16,89,215.10000000000014,397.14999999999986,731.2249999999988,2026-03-22
MS,26,37,3,4,7,15,95,230,425.4499999999996,728.0749999999996,2026-03-29
MS,27,37,3,5,8,16,90.25,232,432.0999999999999,721.4249999999977,2026-04-05
MS,28,37,2,4,7,15,88,238.10000000000014,425.1999999999998,767.0749999999996,2026-04-12
MS,29,35,2,4,6,14,84,206,403.39999999999964,626,2026-04-19
MS,30,35,2,4,6,14,87,205,378.04999999999995,588.2749999999985,2026-04-26
MS,31,33,2,4,6,13,80.25,195.10000000000014,360.04999999999995,668.2999999999984,2026-05-03
MS,32,30,2,3,6,13,74.25,196.10000000000014,359,607.5999999999967,2026-05-10
MS,33,27,2,3,5,12,69,180.20000000000027,322.2499999999998,533.1999999999989,2026-05-17
MS,34,24,1,2,4,10,56,145.10000000000014,257.1999999999998,522.4999999999973,2026-05-24
MS,35,22,1,2,4,9,54,131.10000000000014,228.0999999999999,343.0749999999996,2026-05-31
MS,36,19,1,2,3,8,48,111.10000000000014,207.19999999999982,396.0499999999997,2026-06-07
MS,37,17,1,2,3,7,42,100.10000000000014,174.04999999999995,298.02499999999986,2026-06-14
MS,38,13,1,1,2,6,33,84,159.04999999999995,302.37499999999795,2026-06-21
MS,39,9,0,1,1,4,22.25,58.100000000000136,126,234.09999999999945,2026-06-28
MS,40,10,0,1,2,5,25,68.10000000000014,122.14999999999986,207.0749999999996,2026-07-05
MS,41,12,0,1,2,5,30,74,141.14999999999986,259.4249999999977,2026-07-12
MS,42,14,1,1,2,6,33,85,178.14999999999986,345.2749999999985,2026-07-19
MS,43,16,1,2,3,7,40,98,186.04999999999995,363.02499999999986,2026-07-26
MS,44,19,1,2,4,8,47.25,113,219.0999999999999,390.37499999999795,2026-08-02
MS,45,21,1,2,4,9,53,141,271.1999999999998,472.17499999999905,2026-08-09
MS,46,24,2,3,5,11,60.25,171,346,618.5749999999969,2026-08-16
MS,47,27,2,4,6,12,68.25,164.10000000000014,339.0999999999999,640.0999999999995,2026-08-23
MS,48,30,2,4,6,13,74,177,386.04999999999995,737.9999999999945,2026-08-30
MS,49,33,2,4,6,14,79,208.40000000000055,411.04999999999995,749.2749999999985,2026-09-06
MS,50,34,3,5,7,15,82,206.20000000000027,412.1999999999998,742.0249999999999,2026-09-13
MS,51,33,2.9750000000000014,4,6,14,86.25,214.20000000000027,397.1999999999998,663.0499999999997,2026-09-20
MS,52,35,3,5,7,15,88,224.3000000000004,469.2499999999998,797.2499999999986,2026-09-27
MT,1,9,0,0,1,3,26,79,166,335.64999999999645,2025-10-05
MT,2,9,0,0,1,4,24,70.10000000000014,151,320.17499999999905,2025-10-12
MT,3,9,0,0,1,3,26,75,155,327.17499999999905,2025-10-19
MT,4,10,0,1,2,4,28,87.10000000000014,208.0999999999999,377.57499999999686,2025-10-26
MT,5,10,0,1,2,4,31,89,203.04999999999995,441.2749999999985,2025-11-02
MT,6,12,0,1,2,5,35,101.10000000000014,212,404.29999999999836,2025-11-09
MT,7,13,0,1,2,6,40,113.10000000000014,247.0999999999999,543.5749999999969,2025-11-16
MT,8,16,1,1,3,6,47,131.10000000000014,281.1999999999998,590.2999999999984,2025-11-23
MT,9,19,1,2,3,8,55,164,414.2999999999997,778.1499999999992,2025-11-30
MT,10,24,2,3,4,10,67.25,200.10000000000014,408.2499999999998,743.0749999999996,2025-12-07
MT,11,30,2,3,5,11,79,225.50000000000068,525.1499999999999,1033.2999999999984,2025-12-14
MT,12,34,2,4,6,15,101.25,302.10000000000014,642.1999999999998,1337.1499999999992,2025-12-21
MT,13,36,3,4,7,16,99,316,749.8499999999992,1586.8499999999844,2025-12-28
MT,14,46,3,5,9,20,118,342.2000000000003,779.05,1792.9499999999948,2026-01-04
MT,15,58,5,8,11,23,148,442.10000000000014,1040.299999999998,1938.0749999999996,2026-01-11
MT,16,68,6,9,14,31,197,500.6000000000008,1320.3499999999997,2332.8499999999894,2026-01-18
MT,17,84,7,10,15,33,223.25,698.9000000000012,1474.4499999999941,3257.3999999999705,2026-01-25
MT,18,88.5,7.975000000000001,12,18,37,243,671.1000000000001,1407.7999999999975,3284.949999999979,2026-02-01
MT,19,94,8,12,19,41,263,848.2000000000003,1811.1499999999999,3408.799999999963,2026-02-08
MT,20,101,9,14,20,41,290.25,953.4000000000005,2056.3999999999996,4966.074999999994,2026-02-15
MT,21,105,9,13,21,44,280,839.2000000000003,1821.3499999999997,3576.8999999999733,2026-02-22
MT,22,104.5,9,13,19.900000000000006,42,280.25,789.5000000000007,1506.8999999999992,2827.1999999999935,2026-03-01
MT,23,98,9,14,21,43,276,745.1000000000001,1562.2999999999988,2976.324999999998,2026-03-08
MT,24,102,8,12.950000000000003,22,42,274.25,766,1461.7999999999993,3032.574999999986,2026-03-15
MT,25,99,10,14,20,41.75,252,789.5000000000007,1625.05,2932.8499999999844,2026-03-22
MT,26,100,9,14,21,44,266,854,1608.5999999999985,3392.974999999984,2026-03-29
MT,27,101,9,13,21,40,266,731.2000000000003,1490.2499999999998,2765.2749999999987,2026-04-05
MT,28,97.5,9,14,21,43,259.25,693.1000000000001,1509.4999999999977,2877.4999999999973,2026-04-12
MT,29,93,10,14,20,40,243,682.1000000000001,1363.4499999999996,2401.1999999999935,2026-04-19
MT,30,87.5,8,13,20,39,235.25,695,1335.05,2650.124999999999,2026-04-26
MT,31,87,8,11,18,38,234.25,694.3000000000004,1321.05,2349.075,2026-05-03
MT,32,82,7,12,17,36,221,620.3000000000004,1154.1,2122.7999999999956,2026-05-10
MT,33,76,8,11,17,33,195,513.3000000000004,1002.3999999999996,1866.0999999999995,2026-05-17
MT,34,72,7,10,16,29.75,189.25,519,971.2999999999997,1714.899999999995,2026-05-24
MT,35,61.5,6,9,13,28,160.25,462.10000000000014,941.5499999999995,1650.4249999999977,2026-05-31
MT,36,52,4,7,12,24,145,418.3000000000004,918.05,1910.1249999999993,2026-06-07
MT,37,49,5,7,10,22,134,384.10000000000014,767,1658.7749999999903,2026-06-14
MT,38,44.5,4,5,9,18,115,353.10000000000014,730.3499999999997,1541.9749999999892,2026-06-21
MT,39,49,4,6,9,19,128.25,364.10000000000014,700.1999999999989,1669.1249999999884,2026-06-28
MT,40,57,5,7,11,23,151,479.2000000000003,1008.4499999999996,2088.249999999993,2026-07-05
MT,41,75,6,9,14,30,217,585.6000000000008,1388.6999999999994,2856.699999999996,2026-07-12
MT,42,89,8,10,17,35,227,630.3000000000018,1449.6499999999994,2925.099999999994,2026-07-19
MT,43,93,8,12,19,38,265,772.5000000000007,1840.2499999999998,4008.5999999999913,2026-07-26
MT,44,107,8.975000000000001,13,20,43,283,808.3000000000004,1866.2999999999988,3436.549999999991,2026-08-02
MT,45,107,9,14,21,44,290,807,1898.05,3554.7749999999414,2026-08-09
MT,46,109,9,13,22,45.75,286,788.3000000000004,1707.8499999999992,3868.2999999999984,2026-08-16
MT,47,107,9,14,21,44,279,836.2000000000003,1832.4999999999995,3918.0499999999997,2026-08-23
MT,48,109,9,14,21.900000000000006,46,283,817.2000000000003,1512.5999999999995,3459.449999999997,2026-08-30
MT,49,104,9.975000000000001,14,21,44.75,276,773.1000000000001,1710.8499999999992,3616.6249999999964,2026-09-06
MT,50,106.5,10.975000000000001,15,23,43,267.25,762.4000000000005,1764.6499999999994,3681.05,2026-09-13
MT,51,100.5,10,15,22,44,253.25,799.700000000001,1824.5499999999995,3209.399999999998,2026-09-20
MT,52,108,10,14,22,44,272.25,750.700000000001,1547.4499999999987,3198.2249999999876,2026-09-27
PA,1,15,1,2,4,8,33,72,119,217.3499999999981,2025-10-05
PA,2,15,1,2,4,7,32,72,121.04999999999995,218.04999999999973,2025-10-12
PA,3,15,1,2,3,7,30,67,124.04999999999995,237.14999999999918,2025-10-19
PA,4,15,1,2,4,7,32,71,126.14999999999986,244.17499999999905,2025-10-26
PA,5,15,1,2,3,7,32,77,133.0999999999999,236.02499999999986,2025-11-02
PA,6,16,1,2,4,7,32,71,120.09999999999991,205.04999999999973,2025-11-09
PA,7,15,1,2,3,7,34,75,141.14999999999986,244.17499999999905,2025-11-16
PA,8,15,1,2,3,7,34,77,143.04999999999995,228,2025-11-23
PA,9,17,1,2,4,8,36,79,138,253.17499999999905,2025-11-30
PA,10,18,2,2,4,8,38,80.10000000000014,147.19999999999982,263.0749999999996,2025-12-07
PA,11,19,2,3,5,9,43,91,162.24999999999977,303.0499999999997,2025-12-14
PA,12,20.5,2,4,5,10,44,98,174.04999999999995,353.0499999999997,2025-12-21
PA,13,21,2,3,5,9.75,45,102,178.04999999999995,334.09999999999945,2025-12-28
PA,14,23.5,2,4,6,12,50,112.10000000000014,210.19999999999982,425.1499999999992,2026-01-04
PA,15,27,3,4,7,13,57,119,220.04999999999995,382.3249999999982,2026-01-11
PA,16,30,4,6,9,16,62,135,238.04999999999995,441.3999999999978,2026-01-18
PA,17,34,5,6,9,17,70,140.20000000000027,256,469.3249999999982,2026-01-25
PA,18,37,6,8,12,20,73,151.10000000000014,263.1999999999998,456,2026-02-01
PA,19,40.5,6,8,11,21,80,169.3000000000004,292.04999999999995,551.7999999999956,2026-02-08
PA,20,42,6,9,12,22,82.25,174.10000000000014,301.14999999999986,488.0499999999997,2026-02-15
PA,21,43,6,10,14,23,84.25,178,296.04999999999995,465.24999999999864,2026-02-22
PA,22,43,7,9,14,23,83,175,287.1999999999998,519.3249999999982,2026-03-01
PA,23,44,7,10,14,23,89.25,175.10000000000014,310.04999999999995,450.17499999999905,2026-03-08
PA,24,42,7,9,13,23,86,167.10000000000014,284,512.1499999999992,2026-03-15
PA,25,42,6,9,13,23,81,172,298.0999999999999,514.0249999999999,2026-03-22
PA,26,39.5,7,9,12,21,79,161,285.1999999999998,509.09999999999945,2026-03-29
PA,27,40,6,8,12,21,78,153,252.0999999999999,456,2026-04-05
PA,28,39,6,8,11,21,75,153,268.14999999999986,442.1499999999992,2026-04-12
PA,29,36,5,8,11,19,72,147,266,434.02499999999986,2026-04-19
PA,30,37,5,8,11,19,72.25,151.10000000000014,258.04999999999995,480.44999999999754,2026-04-26
PA,31,35,5,7,10,19,67,142.10000000000014,230.0999999999999,402.02499999999986,2026-05-03
PA,32,35,5,7,10,18,68,150,278.04999999999995,453.17499999999905,2026-05-10
PA,33,34,4,6,9,17,64,128,216.04999999999995,399.1249999999993,2026-05-17
PA,34,32,4,6,9,17,63,124.10000000000014,223.04999999999995,412.1249999999993,2026-05-24
PA,35,31,4,6,9,16,60,122,224.04999999999995,425.0499999999997,2026-05-31
PA,36,28.5,4,5,8,15,57.25,123.10000000000014,233.04999999999995,382.1999999999989,2026-06-07
PA,37,29,4,5,8,14,56.25,113.10000000000014,205.04999999999995,345.1499999999992,2026-06-14
PA,38,27,3,5,8,14,54,112,186,329.09999999999945,2026-06-21
PA,39,22,3,4,6,11,49,119.10000000000014,207.04999999999995,364.1499999999992,2026-06-28
PA,40,26,4,5,7,14,58,137.10000000000014,236.04999999999995,427.3499999999981,2026-07-05
PA,41,29,4,6,9,15.75,59,128.10000000000014,228.29999999999973,428.1999999999989,2026-07-12
PA,42,34,5,6,9,17,67.25,153.10000000000014,259.04999999999995,495.09999999999945,2026-07-19
PA,43,37,6,8,11,20,76,154.20000000000027,269.0999999999999,437.52499999999714,2026-07-26
PA,44,39,6,9,12,21,76,156,263.14999999999986,490,2026-08-02
PA,45,41,6,9,13,23,87,186.10000000000014,311.6499999999994,471.3999999999978,2026-08-09
PA,46,44,7,10,13,23,87,181.10000000000014,308.0999999999999,569.0749999999996,2026-08-16
PA,47,44,7,9.950000000000003,13.900000000000006,24,88,177.10000000000014,298.04999999999995,525.0999999999995,2026-08-23
PA,48,43,7,10,14,24,85.25,183.10000000000014,327.2499999999998,508.02499999999986,2026-08-30
PA,49,43,7,9,14,24,85,186.10000000000014,291.14999999999986,446.09999999999945,2026-09-06
PA,50,41,7,9,12,23,83,178,322.0999999999999,560.4499999999975,2026-09-13
PA,51,41,6,8,12,21,81,168,286.0999999999999,501.09999999999945,2026-09-20
PA,52,38,6,8,12,20,78,161,272.0999999999999,501.1999999999989,2026-09-27
PB,1,32,4,6,9,17,65,125.10000000000014,190,308,2025-10-05
PB,2,32,4,6,9,16,62,118.10000000000014,178.04999999999995,267.1249999999993,2025-10-12
PB,3,29,4,5,8,15,55,111.10000000000014,174,252.17499999999905,2025-10-19
PB,4,26,3,4,7,13,50,101,163,236.09999999999945,2025-10-26
PB,5,25,3,4,6,12,52,94.10000000000014,146,211.04999999999973,2025-11-02
PB,6,23,2,4,6,12,45,89,126,171.04999999999973,2025-11-09
PB,7,21,2,3,5,10,41,74.10000000000014,109,178,2025-11-16
PB,8,20,2,3,5,10,39,75.10000000000014,107.04999999999995,151,2025-11-23
PB,9,19,2,3,5,10,37,70,106.09999999999991,152.04999999999973,2025-11-30
PB,10,19,2,3,5,9,37,68.10000000000014,108,139,2025-12-07
PB,11,18,2,3,5,9,36,72.10000000000014,106.04999999999995,151,2025-12-14
PB,12,19,2,3,5,9,37,72.10000000000014,111,170.0749999999996,2025-12-21
PB,13,19,2,3,5,10,39,73.10000000000014,111.04999999999995,166,2025-12-28
PB,14,20,2,3,5,10,41,80.10000000000014,134.04999999999995,193,2026-01-04
PB,15,24,2,4,6,12,44.25,87.10000000000014,141,219,2026-01-11
PB,16,27,3,5,7,14,52,99,145.0999999999999,232.14999999999918,2026-01-18
PB,17,32,4,5,8.900000000000006,16,62,121.10000000000014,194,263.02499999999986,2026-01-25
PB,18,37,4,7,10,19,72.25,134,208.04999999999995,320.0749999999996,2026-02-01
PB,19,44,5,8,12,23,85,156.10000000000014,269.04999999999995,376.29999999999836,2026-02-08
PB,20,52,7,10,15,27,100,184.10000000000014,282.04999999999995,424.0499999999997,2026-02-15
PB,21,59,8,11,17,31,116,211,320.1999999999998,539.2249999999988,2026-02-22
PB,22,69,9,13,20,36,139,259.3000000000004,398.14999999999986,592.2749999999985,2026-03-01
PB,23,76,12,15,21,39,144,281,423.14999999999986,612.5249999999971,2026-03-08
PB,24,82,12,17,24,43,165,321.10000000000014,515,734.0999999999995,2026-03-15
PB,25,89,14,19,27,46,175,334,506.0999999999999,705.2999999999984,2026-03-22
PB,26,96,13.975000000000001,19,28,52,182.25,366.2000000000003,564.0999999999999,838.0249999999999,2026-03-29
PB,27,98,15,21,31,54,187.25,374.40000000000055,551.05,898.3499999999981,2026-04-05
PB,28,106,15,21,30,57,201,381,613.3999999999996,917.0499999999997,2026-04-12
PB,29,105,14.975000000000001,20,29,55.75,207,410,630.05,855.0249999999999,2026-04-19
PB,30,108,15,21,31,56,216,395.2000000000003,637.6499999999994,887,2026-04-26
PB,31,105,16,22,30,55,211,415.10000000000014,600.1499999999999,883.3499999999981,2026-05-03
PB,32,111,18,22,32,59,222,425.10000000000014,605.0999999999999,886.0249999999999,2026-05-10
PB,33,111,17,22,32,58,212,394.10000000000014,674.05,913.5249999999971,2026-05-17
PB,34,110,16,23,33,59,217,418,665,920.1249999999993,2026-05-24
PB,35,113,15.975000000000001,22,32,61,213,384,606.3999999999996,948.0999999999995,2026-05-31
PB,36,109,17,22,32,58,212,416.10000000000014,624.5999999999995,883,2026-06-07
PB,37,110.5,15,20.950000000000003,31,56,213.25,404,592.3999999999996,871.3499999999981,2026-06-14
PB,38,105,15,19,30,55,208.25,369.2000000000003,596.1999999999998,921.174999999999,2026-06-21
PB,39,22,2,3,5.900000000000006,11,43,87,123.04999999999995,174.09999999999945,2026-06-28
PB,40,24,2,3,6,12,48,94,130.04999999999995,181.14999999999918,2026-07-05
PB,41,28,3,4,7,13.75,56,108,152.04999999999995,251.02499999999986,2026-07-12
PB,42,31,3,5,8,16,63,121.10000000000014,182.14999999999986,268.1499999999992,2026-07-19
PB,43,36,4,6,10,19,71,136.10000000000014,202.0999999999999,293.02499999999986,2026-07-26
PB,44,42,5.975000000000001,8,11,21,86,167.10000000000014,249.0999999999999,373.1249999999993,2026-08-02
PB,45,51,6,9,14,26,100,184.10000000000014,278.04999999999995,406.0749999999996,2026-08-09
PB,46,58,7,9,15,31,117,214.10000000000014,333.14999999999986,540.0249999999999,2026-08-16
PB,47,66,8,11,17,35,132,242.10000000000014,340.0999999999999,524.2749999999985,2026-08-23
PB,48,77,8,12.950000000000003,20,38,154,300.2000000000003,419,660.2999999999984,2026-08-30
PB,49,82,11,15,22,41,165,313.10000000000014,453.14999999999986,663.0749999999996,2026-09-06
PB,50,90,12,17,26,45,177,350.10000000000014,512.05,753.2749999999985,2026-09-13
PB,51,95.5,13,17,25,49,183,358,550.0999999999999,811.0249999999999,2026-09-20
PB,52,101,12,17,25.900000000000006,50,196,382.2000000000003,595.1999999999998,844.0749999999996,2026-09-27
PE,1,79,8.975000000000001,12,19,37,160,326.40000000000055,546.1499999999999,825.174999999999,2025-10-05
PE,2,75,7.975000000000001,11,17,35,152.25,309.10000000000014,509.6499999999994,784.4749999999974,2025-10-12
PE,3,69,7,11,17,33.75,141,302,487.14999999999986,705,2025-10-19
PE,4,71,7,11,17,34,146,292.10000000000014,463,729.0249999999999,2025-10-26
PE,5,69,8.975000000000001,12,17,33.75,143,294.2000000000003,444.1999999999998,652.1999999999989,2025-11-02
PE,6,66,7,11,16,33,140.25,276,416.0999999999999,598.3499999999981,2025-11-09
PE,7,64,8,11.950000000000003,17,33,135,266,423.04999999999995,626.1499999999992,2025-11-16
PE,8,63.5,6,10,16,31,133.25,267,408.04999999999995,574.0499999999997,2025-11-23
PE,9,65,7,11,18,32.75,128,239.20000000000027,408.04999999999995,600.0999999999995,2025-11-30
PE,10,63,7,11,17,32,130,250.20000000000027,402.04999999999995,627.3249999999982,2025-12-07
PE,11,64,8,11,16,31,132,267.10000000000014,406.4499999999996,637.2499999999986,2025-12-14
PE,12,66,8,12,17,34,135,253,405,658.174999999999,2025-12-21
PE,13,64,8,12,17,33,125,255.10000000000014,411.04999999999995,645.0999999999995,2025-12-28
PE,14,69.5,8,11,17,34,143,273.10000000000014,421,626.2999999999984,2026-01-04
PE,15,74.5,9,14,20,37,152,289,423,789.0249999999999,2026-01-11
PE,16,81,11,14,20,41,164,303.3000000000004,455,648.2249999999988,2026-01-18
PE,17,88,11,17,25,44,176,340.10000000000014,520.3999999999996,793.4249999999977,2026-01-25
PE,18,99,11.975000000000001,18,28,51,192.25,369.3000000000004,584.4999999999995,889.1499999999992,2026-02-01
PE,19,111,15,20,31,57.75,219,435.3000000000004,634.5999999999995,954.2749999999985,2026-02-08
PE,20,121,15,22,32,62.75,249,478,771.4499999999996,1119.2749999999985,2026-02-15
PE,21,130,14.975000000000001,23,36,68,267.25,554,799.0999999999999,1189.3499999999926,2026-02-22
PE,22,136,19,25,37,71,276,519.2000000000003,833.2999999999997,1391.0249999999999,2026-03-01
PE,23,147,20,27.950000000000003,41,76,302.25,573.4000000000005,836.2999999999997,1340.1499999999992,2026-03-08
PE,24,154,22,30,43,78,297,574.5000000000007,914.2999999999997,1445.4249999999977,2026-03-15
PE,25,159,19,27,40,79.75,309,604,998.6999999999994,1420.174999999999,2026-03-22
PE,26,155.5,22,28.950000000000003,41,80,320,593.1000000000001,892.3499999999997,1347.0999999999995,2026-03-29
PE,27,159,22,29,42,81,313.25,646.2000000000003,978.0999999999999,1559.0999999999885,2026-04-05
PE,28,165,21,28,43,84,348.5,644.700000000001,1000.0999999999999,1395.7249999999906,2026-04-12
PE,29,162,25,35,46.900000000000006,84,339.25,677.2000000000003,1027.4999999999995,1584.174999999999,2026-04-19
PE,30,168,21,30,46,86,334,655.1000000000001,1019.2999999999997,1648.4999999999973,2026-04-26
PE,31,177,22,30,45,87,364,683.4000000000005,1063.2499999999998,1539.374999999998,2026-05-03
PE,32,173.5,21.975,30,45,88,361.25,723.6000000000008,1124.05,1808.3999999999978,2026-05-10
PE,33,172,21,31,46,87,361.25,721.3000000000004,1111.3999999999996,1663.4249999999977,2026-05-17
PE,34,174.5,22,32,47,88,331.25,647.4000000000005,998.1999999999998,1446.0999999999995,2026-05-24
PE,35,173,22.975,32.95,45,87,363,696.3000000000004,1066.5499999999995,1670.3249999999982,2026-05-31
PE,36,170.5,24,33,49,86,363,733.4000000000005,1055.05,1691.3249999999982,2026-06-07
PE,37,165,21,31,45.900000000000006,85,341,709.9000000000012,1104.2499999999998,1495.2749999999985,2026-06-14
PE,38,166.5,21,29,43.900000000000006,81,349,723,1083.1499999999999,1560.6749999999963,2026-06-21
PE,39,68,9,12,18,34,145,279.2000000000003,452,677.0749999999996,2026-06-28
PE,40,75,9,13,20,38,156,307.10000000000014,485,774.0499999999997,2026-07-05
PE,41,81,10,14,21,41,165.25,351.2000000000003,494.04999999999995,719.1249999999993,2026-07-12
PE,42,87.5,11,15,22,43,172.25,344.10000000000014,528.05,790.2749999999985,2026-07-19
PE,43,99,14,19,27,50,198.25,427.3000000000004,618.0999999999999,924.0749999999996,2026-07-26
PE,44,109,15,21,32,55,222,457.6000000000008,684.5999999999995,958.1999999999989,2026-08-02
PE,45,121,15,22,34,62,257,469,781.9999999999991,1276.5749999999969,2026-08-09
PE,46,129,18,23,35,66,259.5,506.5000000000007,731.2999999999997,1168.2749999999985,2026-08-16
PE,47,135,17,26,38,68,285.25,524.2000000000003,898.1999999999998,1496.6999999999962,2026-08-23
PE,48,144,21,28,42,75,296,569.1000000000001,896.6499999999994,1385.0499999999997,2026-08-30
PE,49,151.5,20,28,41,75,312,605.1000000000001,950.5499999999995,1438.1249999999993,2026-09-06
PE,50,161,22,31,46,85,315,626.1000000000001,904.3499999999997,1273.5999999999967,2026-09-13
PE,51,158.5,19,28,41,79,327.25,652.3000000000004,995.5999999999995,1511.749999999996,2026-09-20
PE,52,165,22,30.950000000000003,43,79,325,662.5000000000007,1016.3999999999996,1499.2249999999988,2026-09-27
PI,1,6,0,0,1,3,13,24,39,58.024999999999864,2025-10-05
PI,2,6,0,0,1,2,12,24,37,55,2025-10-12
PI,3,5,0,0,1,2,12,23,36,48.04999999999973,2025-10-19
PI,4,5,0,0,0,2,10,22,35,49.024999999999864,2025-10-26
PI,5,5,0,0,1,2,11,21,30.049999999999955,46.024999999999864,2025-11-02
PI,6,5,0,0,0,2,10,20,31,47.024999999999864,2025-11-09
PI,7,4,0,0,1,2,10,20,29,48,2025-11-16
PI,8,4,0,0,1,2,10,20,31.049999999999955,47.024999999999864,2025-11-23
PI,9,4,0,0,0,2,11,21,33,46.024999999999864,2025-11-30
PI,10,4,0,0,0,2,10,21,32.049999999999955,52,2025-12-07
PI,11,5,0,0,0,2,11,21,33.049999999999955,53.024999999999864,2025-12-14
PI,12,5,0,0,1,2,12,24,37,54,2025-12-21
PI,13,5,0,0,1,2,12,24,38.049999999999955,53.04999999999973,2025-12-28
PI,14,6,0,0,1,2,14,29.100000000000136,46,72,2026-01-04
PI,15,7,0,0,1,3,16,34,51,74.02499999999986,2026-01-11
PI,16,9,0,1,2,4,18,38,61.049999999999955,91.12499999999932,2026-01-18
PI,17,10,0,1,2,4,22,43,70,100,2026-01-25
PI,18,13,1,2,3,6,27,55,85,132.0749999999996,2026-02-01
PI,19,16,1,2,4,8,34,71,115.09999999999991,159.14999999999918,2026-02-08
PI,20,19,2,3,5,9,42,84,120.09999999999991,195.14999999999918,2026-02-15
PI,21,24,2,3,5,12,50,103,146,221.02499999999986,2026-02-22
PI,22,29,3,4,7,14,61,129,207.0999999999999,317,2026-03-01
PI,23,35,4,5,8,18,73.25,139.10000000000014,227.14999999999986,351.09999999999945,2026-03-08
PI,24,43,5,7,10,21,85.25,173,280.1999999999998,438.0499999999997,2026-03-15
PI,25,47.5,5,9,12,24,105,215,355,489.52499999999714,2026-03-22
PI,26,53,7,10,14,26,114.25,236.10000000000014,357.5499999999995,545,2026-03-29
PI,27,61.5,7,10,15,29,128,255.10000000000014,373,570.3499999999981,2026-04-05
PI,28,68,8,11,17,33,140,295.2000000000003,467.14999999999986,693.0249999999999,2026-04-12
PI,29,77,8,12,19,37,151,304,497.0999999999999,876.0749999999996,2026-04-19
PI,30,78,10,14,20,39,159.25,308.10000000000014,467.3499999999997,754.5999999999967,2026-04-26
PI,31,79,10,14,21,38,158.25,316,517.1499999999999,836.174999999999,2026-05-03
PI,32,80,9,14,20,40,173,337,522.2999999999997,888.1499999999992,2026-05-10
PI,33,78,10,14.950000000000003,22,39,159,314,499.2999999999997,851.7749999999958,2026-05-17
PI,34,74,10,14,21,37,153,293.2000000000003,448.04999999999995,690.174999999999,2026-05-24
PI,35,65,8.975000000000001,12,17,33,133,278.10000000000014,407.1999999999998,709,2026-05-31
PI,36,63,7,11,17,31,127,265.10000000000014,433.0999999999999,613,2026-06-07
PI,37,56.5,7,10,15,28,112.25,236,381.2499999999998,606.0499999999997,2026-06-14
PI,38,51,6,9,13,25.75,107,212.10000000000014,325.14999999999986,487.0749999999996,2026-06-21
PI,39,6,0,0,1,2,12,24,37,58.024999999999864,2026-06-28
PI,40,7,0,0,1,3,14,31,48,74,2026-07-05
PI,41,8,0,1,1,4,17,37,56.049999999999955,84.02499999999986,2026-07-12
PI,42,11,0,1,2,5,22,41.100000000000136,71.04999999999995,112,2026-07-19
PI,43,12,1,1,3,6,25,47,71.04999999999995,109.02499999999986,2026-07-26
PI,44,16,1,2,4,8,30.25,61,98.04999999999995,144.04999999999973,2026-08-02
PI,45,19,2,3,5,9,38,77.10000000000014,117,179.0749999999996,2026-08-09
PI,46,23,2,3,6,11,46,89,132,200.02499999999986,2026-08-16
PI,47,28,3,5,7,14,57,117.10000000000014,194.0999999999999,278.1499999999992,2026-08-23
PI,48,33,3,6,9,17,68,141,211.04999999999995,333.0749999999996,2026-08-30
PI,49,38,5,6,10,19,77,162.10000000000014,246.19999999999982,395,2026-09-06
PI,50,45,5,8,12,22,95,191.10000000000014,298.2499999999998,470,2026-09-13
PI,51,54,6.975000000000001,10,15,28,110,204.10000000000014,330.04999999999995,527.3249999999982,2026-09-20
PI,52,60,7,10,16,29,122,234.20000000000027,386.2999999999997,637.174999999999,2026-09-27
PR,1,3,0,0,0,1,6,14,24.049999999999955,44,2025-10-05
PR,2,3,0,0,0,1,7,15,25,42.024999999999864,2025-10-12
PR,3,3,0,0,0,1,8,16,25,43,2025-10-19
PR,4,4,0,0,1,2,8,18,29,46,2025-10-26
PR,5,4,0,0,1,2,9,17,32,53,2025-11-02
PR,6,4,0,0,1,2,9,19,33,53,2025-11-09
PR,7,5,0,0,1,2,10,20,32,61,2025-11-16
PR,8,5,0,0,1,2,11,23,38.049999999999955,74.04999999999973,2025-11-23
PR,9,6,0,1,1,3,12,24,41,69.04999999999973,2025-11-30
PR,10,6,0,1,1,3,13,27,42,67.07499999999959,2025-12-07
PR,11,7,0,1,2,3,14,29,46,73.07499999999959,2025-12-14
PR,12,8,1,1,2,4,16,33,55.049999999999955,84.02499999999986,2025-12-21
PR,13,8,1,1,2,4,16,34.100000000000136,59.049999999999955,92,2025-12-28
PR,14,10,1,2,3,5,20,39,67.04999999999995,109,2026-01-04
PR,15,12,1,2,3,6,23,44,75,122.02499999999986,2026-01-11
PR,16,14,2,3,4,7,27,57.100000000000136,90.04999999999995,143.1999999999989,2026-01-18
PR,17,16,2,3,5,9,32,63,112.09999999999991,175.02499999999986,2026-01-25
PR,18,20,3,4,6,10,38,72,119.04999999999995,179.02499999999986,2026-02-01
PR,19,23,3,5,7,12,45,90,156,224.02499999999986,2026-02-08
PR,20,28,4,5,9,15,53,104,167,268.0499999999997,2026-02-15
PR,21,33,5,7,10,17,64,126,200,343.09999999999945,2026-02-22
PR,22,37,5.975000000000001,8,11,20,72,143.10000000000014,255.14999999999986,422.0499999999997,2026-03-01
PR,23,41,6,9,12,22,83,170.20000000000027,285.04999999999995,456.09999999999945,2026-03-08
PR,24,44,7,10,13,23,86,173.50000000000068,304,514.5999999999967,2026-03-15
PR,25,45,7,10,14,24,92,193,323.2999999999997,590.0249999999999,2026-03-22
PR,26,44,7,10,14,23,89.25,186.10000000000014,285,462.0749999999996,2026-03-29
PR,27,42,6,9,13,23,80.25,178.10000000000014,295.14999999999986,496.09999999999945,2026-04-05
PR,28,39,6,9,12,21,77,170.10000000000014,275,497.0499999999997,2026-04-12
PR,29,37,6,8,12,20,73,149.10000000000014,247.04999999999995,499.0749999999996,2026-04-19
PR,30,35,6,8,11,19,65,128.3000000000004,220,365.09999999999945,2026-04-26
PR,31,32,5,7,10,17,59,124.10000000000014,195,327.0499999999997,2026-05-03
PR,32,27,4,6,8,15,51,104,170.04999999999995,278.02499999999986,2026-05-10
PR,33,22,3,4,7,12,43.25,88,148.04999999999995,232,2026-05-17
PR,34,19,2,4,6,10,37,74,120,198.02499999999986,2026-05-24
PR,35,15.5,2,3,4,8,30,63,105.04999999999995,177.04999999999973,2026-05-31
PR,36,13,1,2,3,7,23,48,78.04999999999995,128,2026-06-07
PR,37,10,1,2,3,5,20,41,70,106,2026-06-14
PR,38,9,1,1,2,4,16,32,51,83.04999999999973,2026-06-21
PR,39,9,1,1,2,5,18,35,57,98,2026-06-28
PR,40,11,1,2,3,6,21,42,70,110.19999999999891,2026-07-05
PR,41,13,2,2,4,7,26,51,75,108.02499999999986,2026-07-12
PR,42,15,2,3,5,8,29,60,96,143.0749999999996,2026-07-19
PR,43,19,2,3,5,10,37,73,111.04999999999995,188.04999999999973,2026-07-26
PR,44,22,3,5,7,12,42,84.10000000000014,134.04999999999995,209,2026-08-02
PR,45,26,4,6,8,14,51,99.10000000000014,172,253.1999999999989,2026-08-09
PR,46,31,5,7,9,16,61,128.10000000000014,203,301.29999999999836,2026-08-16
PR,47,35,6,8,11,19,70,138.10000000000014,211.04999999999995,329.02499999999986,2026-08-23
PR,48,39,6,9,12,21,77,159,265,477.0499999999997,2026-08-30
PR,49,42,6,9,13,22,85,185,265.0999999999999,494.17499999999905,2026-09-06
PR,50,42,7,9,13,24,82,170,282,450.02499999999986,2026-09-13
PR,51,40,7,10,13,22,82,174,277.04999999999995,418.1499999999992,2026-09-20
PR,52,40,7,9,12,21,78,158.10000000000014,294.0999999999999,485.02499999999986,2026-09-27
RJ,1,39,1,2,4,12,119.25,344,609.1499999999999,1116.4499999999975,2025-10-05
RJ,2,42,1,2,4,12,125.25,325,609,1115.8499999999954,2025-10-12
RJ,3,40,1,2,4,14,121,358.10000000000014,675.1999999999998,1262.1499999999992,2025-10-19
RJ,4,44,1,2,4,14,136.25,361.3000000000004,695.1999999999989,1234.4999999999973,2025-10-26
RJ,5,46,1,2,4,13,146,393,670.3499999999997,1278.84999999999,2025-11-02
RJ,6,47,1,1.9500000000000028,4,15,147.25,390,781.3499999999997,1403,2025-11-09
RJ,7,51,1,2,5,15,150,400.5000000000007,763.05,1279.4499999999975,2025-11-16
RJ,8,50,1,2,5,16,149,404.2000000000003,801.5499999999995,1485.7499999999795,2025-11-23
RJ,9,50,1,2,5,16,153,469.10000000000014,804.2499999999998,1469.1499999999992,2025-11-30
RJ,10,55,1,2,6,16,161.25,432.10000000000014,851.4999999999995,1422.4749999999974,2025-12-07
RJ,11,58,1,2,6,18,175,511.2000000000003,944.2999999999997,1559.174999999999,2025-12-14
RJ,12,58,1,2,6,19,176,530.1000000000001,969.4999999999995,1559.2249999999988,2025-12-21
RJ,13,60,1,2,6,20,191,529.1000000000001,951.4499999999996,1549.0249999999999,2025-12-28
RJ,14,64,1,3,7,22,208,585.2000000000003,1058.6499999999994,1855.2499999999932,2026-01-04
RJ,15,72.5,2,3,7,22,216,562.4000000000005,1066.4999999999986,1984.0749999999996,2026-01-11
RJ,16,81,2,3,8,26,242,653.6000000000008,1209.3499999999997,2065.4749999999976,2026-01-18
RJ,17,86,2,4,9,26,250,761.500000000002,1447.4499999999996,2472.0249999999996,2026-01-25
RJ,18,99,2,5,9,28,288,769.8000000000011,1486.2499999999998,2516.3249999999925,2026-02-01
RJ,19,101,3,5,11,30,295.25,859.4000000000005,1500.2499999999998,2658.124999999999,2026-02-08
RJ,20,101,3,5,11,31,322.25,899.1000000000001,1701.1999999999998,2964.6749999999965,2026-02-15
RJ,21,112,2,6,11.900000000000006,35,360.25,976.4000000000005,1782.3499999999997,3309.2749999999933,2026-02-22
RJ,22,118.5,3,6,13,37,367.25,1040.800000000001,1890.1999999999998,3159.0749999999994,2026-03-01
RJ,23,134.5,2,5,13,41,388.25,1097.1000000000001,2104.05,3723.5499999999915,2026-03-08
RJ,24,146,3,7,15,44,440.25,1188.1000000000001,2144.6499999999996,3487.9999999999945,2026-03-15
RJ,25,156.5,4,8,15,48.75,475.5,1253.3000000000004,2448.549999999999,4047.0249999999996,2026-03-22
RJ,26,167,5,8,18,54,512.25,1452.9000000000012,2642.2,4094.8499999999904,2026-03-29
RJ,27,190.5,5,9,19,57,535.25,1491.1000000000001,2623.3999999999996,4578.899999999996,2026-04-05
RJ,28,188,4,9,18,57,591.25,1557,2764.2999999999997,4750,2026-04-12
RJ,29,196.5,4.975000000000001,9,20,60,594.75,1580.1000000000015,2795.05,4918.4249999999975,2026-04-19
RJ,30,207.5,4,10.950000000000003,21,65,626.5,1811.3000000000004,3127.2,5221.774999999963,2026-04-26
RJ,31,198.5,5,10,22,64,594,1645.1000000000001,3331.299999999995,5937.224999999949,2026-05-03
RJ,32,190,4,8,19,57,595.5,1685.0000000000014,2834.749999999999,5504.149999999983,2026-05-10
RJ,33,186.5,5,9,19.900000000000006,58,563.5,1589.3000000000004,2740.8499999999995,4515.4249999999975,2026-05-17
RJ,34,166,4,9,17,56,521.5,1452.800000000001,2747.5499999999997,4695.099999999983,2026-05-24
RJ,35,161,4,8,15.900000000000006,53,464,1282.800000000001,2253.2,3869.0999999999885,2026-05-31
RJ,36,140.5,4,7,16,44.75,432,1263.800000000001,2436.1499999999996,3848.149999999999,2026-06-07
RJ,37,135,3,7,14,45,445,1148.3000000000004,2140.25,3362.299999999971,2026-06-14
RJ,38,118.5,3,5.950000000000003,12,35.75,365,954.9000000000012,1776.099999999998,3206.4499999999975,2026-06-21
RJ,39,63.5,1,3,7,20,201,544,1063.5999999999985,1978.8249999999737,2026-06-28
RJ,40,72,2,3.950000000000003,7,24,203.25,563.1000000000001,1165.7999999999993,2109.1499999999937,2026-07-05
RJ,41,74,2,4,8,23,228,635.2000000000003,1278.4499999999996,2042.924999999995,2026-07-12
RJ,42,83,2,4,10,27.75,265.25,696,1415.4999999999995,2513.024999999994,2026-07-19
RJ,43,93,2.9750000000000014,5,10,29,276.25,775.2000000000003,1458.1499999999999,2579.3749999999977,2026-07-26
RJ,44,100,2,4,10,32,311,890.5000000000007,1785.4999999999995,3096.79999999999,2026-08-02
RJ,45,106,3,6,13,36.75,324.5,886.3000000000031,1746.199999999999,3520.749999999996,2026-08-09
RJ,46,114,3,6,12,35,328,898.2000000000003,1902.199999999999,3486.0999999999776,2026-08-16
RJ,47,118,4,7,14,38,354,1002.700000000001,2054.5499999999993,3444.424999999992,2026-08-23
RJ,48,129,3,7,15,45,364.5,961.1000000000001,1869.1499999999999,3482.0999999999995,2026-08-30
RJ,49,145,5,8,16,47,411.25,1157.2000000000003,2266.5999999999985,3907.3499999999926,2026-09-06
RJ,50,148,4,9,18,48,483,1314.7000000000023,2519.9499999999994,4673.924999999989,2026-09-13
RJ,51,161,4,8,18,52,510,1405.0000000000014,2843.3,5201.0999999999885,2026-09-20
RJ,52,173,4,9,19,56,539.25,1469.4000000000005,2831.8999999999996,5018.199999999999,2026-09-27
RN,1,44,5,7,11,23,85,155,224.24999999999977,336.0749999999996,2025-10-05
RN,2,43,5,7,11,22,78,141,216.04999999999995,307.02499999999986,2025-10-12
RN,3,39,5,7,10,20,73,139.10000000000014,210.04999999999995,304.0749999999996,2025-10-19
RN,4,35.5,3.9750000000000014,6,10,18,66,119.10000000000014,178.34999999999968,264.0749999999996,2025-10-26
RN,5,32,3,6,9,16,60,110,168,230.0749999999996,2025-11-02
RN,6,30,3,5,7,15,56,98,150,230.02499999999986,2025-11-09
RN,7,26,2.9750000000000014,4,6,14,50,95.10000000000014,135,197.02499999999986,2025-11-16
RN,8,24,3,4,6,13,46,87,136.04999999999995,191.02499999999986,2025-11-23
RN,9,24,2,4,6,12,47,86,128.04999999999995,180.12499999999932,2025-11-30
RN,10,23,2,3.950000000000003,6,11,44,82,125,170.02499999999986,2025-12-07
RN,11,24,2,4,6,12,45,83,122,157.02499999999986,2025-12-14
RN,12,24,2,4,6,12,49,88.10000000000014,134.04999999999995,182.0749999999996,2025-12-21
RN,13,24,2,3,6,12,47.25,91,137,193,2025-12-28
RN,14,27,2,4,7,14,52,100,143,213.02499999999986,2026-01-04
RN,15,30,4,6,8,15,62,117,163.04999999999995,229.02499999999986,2026-01-11
RN,16,36,3,5,8,17,69,125,184.04999999999995,288.1999999999989,2026-01-18
RN,17,41,4,7,11,21,77,142.10000000000014,208,284.02499999999986,2026-01-25
RN,18,50,6,9,13,28,96,176,268.0999999999999,401.1999999999989,2026-02-01
RN,19,61,7,10,16,30,118,201.10000000000014,295,452.02499999999986,2026-02-08
RN,20,72,8,12.950000000000003,18,35,140,251,344.0999999999999,474.1499999999992,2026-02-15
RN,21,87,10,14,23,43,164,305.10000000000014,438.04999999999995,650.0249999999999,2026-02-22
RN,22,100,12,17,28,53,191,340.3000000000004,486,701.3249999999982,2026-03-01
RN,23,109,13.975000000000001,20,29.900000000000006,54.75,204,389.40000000000055,581.4999999999995,795.4749999999974,2026-03-08
RN,24,120,15,21,31,59,235.25,442.2000000000003,656.1999999999998,857.0249999999999,2026-03-15
RN,25,126,15,22,33,64,242,418.2000000000003,586.05,836.5999999999967,2026-03-22
RN,26,131,16,22,35,67,260.25,474.2000000000003,678.1499999999999,868.4749999999974,2026-03-29
RN,27,136,16,24,36,67,263,482,706.05,963.0499999999997,2026-04-05
RN,28,139.5,19,25,38,68,259.25,468.10000000000014,678.1499999999999,1005.0249999999999,2026-04-12
RN,29,140.5,19,28,40,72,274,502.10000000000014,782.1499999999999,1156.0749999999996,2026-04-19
RN,30,145.5,19,28,41,77,285.25,543.2000000000003,782.0999999999999,1106.1499999999992,2026-04-26
RN,31,153,19,26.950000000000003,39,78,285.25,529.2000000000003,728.1499999999999,992.2499999999986,2026-05-03
RN,32,155,18,27.950000000000003,42.900000000000006,78.75,299,533.3000000000004,751.1999999999998,1011.1499999999992,2026-05-10
RN,33,152,18.975,28,43,78.75,295.25,545.1000000000001,802.1999999999998,1032.5249999999971,2026-05-17
RN,34,151,20,27,41,80,295,566,824.5499999999995,1197.199999999999,2026-05-24
RN,35,161,17,26,41,82,301,571,854.1499999999999,1146.2749999999985,2026-05-31
RN,36,157.5,18,28,45,83,287,529.6000000000008,750.3499999999997,1127.0499999999997,2026-06-07
RN,37,155,19,27.950000000000003,39,76,296,522,764.3999999999996,1069.6999999999962,2026-06-14
RN,38,151,19,26.950000000000003,40.900000000000006,75,285,539.2000000000003,811.0999999999999,1084.0999999999995,2026-06-21
RN,39,27,3,4,8,14,54,99,144,198.0749999999996,2026-06-28
RN,40,31,3,5,9,16,61.25,116,176.04999999999995,237.12499999999932,2026-07-05
RN,41,35,3.9750000000000014,6,9,18,66,130,194,257.2249999999988,2026-07-12
RN,42,40,4,7,11,20,80,151.10000000000014,220,301.1249999999993,2026-07-19
RN,43,49,5,8,12.900000000000006,25,96.25,179.40000000000055,264.0999999999999,370.02499999999986,2026-07-26
RN,44,60,7,10,15,30,116.25,216.20000000000027,331.04999999999995,453.1999999999989,2026-08-02
RN,45,71.5,8,12,18,36,141,256.10000000000014,390,534.0999999999995,2026-08-09
RN,46,80,11,16,23,42,163,309.3000000000004,452.49999999999955,650.0999999999995,2026-08-16
RN,47,99,12.975000000000001,18,28,51,192,350.10000000000014,521.0999999999999,756.174999999999,2026-08-23
RN,48,110,13.975000000000001,19,29,55,207,373.10000000000014,536.1499999999999,867.0249999999999,2026-08-30
RN,49,116,13,20,30,59,236.25,447.3000000000004,644.1999999999998,979.1999999999989,2026-09-06
RN,50,127,15,21,32,64,238,442.5000000000007,624.0999999999999,841.2749999999985,2026-09-13
RN,51,131,16.975,24,35.900000000000006,66,257,480,724.1499999999999,1030.724999999996,2026-09-20
RN,52,141.5,17,23,35,69,261,493.2000000000003,732.05,1047.199999999999,2026-09-27
RO,1,1,0,0,0,0,3,8,12,18,2025-10-05
RO,2,1,0,0,0,0,4,8,13,21.024999999999864,2025-10-12
RO,3,1,0,0,0,0,4,8,13,22,2025-10-19
RO,4,2,0,0,0,0,4,9,15,23,2025-10-26
RO,5,2,0,0,0,0,5,10,17,29.024999999999864,2025-11-02
RO,6,2,0,0,0,0,5,11,20,32.024999999999864,2025-11-09
RO,7,2,0,0,0,1,6,13,21,33,2025-11-16
RO,8,2,0,0,0,1,6,14,24,40.024999999999864,2025-11-23
RO,9,3,0,0,0,1,7,17.100000000000136,29,45.024999999999864,2025-11-30
RO,10,3,0,0,0,1,7,18,30,47,2025-12-07
RO,11,3,0,0,0,1,8,19,32,52.024999999999864,2025-12-14
RO,12,4,0,0,0,1,10,22,36,64,2025-12-21
RO,13,4,0,0,0,1,10,23,38,64.02499999999986,2025-12-28
RO,14,5,0,0,0,2,12,27,43,80.04999999999973,2026-01-04
RO,15,5,0,0,0,2,14,32,51.049999999999955,80.02499999999986,2026-01-11
RO,16,6,0,0,1,2,15,33,57.049999999999955,103,2026-01-18
RO,17,7,0,0,1,2,17,37,59.049999999999955,91,2026-01-25
RO,18,8,0,0,1,3,19,44,72.04999999999995,110.02499999999986,2026-02-01
RO,19,9,0,0,1,3,22,50,81,129.02499999999986,2026-02-08
RO,20,10,0,1,1,4,24,52.100000000000136,82.09999999999991,127.02499999999986,2026-02-15
RO,21,10,0,1,1,4,26,56,93,144.17499999999905,2026-02-22
RO,22,11,0,0,2,4,27,60,92.04999999999995,134.02499999999986,2026-03-01
RO,23,11,0,1,1,4,27,63,105.14999999999986,152,2026-03-08
RO,24,12,0,1,1,5,27,59,100,155.02499999999986,2026-03-15
RO,25,11,0,1,2,4,25,54,88.09999999999991,150.02499999999986,2026-03-22
RO,26,10.5,0,1,1,4,26.25,58.100000000000136,92,154.12499999999932,2026-03-29
RO,27,9,0,0,1,3,23,49,84.09999999999991,151,2026-04-05
RO,28,8,0,0,1,3,19,44.100000000000136,74.04999999999995,118.04999999999973,2026-04-12
RO,29,7,0,0,1,3,18,41,62,94.02499999999986,2026-04-19
RO,30,7,0,0,1,2,16,35,62,94.09999999999945,2026-04-26
RO,31,6,0,0,1,2,15,32,52.09999999999991,82.02499999999986,2026-05-03
RO,32,5,0,0,0,2,13,29,45.049999999999955,75.02499999999986,2026-05-10
RO,33,5,0,0,0,2,11,27,44.049999999999955,71.09999999999945,2026-05-17
RO,34,4,0,0,0,1,11,23,36.049999999999955,62,2026-05-24
RO,35,3,0,0,0,1,9,19,32,54,2026-05-31
RO,36,3,0,0,0,1,8,18,29.049999999999955,46.024999999999864,2026-06-07
RO,37,3,0,0,0,1,8,16,28,46.024999999999864,2026-06-14
RO,38,3,0,0,0,1,7,15,24,35,2026-06-21
RO,39,4,0,0,0,1,10,22,40.049999999999955,61.024999999999864,2026-06-28
RO,40,5,0,0,0,2,12,29,48,80.02499999999986,2026-07-05
RO,41,6,0,0,1,2,15,34,62,96,2026-07-12
RO,42,6,0,0,1,2,15,35,61,99.02499999999986,2026-07-19
RO,43,7,0,0,1,3,17,44,75.04999999999995,113,2026-07-26
RO,44,9,0,0,1,3,20,45,77,117.14999999999918,2026-08-02
RO,45,9,0,0,1,4,23,49,85.04999999999995,134,2026-08-09
RO,46,10,0,0.9500000000000028,1,4,24,51.100000000000136,86.04999999999995,132.02499999999986,2026-08-16
RO,47,10,0,1,1,4,25,59,98,144.04999999999973,2026-08-23
RO,48,11,0,0,1,4,24.25,57.100000000000136,98.04999999999995,152,2026-08-30
RO,49,10,0,1,1,4,24,53,95.04999999999995,158,2026-09-06
RO,50,10,0,0.9500000000000028,1,4,26,55,93.04999999999995,144.12499999999932,2026-09-13
RO,51,9,0,1,1,4,22,50,90,147.02499999999986,2026-09-20
RO,52,9,0,0,1,3,21,49,85.14999999999986,125.04999999999973,2026-09-27
RR,1,1,0,0,0,0,4,12,20,34,2025-10-05
RR,2,1,0,0,0,0,4,13,23,45.024999999999864,2025-10-12
RR,3,1,0,0,0,0,4,12,23,39.024999999999864,2025-10-19
RR,4,1,0,0,0,0,3,10,20,34,2025-10-26
RR,5,1,0,0,0,0,4,10,17,30,2025-11-02
RR,6,1,0,0,0,0,3,9,18,29.024999999999864,2025-11-09
RR,7,1,0,0,0,0,3,8,14.049999999999955,25,2025-11-16
RR,8,1,0,0,0,0,3,8,15,23,2025-11-23
RR,9,1,0,0,0,0,3,7,13,25,2025-11-30
RR,10,0,0,0,0,0,2,6,12,19,2025-12-07
RR,11,0,0,0,0,0,2,6,11,18,2025-12-14
RR,12,0,0,0,0,0,2,6,11,18,2025-12-21
RR,13,0,0,0,0,0,2,6,11,18,2025-12-28
RR,14,0,0,0,0,0,2,6,10,18,2026-01-04
RR,15,0,0,0,0,0,2,6,10,16.024999999999864,2026-01-11
RR,16,0,0,0,0,0,2,5,10,19,2026-01-18
RR,17,0,0,0,0,0,2,6,11,19,2026-01-25
RR,18,0,0,0,0,0,2,6,10.049999999999955,20.024999999999864,2026-02-01
RR,19,0,0,0,0,0,2,7,13,22,2026-02-08
RR,20,1,0,0,0,0,2,7,14,24,2026-02-15
RR,21,1,0,0,0,0,3,7,14,22,2026-02-22
RR,22,1,0,0,0,0,3,8,15,27.024999999999864,2026-03-01
RR,23,1,0,0,0,0,3,8,14.049999999999955,26,2026-03-08
RR,24,1,0,0,0,0,3,8,16,28.024999999999864,2026-03-15
RR,25,1,0,0,0,0,3,9,17,29,2026-03-22
RR,26,1,0,0,0,0,3,8,17.049999999999955,28.024999999999864,2026-03-29
RR,27,1,0,0,0,0,3,9,16,27.049999999999727,2026-04-05
RR,28,1,0,0,0,0,3,9,16.049999999999955,32.04999999999973,2026-04-12
RR,29,1,0,0,0,0,3,9,17.049999999999955,29,2026-04-19
RR,30,1,0,0,0,0,3,10,21,33,2026-04-26
RR,31,1,0,0,0,0,3,10,18,31.024999999999864,2026-05-03
RR,32,1,0,0,0,0,4,10,20,34,2026-05-10
RR,33,1,0,0,0,0,4,11,21,32.024999999999864,2026-05-17
RR,34,1,0,0,0,0,4,11,21,36,2026-05-24
RR,35,1,0,0,0,0,4,13,25,39,2026-05-31
RR,36,1,0,0,0,0,5,12,22,38,2026-06-07
RR,37,1,0,0,0,0,5,14,26,41.024999999999864,2026-06-14
RR,38,1,0,0,0,0,5,13,27.049999999999955,47,2026-06-21
RR,39,0,0,0,0,0,2,6,10,18,2026-06-28
RR,40,0,0,0,0,0,2,6,11,19,2026-07-05
RR,41,0,0,0,0,0,2,6,10.049999999999955,16,2026-07-12
RR,42,0,0,0,0,0,2,6,11,19,2026-07-19
RR,43,0,0,0,0,0,2,6,11,18,2026-07-26
RR,44,0,0,0,0,0,2,7,11,19,2026-08-02
RR,45,1,0,0,0,0,3,7,13.049999999999955,23,2026-08-09
RR,46,1,0,0,0,0,3,8,14,24.024999999999864,2026-08-16
RR,47,1,0,0,0,0,3,8,14,25,2026-08-23
RR,48,1,0,0,0,0,3,8,15.049999999999955,28,2026-08-30
RR,49,1,0,0,0,0,3,8,15,27,2026-09-06
RR,50,1,0,0,0,0,3,8,14,24,2026-09-13
RR,51,1,0,0,0,0,3,9,16,28,2026-09-20
RR,52,1,0,0,0,0,3,9,17,25.024999999999864,2026-09-27
RS,1,1,0,0,0,0,2,3,4,5,2025-10-05
RS,2,1,0,0,0,0,2,3,4,6,2025-10-12
RS,3,1,0,0,0,0,2,3,4,6,2025-10-19
RS,4,1,0,0,0,0,2,3,4,6,2025-10-26
RS,5,1,0,0,0,0,2,3,4,6,2025-11-02
RS,6,1,0,0,0,0,2,3,5,7,2025-11-09
RS,7,1,0,0,0,0,2,4,5,7,2025-11-16
RS,8,1,0,0,0,0,2,4,5,8,2025-11-23
RS,9,1,0,0,0,0,2,4,6,9,2025-11-30
RS,10,1,0,0,0,0,3,4,6,9,2025-12-07
RS,11,2,0,0,0,1,3,5,7,11,2025-12-14
RS,12,2,0,0,0,1,3,6,8,11,2025-12-21
RS,13,2,0,0,0,1,3,6,9,12,2025-12-28
RS,14,2,0,0,0,1,4,6,9,14,2026-01-04
RS,15,2,0,0,0,1,4,7,10,14,2026-01-11
RS,16,3,0,0,0,1,5,8,11,16,2026-01-18
RS,17,3,0,0,1,1,5,9,13,18,2026-01-25
RS,18,4,0,0,1,2,6,11,15.049999999999955,22,2026-02-01
RS,19,4,0,0,1,2,7,12,17,26,2026-02-08
RS,20,5,0,1,1,2,9,15,22,34,2026-02-15
RS,21,6,0,1,2,3,10,17,25,35,2026-02-22
RS,22,7,1,1,2,4,12,22,31,43.024999999999864,2026-03-01
RS,23,8,1,1,2,4,14,24,37.049999999999955,54.024999999999864,2026-03-08
RS,24,10,1,2,3,6,17,28,42,62,2026-03-15
RS,25,11,2,2,3,6,20,35,47,63,2026-03-22
RS,26,12,2,3,4,7,21,35,50,71.02499999999986,2026-03-29
RS,27,12,2,3,4,7,21,37,56,83,2026-04-05
RS,28,12,2,3,4,7,21,36,53,73.02499999999986,2026-04-12
RS,29,11,2,3,4,7,20,33.100000000000136,45,63,2026-04-19
RS,30,10,2,2,3,6,17,30,42,61,2026-04-26
RS,31,9,1,2,3,5,15,26,38,48.024999999999864,2026-05-03
RS,32,7,1,1,2,4,13,21.100000000000136,30,44,2026-05-10
RS,33,6,1,1,2,4,10,18.100000000000136,26,35.024999999999864,2026-05-17
RS,34,5,0,1,1,3,9,14.100000000000136,22,30.024999999999864,2026-05-24
RS,35,4,0,0,1,2,7,11,14,24,2026-05-31
RS,36,3,0,0,1,2,6,9,13,18,2026-06-07
RS,37,3,0,0,0,1,5,7,10.049999999999955,15.024999999999864,2026-06-14
RS,38,2,0,0,0,1,4,7,9,14,2026-06-21
RS,39,2,0,0,0,1,4,7,9,13.024999999999864,2026-06-28
RS,40,2,0,0,0,1,4,7,10,15,2026-07-05
RS,41,3,0,0,0,1,5,8,12,17,2026-07-12
RS,42,3,0,0,1,2,6,9,14,21,2026-07-19
RS,43,4,0,0,1,2,6,11,16,24,2026-07-26
RS,44,4,0,0,1,2,8,12,18.049999999999955,27,2026-08-02
RS,45,5,0,1,1,3,9,15,23,31,2026-08-09
RS,46,6,1,1,2,3,10,18,25.049999999999955,34.024999999999864,2026-08-16
RS,47,7,1,1,2,4,13,22,32.049999999999955,49,2026-08-23
RS,48,9,1,2,3,5,15,25,37.049999999999955,50,2026-08-30
RS,49,10,1,2,3,6,17,32,45.049999999999955,68.02499999999986,2026-09-06
RS,50,12,2,2,4,6,20,36,53.049999999999955,72.02499999999986,2026-09-13
RS,51,12,2,3,4,7,21,36,53.09999999999991,78,2026-09-20
RS,52,13,2,3,4,7,22,39,58,82.02499999999986,2026-09-27
SC,1,1,0,0,0,0,3,4,6,8,2025-10-05
SC,2,1,0,0,0,0,3,5,6,8,2025-10-12
SC,3,2,0,0,0,1,3,5,7,10,2025-10-19
SC,4,2,0,0,0,1,3,5,7,10,2025-10-26
SC,5,2,0,0,0,1,4,6,9,12,2025-11-02
SC,6,2,0,0,0,1,4,6,8,11,2025-11-09
SC,7,2,0,0,0,1,4,8,11,15,2025-11-16
SC,8,3,0,0,0,1,5,8,11,15.024999999999864,2025-11-23
SC,9,3,0,0,1,1,5.25,9,13,18,2025-11-30
SC,10,3,0,0,1,2,6,11,16,23.024999999999864,2025-12-07
SC,11,4,0,0,1,2,7,12,17,24,2025-12-14
SC,12,4,0,1,1,2,8,12,18,27.024999999999864,2025-12-21
SC,13,4,0,1,1,2,7,12,18.049999999999955,26,2025-12-28
SC,14,5,0,1,1,3,8,14,20,30.024999999999864,2026-01-04
SC,15,5,0,1,2,3,9,15,23,35.04999999999973,2026-01-11
SC,16,6,0,1,2,3,10,18,26,37,2026-01-18
SC,17,7,1,1,2,4,11,20,28,51.024999999999864,2026-01-25
SC,18,7,1,1,2,4,13,23,35,57,2026-02-01
SC,19,8,1,2,3,5,15,28,42.049999999999955,67.04999999999973,2026-02-08
SC,20,9,1,2,3,5,16,29,49,79.02499999999986,2026-02-15
SC,21,10,2,2,3,6,18,34,54,79.04999999999973,2026-02-22
SC,22,11,2,2,4,6,20,35,58,92.02499999999986,2026-03-01
SC,23,12,2,3,4,7,20,40.100000000000136,70,98.02499999999986,2026-03-08
SC,24,12,2,3,4,7,22,41.100000000000136,68.04999999999995,100.09999999999945,2026-03-15
SC,25,13,2,3,4,7,23,41,73.09999999999991,114.02499999999986,2026-03-22
SC,26,12,2,3,4,7,23,42,72,114.04999999999973,2026-03-29
SC,27,12,2,3,4,7,22,42,62.049999999999955,93,2026-04-05
SC,28,12,2,3,4,7,21,40,61,100,2026-04-12
SC,29,12,2,3,4,6,20,35,57,88,2026-04-19
SC,30,11,2,2,4,6,19,34,50.049999999999955,77,2026-04-26
SC,31,10,2,2,3,5,17,30,47,73,2026-05-03
SC,32,9,1,2,3,5,15,27,41,63.024999999999864,2026-05-10
SC,33,8,1,1,2,4,13,22,32,49.024999999999864,2026-05-17
SC,34,6,1,1,2,4,11,20,31,42,2026-05-24
SC,35,6,0,1,2,3,10,16,24,33,2026-05-31
SC,36,5,0,1,1,2,8,13,19.049999999999955,31.024999999999864,2026-06-07
SC,37,4,0,0,1,2,7,12,16.049999999999955,24,2026-06-14
SC,38,3,0,0,1,2,6,10,13.049999999999955,19,2026-06-21
SC,39,5,0,1,1,3,9,15,21,29,2026-06-28
SC,40,5,0,1,1,3,9,15,23,35.024999999999864,2026-07-05
SC,41,6,0,1,2,3,11,18,27,44,2026-07-12
SC,42,6,1,1,2,4,11,20,32.049999999999955,50,2026-07-19
SC,43,8,1,1,2,4,13,24,39,66,2026-07-26
SC,44,8,1,2,2,5,15,26.100000000000136,44.049999999999955,79.09999999999945,2026-08-02
SC,45,9,1,2,3,5,16,31,53.049999999999955,101.02499999999986,2026-08-09
SC,46,10,1,2,3,6,18,35,60,103.02499999999986,2026-08-16
SC,47,12,2,3,4,6,20,39,65,123.07499999999959,2026-08-23
SC,48,12,1,2,4,6,21,42,75,117.02499999999986,2026-08-30
SC,49,12,2,3,4,7,21,41.100000000000136,73.04999999999995,147.0749999999996,2026-09-06
SC,50,12,2,3,4,7,22,40,68,131,2026-09-13
SC,51,13,2,3,4,7,22,43,75,123.04999999999973,2026-09-20
SC,52,12,2,3,4,7,22,40,67.04999999999995,115.07499999999959,2026-09-27
SE,1,12,0,0,0,3,48,150.10000000000014,268.2499999999998,528.4249999999977,2025-10-05
SE,2,12,0,0,0,3,44,146.10000000000014,271.0999999999999,610.5749999999969,2025-10-12
SE,3,10,0,0,0,2,40,131,261.0999999999999,556.2749999999985,2025-10-19
SE,4,10,0,0,0,2,36,116.20000000000027,258.04999999999995,442.1999999999989,2025-10-26
SE,5,9,0,0,0,2,33,112.10000000000014,235.0999999999999,479.17499999999905,2025-11-02
SE,6,8,0,0,0,2,32,93.10000000000014,190.0999999999999,421.2749999999985,2025-11-09
SE,7,8,0,0,0,2,29,92,177,344.0499999999997,2025-11-16
SE,8,8,0,0,0,2,28,99,187.04999999999995,384.2749999999985,2025-11-23
SE,9,7,0,0,0,1,25,88,185.04999999999995,340.1499999999992,2025-11-30
SE,10,7,0,0,0,2,26,88,181.04999999999995,363.02499999999986,2025-12-07
SE,11,6.5,0,0,0,1,24,77,162,369.09999999999945,2025-12-14
SE,12,7,0,0,0,1,24.25,82.10000000000014,172.14999999999986,352.17499999999905,2025-12-21
SE,13,6,0,0,0,1,25,78.10000000000014,165.0999999999999,307.17499999999905,2025-12-28
SE,14,7,0,0,0,1,24,80,176.04999999999995,326.3499999999981,2026-01-04
SE,15,7,0,0,0,2,26,86,168.04999999999995,336.1999999999989,2026-01-11
SE,16,7,0,0,0,2,28,87.10000000000014,175.0999999999999,419.02499999999986,2026-01-18
SE,17,8,0,0,0,2,29,96.40000000000055,205.24999999999977,457.37499999999795,2026-01-25
SE,18,7,0,0,0,2,30,92.10000000000014,217.24999999999977,417.3249999999982,2026-02-01
SE,19,9,0,0,0,2,33,108.10000000000014,234.04999999999995,422,2026-02-08
SE,20,9,0,0,0,2,32,106,214.29999999999973,472.1249999999993,2026-02-15
SE,21,10,0,0,0,2,37.25,122.20000000000027,250.0999999999999,460.3249999999982,2026-02-22
SE,22,10.5,0,0,0,2,39,135.10000000000014,249.14999999999986,542.0499999999997,2026-03-01
SE,23,11,0,0,0,2,40,125,266.1999999999998,487.2749999999985,2026-03-08
SE,24,11,0,0,0,3,39,131.20000000000027,299.04999999999995,556.1999999999989,2026-03-15
SE,25,12,0,0,0,3,44,133.10000000000014,317.04999999999995,632.0999999999995,2026-03-22
SE,26,12,0,0,1,3,42,123.10000000000014,268.39999999999964,584.0249999999999,2026-03-29
SE,27,13,0,0,0,3,46,138.10000000000014,305.0999999999999,712.4249999999977,2026-04-05
SE,28,12,0,0,0,3,43,143.10000000000014,297.04999999999995,539.2749999999985,2026-04-12
SE,29,13,0,0,0,3,46,143.10000000000014,276.04999999999995,568.3249999999982,2026-04-19
SE,30,12,0,0,0,3,48.25,154.10000000000014,352.2499999999998,730.3249999999982,2026-04-26
SE,31,14,0,0,1,3,51,169,356.6499999999994,678.2499999999986,2026-05-03
SE,32,13,0,0,1,3,51,163,322.0999999999999,632.0499999999997,2026-05-10
SE,33,14,0,0,1,3,56,169,370.04999999999995,839.1249999999993,2026-05-17
SE,34,16,0,0,1,4,55.25,179,378.59999999999945,748.374999999998,2026-05-24
SE,35,15,0,0,1,4,59,186.10000000000014,401.14999999999986,762.2249999999988,2026-05-31
SE,36,16,0,0,1,4,58.25,198.50000000000068,418.2499999999998,790.0749999999996,2026-06-07
SE,37,16.5,0,0,1,4,62,190.10000000000014,442.04999999999995,760.1499999999992,2026-06-14
SE,38,16,0,0,1,4,66,204,443.3499999999997,809.0249999999999,2026-06-21
SE,39,7,0,0,0,2,28,86,191.04999999999995,461.0749999999996,2026-06-28
SE,40,8,0,0,0,2,29,111.10000000000014,231.0999999999999,429.0499999999997,2026-07-05
SE,41,8,0,0,0,2,31,96,207.04999999999995,409.3249999999982,2026-07-12
SE,42,9,0,0,0,2,36,110,244.19999999999982,461.02499999999986,2026-07-19
SE,43,8,0,0,0,2,34,125,271.04999999999995,513.3999999999978,2026-07-26
SE,44,10,0,0,0,2,37,124.10000000000014,264.04999999999995,492.0499999999997,2026-08-02
SE,45,10,0,0,0,2,37,131,275.0999999999999,530.0749999999996,2026-08-09
SE,46,11,0,0,0,2,42,154,331,592,2026-08-16
SE,47,11,0,0,0,2,45,138,294.0999999999999,593.0999999999995,2026-08-23
SE,48,12,0,0,0,3,46,147.10000000000014,337.04999999999995,620.7999999999956,2026-08-30
SE,49,13,0,0,0,3,47,155,322.04999999999995,664.0749999999996,2026-09-06
SE,50,12,0,0,0,3,49,159.10000000000014,356.04999999999995,614.7499999999959,2026-09-13
SE,51,12,0,0,0,3,48,156,302.0999999999999,608.3499999999981,2026-09-20
SE,52,13,0,0,0,3,50,158.10000000000014,380.4499999999996,847.4249999999977,2026-09-27
SP,1,22,6.975000000000001,8,10,15,38,70.10000000000014,114.04999999999995,200.14999999999918,2025-10-05
SP,2,24,7,9,11,15,39,71.10000000000014,112,198,2025-10-12
SP,3,24,7,9,11,16,41,76,125.04999999999995,194.549999999997,2025-10-19
SP,4,26,7,9,11,16,44,80,127.04999999999995,250.17499999999905,2025-10-26
SP,5,27,8,10,13,18,46,83,139.04999999999995,243.09999999999945,2025-11-02
SP,6,30,9,11,13,19,49.25,92,142.04999999999995,250.09999999999945,2025-11-09
SP,7,31,10,12,15,21,52.25,97,166.19999999999982,276,2025-11-16
SP,8,35,11,13,16,23,60,108,179,277.3249999999982,2025-11-23
SP,9,38,12,14,17,24,62.25,117.10000000000014,193.04999999999995,335.29999999999836,2025-11-30
SP,10,41,13,15,19,27,68,115.20000000000027,192.0999999999999,385.09999999999945,2025-12-07
SP,11,44,15,17,21,29,75,137.10000000000014,234.0999999999999,452.1499999999992,2025-12-14
SP,12,49,15,18,22,32,82,154,250.04999999999995,473.02499999999986,2025-12-21
SP,13,51,14.975000000000001,17,22,32,82,149,256.04999999999995,467.09999999999945,2025-12-28
SP,14,53,17,20,25,35,90,171,292.0999999999999,496.1499999999992,2026-01-04
SP,15,60,19,23,28,39,100.25,186,309.1999999999998,503.3249999999982,2026-01-11
SP,16,64,21,25,30,42,108,216.10000000000014,344.0999999999999,582.0249999999999,2026-01-18
SP,17,69,23,27,33,46,118,222.10000000000014,355,596.724999999996,2026-01-25
SP,18,75,26,28,35,49,126,233.10000000000014,383.0999999999999,638,2026-02-01
SP,19,80,26,31,37,54,133,250.10000000000014,402.2499999999998,664.0499999999997,2026-02-08
SP,20,87,29,34,40.900000000000006,56,144,259,420.59999999999945,808.4999999999973,2026-02-15
SP,21,91,30,35,43,59,154,298,470.14999999999986,811.4749999999974,2026-02-22
SP,22,100,31,37.95,46,63,164,311,464.2999999999997,859.4999999999973,2026-03-01
SP,23,100.5,34,40,47,67,169.25,309.2000000000003,475.04999999999995,866.0999999999995,2026-03-08
SP,24,103,35,42,50,68,178,328.3000000000004,541.0999999999999,979.0249999999999,2026-03-15
SP,25,105,37,42.95,50,70,183,341.10000000000014,578.5499999999995,866.1249999999993,2026-03-22
SP,26,108,37,43,52,72,184.25,359,591.0999999999999,970.1499999999992,2026-03-29
SP,27,109.5,36,42,50,70,178.25,345.3000000000004,555.2499999999998,927.2499999999986,2026-04-05
SP,28,108,36,41,50,70,178,338.10000000000014,552.0999999999999,1051.174999999999,2026-04-12
SP,29,105,35,41,48,69,178,329.10000000000014,514.05,905.1749999999936,2026-04-19
SP,30,103,34.975,39,47,66,179.25,327,518.3999999999996,826.6749999999909,2026-04-26
SP,31,97,31,37,44,63,169.25,335.10000000000014,569.6499999999994,931.5999999999967,2026-05-03
SP,32,90,28,33,40.900000000000006,58,153.25,309.3000000000004,496.3499999999997,960.3499999999981,2026-05-10
SP,33,84,26,30,37,54,147,291,499,797,2026-05-17
SP,34,77,23,27,33,48,132,263.10000000000014,436,708.3999999999978,2026-05-24
SP,35,70,20,24,31,43,122,228.20000000000027,382.5499999999995,669.0999999999995,2026-05-31
SP,36,59,17,21,26,37,104,209,341.2999999999997,633.0499999999997,2026-06-07
SP,37,55,15,19,23,34,94,188.3000000000004,303,581.2749999999985,2026-06-14
SP,38,49,13,16,20,30,87,165.10000000000014,268.04999999999995,486.09999999999945,2026-06-21
SP,39,53,17,20,24,35,86,159,253.04999999999995,397.49999999999727,2026-06-28
SP,40,59,19.975,23,28,38,96,173,279.04999999999995,423.44999999999754,2026-07-05
SP,41,64,21.975,26,30,42,107,193,329,564.2249999999988,2026-07-12
SP,42,69,23,27,33,47,115,205,335.14999999999986,550.2749999999985,2026-07-19
SP,43,74.5,26,30,36,50,121,222,352,590.0249999999999,2026-07-26
SP,44,81,26,33,38,54,134,248,417,698.0499999999997,2026-08-02
SP,45,85,31,35,42,58,141,264,420.0999999999999,717.0499999999997,2026-08-09
SP,46,91,31,35,42,60,153,283,448.49999999999955,787.0249999999999,2026-08-16
SP,47,100,33,38,47,66,165,310.10000000000014,501.4499999999996,820.1249999999993,2026-08-23
SP,48,99,33,39,47,66,160.25,285.10000000000014,464.3499999999997,806.3499999999981,2026-08-30
SP,49,104,35,41,51,69,174,338,580.05,917.0249999999999,2026-09-06
SP,50,106.5,35,41,50,71,182.25,361.10000000000014,572.05,852.1249999999993,2026-09-13
SP,51,107,35,42,52,71.75,187,354.2000000000003,564.2499999999998,873.5249999999971,2026-09-20
SP,52,106,36,41,51,72,185.25,348,570.2999999999997,880.2749999999985,2026-09-27
TO,1,3,0,0,0,1,6,16,28,43.024999999999864,2025-10-05
TO,2,3,0,0,0,1,7,17,29,46,2025-10-12
TO,3,3,0,0,0,1,7,18,30,50,2025-10-19
TO,4,3,0,0,0,1,8,19,34.049999999999955,60,2025-10-26
TO,5,4,0,0,0,1,10,24.100000000000136,40,66,2025-11-02
TO,6,5,0,0,0,2,12,27.100000000000136,48,73.02499999999986,2025-11-09
TO,7,5,0,0,1,2,13,32.100000000000136,55,91,2025-11-16
TO,8,7,0,0,1,3,15,37,61.09999999999991,109,2025-11-23
TO,9,7,0,0,1,3,18,43,80,114.07499999999959,2025-11-30
TO,10,8,0,0,1,3,19,47,82,143,2025-12-07
TO,11,9,0,1,1,3,22,50,88.19999999999982,153.02499999999986,2025-12-14
TO,12,9,0,1,1,4,24,55,101,180.1999999999989,2025-12-21
TO,13,9,0,1,1,4,23,52.100000000000136,92,149.02499999999986,2025-12-28
TO,14,11,0,1,2,4,28,66,117,211.04999999999973,2026-01-04
TO,15,13,0,1,2,5,31,74.10000000000014,119.04999999999995,187.04999999999973,2026-01-11
TO,16,15,1,1,2,6,34,82.10000000000014,164.04999999999995,266.02499999999986,2026-01-18
TO,17,17,1,1,3,8,39,95,193,323.02499999999986,2026-01-25
TO,18,20,1,2,4,8,46,108,182.29999999999973,291.0499999999997,2026-02-01
TO,19,21,1,2,4,9,52,118.20000000000027,215,340.1249999999993,2026-02-08
TO,20,22,1,2,4,10,54,119,219.19999999999982,370.1499999999992,2026-02-15
TO,21,24,1,3,4,10,58,128,209.04999999999995,351,2026-02-22
TO,22,24,1,2,4,10,57,141,234.04999999999995,373.0499999999997,2026-03-01
TO,23,24,1,2.950000000000003,5,11,56,136.10000000000014,240.14999999999986,407.24999999999864,2026-03-08
TO,24,24,1.9750000000000014,3,5,10,58,136,237.04999999999995,387.09999999999945,2026-03-15
TO,25,24,1,3,4,10,55.25,146.10000000000014,250.14999999999986,396.2249999999988,2026-03-22
TO,26,24,2,3,4,10,57.25,149.10000000000014,252.04999999999995,365,2026-03-29
TO,27,25,2,3,5,10.75,58,127.20000000000027,226.0999999999999,415.1499999999992,2026-04-05
TO,28,26,2,3,5,11,60,147,245,474.17499999999905,2026-04-12
TO,29,27,1,3,5,11,62,143,255,380.549999999997,2026-04-19
TO,30,27,1,3,5,11,62,140.10000000000014,251,457.09999999999945,2026-04-26
TO,31,27,1,3,5,11,63,156,274,471.0499999999997,2026-05-03
TO,32,26,1,3,5,11,61,139,269.04999999999995,387.02499999999986,2026-05-10
TO,33,25,1,3,5,10,58,146,242.04999999999995,391.09999999999945,2026-05-17
TO,34,23,1,2,4,9,53.25,120.10000000000014,214.04999999999995,344.02499999999986,2026-05-24
TO,35,20,1,2,4,8,49,118.10000000000014,220.14999999999986,363.44999999999754,2026-05-31
TO,36,18,1,2,3,8,44,102,169.04999999999995,304.02499999999986,2026-06-07
TO,37,16,1,1,2,6,38,88.10000000000014,161,258.09999999999945,2026-06-14
TO,38,14,0,1,2,6,33,77,150.0999999999999,221.02499999999986,2026-06-21
TO,39,11,0,1,2,5,26,64,101,195.04999999999973,2026-06-28
TO,40,13,0,1,2,5,32,70,129.04999999999995,208,2026-07-05
TO,41,15,1,1,3,6,37,83.10000000000014,140.04999999999995,229.09999999999945,2026-07-12
TO,42,17.5,1,2,3,8,42,96.10000000000014,159,287.2249999999988,2026-07-19
TO,43,19,1,2,3,8,45,111,189,272.0499999999997,2026-07-26
TO,44,21,1,2,4,9,47,120,196.14999999999986,295.17499999999905,2026-08-02
TO,45,22,1,2,4,9,53,128.50000000000068,232.04999999999995,356.1999999999989,2026-08-09
TO,46,23,1,3,4,10,55,128.10000000000014,220,363.17499999999905,2026-08-16
TO,47,23,1,2,4,10,57,135.10000000000014,230.24999999999977,368.2749999999985,2026-08-23
TO,48,25,2,3,5,10,59,131.10000000000014,214.19999999999982,362.24999999999864,2026-08-30
TO,49,24,1,3,4,10,57,139.10000000000014,241.04999999999995,330.1499999999992,2026-09-06
TO,50,24,1,3,5,11,57,127.10000000000014,228.04999999999995,386.02499999999986,2026-09-13
TO,51,24,2,2,4.900000000000006,10,58,137,233,360.24999999999864,2026-09-20
TO,52,25,1,3,5,11,57,139.10000000000014,219.0999999999999,402.0499999999997,2026-09-27
BR,1,994.5,428.975,473,536.9,682.75,1564.75,2606,3926.849999999998,6375.025,2025-10-05
BR,2,981,406.97499999999997,458.75,533.9,696.75,1575,2718.800000000001,4134.45,6003.149999999983,2025-10-12
BR,3,960.5,389,442.90000000000003,531.9,679.75,1558,2793.6000000000004,4402.249999999998,6898.574999999997,2025-10-19
BR,4,956.5,414.97499999999997,459.95,528.8,692,1541,2738.9000000000015,4193.8499999999985,6557.574999999992,2025-10-26
BR,5,974.5,405,461.85,529,689,1561.25,2892.2000000000003,4259.849999999997,6410.324999999993,2025-11-02
BR,6,975.5,426,470.95000000000005,539.9,690.75,1603.25,2796,4238.699999999999,6816.075,2025-11-09
BR,7,996.5,416.975,463,544.9,698,1622.25,2869.2000000000035,4559.599999999997,7473.049999999983,2025-11-16
BR,8,1008,431.975,489.95,558.8000000000001,718,1624,3049.9000000000024,5148.3499999999995,8531.599999999991,2025-11-23
BR,9,1060.5,455,503.95,571,747,1733.75,3095.1000000000004,4612.9,7170.574999999997,2025-11-30
BR,10,1106.5,462.95,523.9,604.9,774,1801.75,3398.3,5120.349999999994,8761.74999999999,2025-12-07
BR,11,1184.5,503,561,639.9,820,1933,3731.4000000000005,6117.3499999999985,10437.374999999993,2025-12-14
BR,12,1288.5,548.975,606.9499999999999,695,902,2212.25,4073.3,6445.249999999998,9928.349999999993,2025-12-21
BR,13,1288,537.9,602.85,686,904,2175,4085.2000000000035,6378.749999999999,10523.224999999955,2025-12-28
BR,14,1440,624.975,701,795,1040,2387.25,4681.5,7358.35,11105.724999999968,2026-01-04
BR,15,1618.5,711.9499999999999,775,882,1150.75,2702,5084.800000000003,8529.599999999999,14039.724999999964,2026-01-11
BR,16,1882,801.95,896.85,1032.9,1344,3081.75,6360.300000000002,9678.049999999996,15270.149999999978,2026-01-18
BR,17,2128,942.9499999999999,1030.8999999999999,1168.9,1494.5,3626.25,6975.100000000006,11638.199999999997,18405.37499999997,2026-01-25
BR,18,2453,1042,1159.75,1325.8000000000002,1717.75,4047,7578.900000000002,11872.399999999989,18996.074999999903,2026-02-01
BR,19,2825.5,1210.975,1308,1492.4,1966.25,4553.5,9159.100000000008,13747.549999999996,21100.724999999995,2026-02-08
BR,20,3149.5,1364.875,1473.9,1706,2217.75,5196,9995.00000000002,15230.449999999999,22205.749999999978,2026-02-15
BR,21,3435.5,1519,1671.9499999999998,1898.7,2419.5,5766,11109.2,18007.399999999994,25876.699999999946,2026-02-22
BR,22,3731.5,1611.95,1810.8,2074,2633.75,6234,11411.900000000003,17790.149999999998,28676.149999999827,2026-03-01
BR,23,4037.5,1707.875,1934.95,2227.9,2861.25,6530.25,12077.200000000012,19226,31138.89999999991,2026-03-08
BR,24,4286.5,1906.8500000000001,2098.75,2329.9,3001.5,6895.5,12527.60000000002,20274.549999999992,30137.424999999937,2026-03-15
BR,25,4486.5,1921.925,2123.9,2451.2,3097,7072,13787.800000000003,19983.799999999992,33827.87499999997,2026-03-22
BR,26,4621.5,1960.95,2183.9,2526.9,3210.75,7317.5,13188.900000000005,20006.1,33746.72499999994,2026-03-29
BR,27,4542,1981.95,2177.9500000000003,2502.7000000000003,3243.75,7278.25,13651.300000000001,22123.59999999999,32657.674999999792,2026-04-05
BR,28,4552.5,1998.925,2267.5499999999997,2554.9,3242.25,7527,14503.700000000003,21627.8,35733.19999999984,2026-04-12
BR,29,4583.5,2060.75,2241.9500000000003,2572.8,3300.5,7428.25,12823.100000000026,21442.349999999995,33724.99999999996,2026-04-19
BR,30,4665,2013.875,2233.8500000000004,2563,3321,7503.25,13416.300000000001,21735.249999999996,34540.699999999735,2026-04-26
BR,31,4520,1982.95,2245.85,2519.6000000000004,3242.5,7460,13520.900000000003,19765.149999999994,35564.29999999993,2026-05-03
BR,32,4425,1902.975,2157.8,2449.7000000000003,3103,7180.5,12827.500000000015,18851.399999999998,29837.649999999903,2026-05-10
BR,33,4190,1910.8,2109.7999999999997,2347.7000000000003,2982,6822.25,12004.9,19351.35,32111.799999999963,2026-05-17
BR,34,3933,1738.975,1932.75,2224.8,2803.75,6391,11445.500000000004,16625.399999999994,25593.149999999983,2026-05-24
BR,35,3695,1559.9750000000001,1747,2010.9,2606,5900.25,10101.700000000003,15483.449999999993,26599.225,2026-05-31
BR,36,3422,1476.85,1640.85,1910.8,2451,5601.5,9834.400000000003,14684.299999999996,25637.17499999986,2026-06-07
BR,37,3189.5,1351,1536.75,1738,2300,5097.25,9333.7,14489.749999999995,23662.849999999966,2026-06-14
BR,38,2935,1223,1401.95,1617.8,2079,4665.75,8070.200000000008,12902.45,17371.574999999997,2026-06-21
BR,39,1411.5,613.975,689,787,1001,2341,4405.6,7582.949999999998,12080.599999999986,2026-06-28
BR,40,1676.5,710.975,792.95,897.9,1142,2666.5,4763.1,8065.399999999998,14663.799999999952,2026-07-05
BR,41,1857.5,803.975,897,1038,1347.5,3063,5592.400000000013,8648.649999999998,15696.024999999994,2026-07-12
BR,42,2192,944.975,1042.7,1178.8,1519.25,3567.75,7110.4000000000015,11504.75,18898.949999999997,2026-07-19
BR,43,2472,1043.95,1184.8,1339.7,1745.75,3985.25,7536.700000000003,11432.699999999999,19776.224999999977,2026-07-26
BR,44,2809,1213.85,1370.3500000000001,1542,1953.75,4500,8802.700000000004,13295.899999999998,21512.799999999952,2026-08-02
BR,45,3115,1398,1502,1743.7,2226,5099,9543.500000000011,15328.35,23712.299999999996,2026-08-09
BR,46,3448,1500,1675.5,1922.8,2476.75,5478,10378.800000000008,15716.849999999995,26054.774999999998,2026-08-16
BR,47,3776.5,1664.8,1841.8000000000002,2072,2657,6073,11729.60000000001,18730.299999999996,32257.974999999977,2026-08-23
BR,48,3988.5,1784.825,2028.8000000000002,2283.7000000000003,2865,6291.75,12258.600000000006,20234.74999999998,33642.54999999999,2026-08-30
BR,49,4288,1853.975,2055.9,2308.9,2994.5,6904,13205.800000000014,20841.199999999993,32507.274999999863,2026-09-06
BR,50,4407.5,1916.6750000000002,2123.3,2394.9,3120.5,6971.75,13012.000000000004,20088.05,31144.449999999943,2026-09-13
BR,51,4516.5,1959.8999999999999,2218.85,2473,3212,7311,13019.30000000001,19304.7,30622.349999999955,2026-09-20
BR,52,4646.5,2026.6499999999999,2267.5499999999997,2554,3299,7525.5,13229.100000000002,21491.55,36156.6749999999,2026-09-27
