uf,week,pred,lower_95,lower_90,lower_80,lower_50,upper_50,upper_80,upper_90,upper_95,date
AC,1,48,6,9,13,24,90,156.10000000000014,216.04999999999995,286,2025-10-05
AC,2,56,7,9,15,28,102,181,273,373.02499999999986,2025-10-12
AC,3,65,8,12,18,34,124,216,296.04999999999995,391.02499999999986,2025-10-19
AC,4,82,11,15,20,41,146.25,257.2000000000003,360.0999999999999,472.49999999999727,2025-10-26
AC,5,92,13,17,25,47,177,290,405.2999999999997,584.1999999999989,2025-11-02
AC,6,109,13.975000000000001,20,31,58,194,335.2000000000003,484.14999999999986,671.0999999999995,2025-11-09
AC,7,124,16,22,33,60,226,408,578.05,715.1499999999992,2025-11-16
AC,8,137.5,16,24,38,71,266,452.2000000000003,606.1999999999998,818.1999999999989,2025-11-23
AC,9,158,20,28,42,79,296,513.1000000000001,697.05,955.0249999999999,2025-11-30
AC,10,177,21,32,48,87,321,549.1000000000001,795.2999999999997,1050.0999999999995,2025-12-07
AC,11,180,25.975,36,51,94,334.25,589,790.1999999999998,1048.0499999999997,2025-12-14
AC,12,189,22.975,37,54,100,360,595,835.1499999999999,1154.0749999999996,2025-12-21
AC,13,185.5,26,36,54,104,357.75,629,857,1089.0249999999999,2025-12-28
AC,14,207.5,29,39,59.900000000000006,113,377,682.4000000000005,934.3499999999997,1292.374999999998,2026-01-04
AC,15,230,32,41,65,119,444.25,773,1032.05,1272.5999999999967,2026-01-11
AC,16,239,31,47,66,124,436.25,733.2000000000003,987.05,1325.0249999999999,2026-01-18
AC,17,249.5,33.975,48,68,128,453,745.6000000000008,1031,1329.0499999999997,2026-01-25
AC,18,235,32,44,64.9,123,446,755.1000000000001,1093,1469.1499999999992,2026-02-01
AC,19,238,32.975,45,64,125.75,438.25,732,1059.05,1373.0999999999995,2026-02-08
AC,20,219,29.975,44,62.900000000000006,115.75,404,694.2000000000003,1004.1999999999998,1402.199999999999,2026-02-15
AC,21,198,29,38,53.900000000000006,106,364.25,608.1000000000001,829.1499999999999,1182.2499999999986,2026-02-22
AC,22,179,22,33,50,92,338,596.1000000000001,813,1120,2026-03-01
AC,23,163.5,21,30,48.900000000000006,87,304.5,520.1000000000001,707.05,958.4999999999973,2026-03-08
AC,24,139,20.950000000000003,28,39,74.75,260,438.2000000000003,617.0999999999999,843.0499999999997,2026-03-15
AC,25,125,16,23,34,64,232,395.10000000000014,570,756.2999999999984,2026-03-22
AC,26,114,16,23,33,61,210.25,365.10000000000014,504,651.0999999999995,2026-03-29
AC,27,100,12,18,26,51,183,319.10000000000014,445.3499999999997,627.1499999999992,2026-04-05
AC,28,93,12,16.950000000000003,26,48,166.25,293,429.04999999999995,592.0249999999999,2026-04-12
AC,29,83,11,15,23,43,153,265.10000000000014,370,514.0249999999999,2026-04-19
AC,30,72,9,14,20,38,138,245,328.04999999999995,402.0499999999997,2026-04-26
AC,31,69,9,13,19,34,126,213,301.3499999999997,419.0499999999997,2026-05-03
AC,32,61,8,11,16,30,115,192,277.04999999999995,368.02499999999986,2026-05-10
AC,33,53,6,9.950000000000003,14,27,98,171,241.04999999999995,317.0499999999997,2026-05-17
AC,34,48,5,9,13,24,89,160.10000000000014,226,315.1499999999992,2026-05-24
AC,35,40,5,7,10,21,77,137,180.04999999999995,253,2026-05-31
AC,36,37,5,7,10,20,73,124,168,221.02499999999986,2026-06-07
AC,37,32,4,5,8,17,60,111,150.04999999999995,200.02499999999986,2026-06-14
AC,38,31,3,5,8,15,56,96.10000000000014,127,176,2026-06-21
AC,39,229.5,25,36.95,57.900000000000006,114,415,676.4000000000005,911.1499999999999,1202.1249999999939,2026-06-28
AC,40,222,26,37.95,61,115,425.25,732.6000000000008,985.05,1346.0749999999996,2026-07-05
AC,41,241,28,41.95,65.9,128.75,441,748.2000000000003,1039.4499999999996,1400.5249999999971,2026-07-12
AC,42,244,30,45,67.9,128,456.25,785.1000000000001,1070.4999999999995,1439.374999999998,2026-07-19
AC,43,247.5,34,48,67,133,450.5,772.4000000000005,1080.1999999999998,1464.1499999999992,2026-07-26
AC,44,241,30.975,42,67,128,444,750.2000000000003,1075.3499999999997,1390.5749999999969,2026-08-02
AC,45,225,26.975,41,62,118,413.25,715,962.0999999999999,1228.0999999999995,2026-08-09
AC,46,209,25,34,56.900000000000006,108,396.25,655.4000000000005,888.05,1172,2026-08-16
AC,47,182,23,32,49,95,342,586.4000000000005,866.0999999999999,1173.1499999999992,2026-08-23
AC,48,171,22.975,32,48,89,313.25,554.1000000000001,784,1076.4249999999977,2026-08-30
AC,49,150,17,26,40,76,281,494.10000000000014,658.05,833.3499999999981,2026-09-06
AC,50,130.5,14,21.950000000000003,32,66,245.25,410.2000000000003,575.1999999999998,765.0749999999996,2026-09-13
AC,51,113,12.975000000000001,18,29,58,213.25,357,483.0999999999999,650.5249999999971,2026-09-20
AC,52,97.5,10,17.950000000000003,27,51,183,332.10000000000014,453.0999999999999,571.1499999999992,2026-09-27
AL,1,99,11.975000000000001,16,24,49,213.25,436.2000000000003,753.3999999999996,1178.749999999996,2025-10-05
AL,2,102,9,15,24,48,210,433.2000000000003,702.3499999999997,1098.6499999999965,2025-10-12
AL,3,92,9,14,21,42,195,399.2000000000003,687.0999999999999,1042,2025-10-19
AL,4,81,10,15,21,42,177,377.10000000000014,650.4999999999995,1016.1249999999993,2025-10-26
AL,5,79,9,13,20,40,165,375,651.2499999999998,976.0999999999995,2025-11-02
AL,6,71,8,12,18,34,153,328.10000000000014,552.2999999999997,831.0749999999996,2025-11-09
AL,7,66,6,10,16,31,145,315.10000000000014,498.04999999999995,748.6749999999963,2025-11-16
AL,8,61,6,9,14,28,129,279.10000000000014,451.04999999999995,750.2999999999984,2025-11-23
AL,9,59,7,9,14,29,125,261,388.2999999999997,672.1999999999989,2025-11-30
AL,10,58,6,8,13.900000000000006,28,126,250.20000000000027,438,614.5999999999967,2025-12-07
AL,11,55,6,9,13,27,111.25,252.10000000000014,422.1999999999998,620.3249999999982,2025-12-14
AL,12,55,6,9,14,27,118.25,253.40000000000055,411.04999999999995,584.1499999999992,2025-12-21
AL,13,55,5,8,13,26,115,235,375.2499999999998,624,2025-12-28
AL,14,59,6,9,13.900000000000006,28,121,246,391.04999999999995,680.174999999999,2026-01-04
AL,15,63,5,9,14,29,127,253,415.04999999999995,667.7499999999959,2026-01-11
AL,16,65,7,10,16,32,141,308.40000000000055,501.14999999999986,725.0499999999997,2026-01-18
AL,17,70,7,11,16.900000000000006,33,149,303,489,731.1499999999992,2026-01-25
AL,18,74,7,12,18,34,151.25,307,497.04999999999995,782.3999999999978,2026-02-01
AL,19,80,9,13,20,39,174,350,568.1999999999998,943.374999999998,2026-02-08
AL,20,91,10,15,22,42,190,394.10000000000014,601.1499999999999,970.174999999999,2026-02-15
AL,21,96,10,15,23,46,199.25,416.40000000000055,681.1499999999999,1069.0249999999999,2026-02-22
AL,22,111,12,17.950000000000003,27,53,224,480.2000000000003,755.8499999999992,1201.1499999999992,2026-03-01
AL,23,112,13,18,28,56,250.25,522.2000000000003,802.149999999999,1224.5999999999913,2026-03-08
AL,24,121,13.975000000000001,19,30,58,253,522.1000000000001,820.05,1216.3249999999982,2026-03-15
AL,25,134,13,20,32,64,283,573,913.05,1575.199999999999,2026-03-22
AL,26,148.5,16,23,37,69,300.25,609.4000000000005,1017.4499999999996,1793.6249999999966,2026-03-29
AL,27,155,18,25.950000000000003,39,76,323.25,661.1000000000001,930.2499999999998,1492.0249999999944,2026-04-05
AL,28,164,21,28,44,82,348.25,751.2000000000003,1180.05,1794.6499999999965,2026-04-12
AL,29,186,18,29,49,92,408,818.5000000000007,1259.1499999999999,2111.8249999999953,2026-04-19
AL,30,205,23,32,48.900000000000006,98,426.5,886.3000000000004,1400.4499999999996,2226.6499999999965,2026-04-26
AL,31,217.5,25,35.95,55,109.75,457,931.4000000000005,1565.3999999999996,2525.5499999999915,2026-05-03
AL,32,227.5,24.975,37,59,112,459.75,971.3000000000004,1701.4999999999995,2506.0749999999944,2026-05-10
AL,33,255,28,39,60,117.75,518,1145.800000000001,1806.1,2754.4999999999973,2026-05-17
AL,34,268,27,44.95,67,130.75,571,1197,1877.6499999999994,3124.699999999996,2026-05-24
AL,35,278,33,44,69,130.75,561.25,1158.6000000000008,1830.4999999999995,2845.1499999999996,2026-05-31
AL,36,285.5,30.975,45,69.9,136,568,1238.700000000001,2047.7499999999993,3290.9999999999945,2026-06-07
AL,37,286,33,48,69,144,595.5,1229.9000000000012,1950.8999999999992,3040.049999999989,2026-06-14
AL,38,290,34.975,49.95,76,143,597,1269.2000000000003,2082.999999999998,3015.2999999999984,2026-06-21
AL,39,57,5,8,14,28,123,244.10000000000014,392.0999999999999,617.0749999999996,2026-06-28
AL,40,60,6,9,14,28.75,124,261,388.1999999999998,637.0249999999999,2026-07-05
AL,41,64,6,9,15,30,139.25,281.10000000000014,425.14999999999986,645,2026-07-12
AL,42,67,7,11,17.900000000000006,33,143,278,442.2999999999997,651.1499999999992,2026-07-19
AL,43,72.5,7,11,18,35,147,311.2000000000003,504.14999999999986,744.0249999999999,2026-07-26
AL,44,82,9,13,20,38,166,347.5000000000007,573.2999999999997,823.2499999999986,2026-08-02
AL,45,93,9.975000000000001,14,22,44,186,375.2000000000003,580.3499999999997,872.2999999999984,2026-08-09
AL,46,97,10,15,22,46,203,421.10000000000014,638.05,1038.7749999999958,2026-08-16
AL,47,112,11,16,25,51,230.25,442,691.1999999999998,992.2999999999929,2026-08-23
AL,48,113,13,18,26,56,238,486.10000000000014,764.0999999999999,1134.0749999999996,2026-08-30
AL,49,121,14,19,29,57,246,494.10000000000014,850.1999999999998,1240.2749999999985,2026-09-06
AL,50,130,16,21,33,64,269,551.1000000000001,868.2999999999997,1362.749999999996,2026-09-13
AL,51,148,16,22,31.900000000000006,70,294,590.3000000000004,976.2999999999997,1456.174999999999,2026-09-20
AL,52,153,18,25,37,73,324.25,642,991.5499999999995,1439.0499999999943,2026-09-27
AM,1,58,11,16,21,35,100,157,221.14999999999986,321.0499999999997,2025-10-05
AM,2,58,13,16,22,35.75,99,167,230.0999999999999,297.02499999999986,2025-10-12
AM,3,60,14,17,22.900000000000006,36,101,166.10000000000014,234.04999999999995,322,2025-10-19
AM,4,62,14,18,24,38,104,170,248,327.29999999999836,2025-10-26
AM,5,67,15,19,25,40,108.25,180.10000000000014,260.0999999999999,351.09999999999945,2025-11-02
AM,6,70,15,20,26,43,112.25,193.10000000000014,259.04999999999995,332.0499999999997,2025-11-09
AM,7,72,17,21,28,44,123,200,269,388,2025-11-16
AM,8,77,18,22,30,48,125,194.10000000000014,263.0999999999999,372.1499999999992,2025-11-23
AM,9,83,19,25,32,51.75,135.25,226,324.14999999999986,427.24999999999864,2025-11-30
AM,10,90,20,27,34,55,151,243.10000000000014,337.04999999999995,433.1999999999989,2025-12-07
AM,11,99,23,28,38,59,157,260,368,496.0499999999997,2025-12-14
AM,12,106,24,32,42,65.75,172.25,266,363.0999999999999,487,2025-12-21
AM,13,103,24,30,40.900000000000006,63,171,270,352.0999999999999,447.0749999999996,2025-12-28
AM,14,117,28,37,49,74,184.25,301.10000000000014,416.14999999999986,572.0499999999997,2026-01-04
AM,15,128,31.975,41,52,80,207,319,436.04999999999995,597.0999999999995,2026-01-11
AM,16,138,35,44,56,86,225,364,488.0999999999999,663.0999999999995,2026-01-18
AM,17,146,40,49,62,93.75,235,367.10000000000014,497.14999999999986,658.1999999999989,2026-01-25
AM,18,155,39,48,64,98,246.25,392.2000000000003,542,766.2999999999984,2026-02-01
AM,19,162,44,53,67,101,264,400.3000000000004,538.3499999999997,776.0749999999996,2026-02-08
AM,20,163,41,52,69,105,263,431,557.2999999999997,856.0499999999997,2026-02-15
AM,21,165.5,41,50,68,103,262,435.10000000000014,587.05,821.2249999999988,2026-02-22
AM,22,162,42.975,53,67,101,268.25,415.10000000000014,550,701.2999999999984,2026-03-01
AM,23,166,40.975,50.95,69,101,263.5,416.10000000000014,573.0999999999999,800.174999999999,2026-03-08
AM,24,155,39,50.95,65,98,254,392.2000000000003,540,752.0499999999997,2026-03-15
AM,25,148,36,47,59,93,229,379.10000000000014,513.05,731.0249999999999,2026-03-22
AM,26,142,34,43,58,89,228,365.10000000000014,496.14999999999986,650.0499999999997,2026-03-29
AM,27,138,32,41,56,87.75,211,337.10000000000014,460.2499999999998,625.1999999999989,2026-04-05
AM,28,122,30,40,51,78,202,316.10000000000014,444.1999999999998,555.0749999999996,2026-04-12
AM,29,117,30.975,38,48,74,184.25,306.10000000000014,413,517.1249999999993,2026-04-19
AM,30,106.5,27.975,34,45,69,180,285.10000000000014,380.14999999999986,505.17499999999905,2026-04-26
AM,31,101,22.975,30,39,62,168,274,355.0999999999999,464.3249999999982,2026-05-03
AM,32,93,21,28,36,58,148,237.10000000000014,337.0999999999999,430.0749999999996,2026-05-10
AM,33,85,19,25,33,52,137,213,300.2499999999998,395.02499999999986,2026-05-17
AM,34,79,17.975,23,32,50,126,207,281.04999999999995,367,2026-05-24
AM,35,73,17,23,30,45,122,192,255,324.02499999999986,2026-05-31
AM,36,69,15,19.950000000000003,26,41,114,176,247.04999999999995,319.1499999999992,2026-06-07
AM,37,66,14,19,26,40,105,172,224.0999999999999,299.02499999999986,2026-06-14
AM,38,62,13,17,22,37,99,157,203.04999999999995,257.02499999999986,2026-06-21
AM,39,119,29,35,46,71,188.25,298,418.0999999999999,583.0749999999996,2026-06-28
AM,40,130,32,42,54,80,208,318.10000000000014,436,604.0249999999999,2026-07-05
AM,41,135,34,42,58,87,226,364.10000000000014,496,730.0499999999997,2026-07-12
AM,42,154,40,49,65,96,241,382.10000000000014,522,695.0749999999996,2026-07-19
AM,43,158,41,52,67,100,251,404.10000000000014,558,900.2999999999984,2026-07-26
AM,44,160,43,55,71,105,265,415.3000000000004,591.05,836.0749999999996,2026-08-02
AM,45,165,38,51,69,105,267,410.10000000000014,551.05,786.2499999999986,2026-08-09
AM,46,164,40.975,52,68,101.75,264.25,429.10000000000014,567.05,713.1249999999993,2026-08-16
AM,47,165.5,40.975,52,67,104,273,427.10000000000014,585.1499999999999,748.0499999999997,2026-08-23
AM,48,158,43,54,66,99,251,392.2000000000003,562.0999999999999,740.374999999998,2026-08-30
AM,49,155,39,49,65,97,250.25,402.2000000000003,551,750.0749999999996,2026-09-06
AM,50,148,38,49,63,93,239,386.10000000000014,526.05,682.0499999999997,2026-09-13
AM,51,141.5,36,44,59,90,231,356.2000000000003,492,632.0749999999996,2026-09-20
AM,52,137,30.975,41.95,55,84.75,217,344,466.2499999999998,650.1249999999993,2026-09-27
AP,1,9,0,0,1,3,25,67,119.04999999999995,232.02499999999986,2025-10-05
AP,2,8,0,0,1,3,23,60,105,189.04999999999973,2025-10-12
AP,3,7,0,0,1,2,21,50,93.04999999999995,172,2025-10-19
AP,4,7,0,0,0,2,19,50,89.09999999999991,155.04999999999973,2025-10-26
AP,5,6,0,0,0,2,18,44,73.04999999999995,124,2025-11-02
AP,6,5,0,0,0,2,16,41,72,122.02499999999986,2025-11-09
AP,7,5,0,0,0,2,15,37,75.04999999999995,123.02499999999986,2025-11-16
AP,8,5,0,0,0,1,13,36,64.04999999999995,96,2025-11-23
AP,9,5,0,0,0,1,13,33.100000000000136,61,105.07499999999959,2025-11-30
AP,10,5,0,0,0,1,14,38,71,122.02499999999986,2025-12-07
AP,11,5,0,0,0,2,15,40,73,126,2025-12-14
AP,12,7,0,0,0,2,18,50,92.09999999999991,156.12499999999932,2025-12-21
AP,13,6.5,0,0,0,2,20,46.100000000000136,80.04999999999995,144.12499999999932,2025-12-28
AP,14,8,0,0,1,3,24,60,109,173.02499999999986,2026-01-04
AP,15,11,0,0,1,4,30,78,138.19999999999982,257.1499999999992,2026-01-11
AP,16,13,0,1,1,4.75,37,91.10000000000014,158.04999999999995,273.2249999999988,2026-01-18
AP,17,16,0,1,2,5,47,116,198.04999999999995,355.0749999999996,2026-01-25
AP,18,18,0,1,2,6,48.25,126,221.0999999999999,385,2026-02-01
AP,19,19,0,1,2,6,53,141,248.14999999999986,481.37499999999795,2026-02-08
AP,20,20,0,1,2,7,57.25,148.10000000000014,261.04999999999995,486.2249999999988,2026-02-15
AP,21,21,0,1,2,7,61,156,292,563.2249999999988,2026-02-22
AP,22,21,0,1,3,8,60,160.20000000000027,298,528.0749999999996,2026-03-01
AP,23,21,0,1,2,7,60,153,276.1999999999998,460.37499999999795,2026-03-08
AP,24,21,0,1,2,7,56,149,248.14999999999986,407.0749999999996,2026-03-15
AP,25,19,0,1,2,6,54,144.10000000000014,261.1999999999998,409,2026-03-22
AP,26,18,0,1,2,6,49,134.20000000000027,219.04999999999995,359.09999999999945,2026-03-29
AP,27,18,0,1,2,6,49,131,234,413.09999999999945,2026-04-05
AP,28,16,0,1,2,6,45,125.10000000000014,219,398,2026-04-12
AP,29,16,0,1,2,5,43,113,192.0999999999999,339.17499999999905,2026-04-19
AP,30,14,0,1,1.9000000000000057,5,40,110,182.0999999999999,323.0499999999997,2026-04-26
AP,31,13,0,0,1,4,35,96.10000000000014,166.04999999999995,307.0499999999997,2026-05-03
AP,32,12,0,0,1,4,34,87,149.04999999999995,253,2026-05-10
AP,33,11,0,0,1,4,31,77,165.04999999999995,274.09999999999945,2026-05-17
AP,34,10,0,0,1,4,29,73,144.04999999999995,249.04999999999973,2026-05-24
AP,35,9,0,0,1,3,27,67,115.09999999999991,191,2026-05-31
AP,36,10,0,0,1,3,27,67,125.04999999999995,198.02499999999986,2026-06-07
AP,37,9,0,0,1,3,25,64,115.04999999999995,179.0749999999996,2026-06-14
AP,38,8,0,0,1,3,25,64.10000000000014,121,192.04999999999973,2026-06-21
AP,39,8,0,0,1,3,24,63.100000000000136,110,179.09999999999945,2026-06-28
AP,40,10,0,0,1,3,30.25,83,140.0999999999999,234.1999999999989,2026-07-05
AP,41,13,0,0.9500000000000028,1,4,39,98,158.04999999999995,236.1999999999989,2026-07-12
AP,42,16,0,1,2,5,45,113.10000000000014,213,317.1999999999989,2026-07-19
AP,43,17,0,1,2,6,54,130,211.14999999999986,323.09999999999945,2026-07-26
AP,44,19,0,1,2,7,56,143.3000000000004,240.0999999999999,371.57499999999686,2026-08-02
AP,45,21,0,1,2,7,59,141,249.04999999999995,429.1999999999989,2026-08-09
AP,46,22,0,1,2,7,61,148,267.0999999999999,452.0499999999997,2026-08-16
AP,47,21,0,1,3,7,64.25,157,256,412.7499999999959,2026-08-23
AP,48,21,0,1,2,7,59,151.10000000000014,267,423.1999999999989,2026-08-30
AP,49,20,0,1,2,7,59,160,279.1999999999998,445,2026-09-06
AP,50,19.5,0,1,2,6,57,143,265.04999999999995,398.0749999999996,2026-09-13
AP,51,19,0,1,2,7,52,134,219.19999999999982,393.02499999999986,2026-09-20
AP,52,18,0,1,2,6,53,124,221.19999999999982,357.1249999999993,2026-09-27
BA,1,306,94,110,139,200,495.25,761.2000000000003,973.05,1506.1249999999993,2025-10-05
BA,2,301,99.975,116,137,196.75,480,788,1036.1,1482.0499999999997,2025-10-12
BA,3,305.5,95.975,115,145,201,492.5,793,1088.1,1512.4499999999975,2025-10-19
BA,4,310,95,114,140.9,204,491.25,778.9000000000012,1088,1458.2999999999984,2025-10-26
BA,5,314,99,122,147,207.75,497,772.1000000000001,1125.7999999999993,1631.3749999999925,2025-11-02
BA,6,323,99,120.95,146,212,499,807.3000000000004,1131.1499999999999,1565.3249999999982,2025-11-09
BA,7,326.5,100,124,155,218,521.25,831.2000000000003,1147.1,1555.2749999999985,2025-11-16
BA,8,338,110,136,160,226,521,815,1112.1999999999998,1503.174999999999,2025-11-23
BA,9,350,108,131.95,163,229,549.25,877.5000000000007,1223.049999999999,1790.2249999999988,2025-11-30
BA,10,364.5,118.95000000000002,136.95,168,242.75,563,906.5000000000007,1196.5999999999995,1865,2025-12-07
BA,11,387,130,153,183,257,620,986.2000000000003,1428.1499999999999,2004.3999999999978,2025-12-14
BA,12,439,142.97500000000002,171,210,291,677,1118.1000000000001,1514.05,2074.4249999999975,2025-12-21
BA,13,441,144,166.95000000000002,206,293,676.25,1081.800000000001,1566.5499999999995,2165.05,2025-12-28
BA,14,505,171.975,200.89999999999998,242.9,335,776.75,1270.3000000000004,1861.199999999999,2695.0749999999994,2026-01-04
BA,15,589.5,199.975,238,282,399,907.25,1490,2017.05,2922.1749999999993,2026-01-11
BA,16,705.5,227.975,269,338,480,1085.25,1754.1000000000001,2435.5499999999997,3177.7249999999904,2026-01-18
BA,17,839,277.975,331.9,400,564,1298.25,2050.500000000001,2837.1499999999987,3833.025,2026-01-25
BA,18,996.5,329,398,486,672.75,1543.5,2391.4000000000005,3321.0499999999997,4799.174999999983,2026-02-01
BA,19,1162,388.975,479.9,571,790.75,1820.25,2806.7000000000007,4004.5999999999985,5825.299999999998,2026-02-08
BA,20,1326.5,431.95,520.95,646,897.75,2066.75,3182.3,4533.799999999999,6141.5499999999975,2026-02-15
BA,21,1524,525.9749999999999,614.9499999999999,751.9,1044,2293.25,3469.2,4947.35,7176.025,2026-02-22
BA,22,1642,586.85,670,803,1125.75,2538.5,3879.400000000002,5451.3,7485.374999999993,2026-03-01
BA,23,1803.5,602,716.95,880,1239.5,2749.75,4172,5792.2999999999965,8511.174999999994,2026-03-08
BA,24,1903,665.875,762.8000000000001,922.9000000000001,1309.75,2940.75,4577.9000000000015,6178.199999999999,7985.149999999988,2026-03-15
BA,25,1940.5,654.9499999999999,752.95,938.7,1319.25,2983,4683.100000000001,6643.45,9247.024999999994,2026-03-22
BA,26,1978,668.9250000000001,759.95,962,1324.5,3009,4764.300000000002,6605.249999999999,9899.399999999998,2026-03-29
BA,27,1980.5,709.85,828.75,995,1379.75,3053.25,4747.000000000001,6791.25,9436.499999999982,2026-04-05
BA,28,2001.5,659.975,789.85,963.9,1341,3044.5,4768.6,6851.5999999999985,10310.07499999999,2026-04-12
BA,29,1986,650.875,780.5,972.3,1357,3054.75,4880.6,6942.5,10177.724999999997,2026-04-19
BA,30,1917,662.9250000000001,773.85,934.8000000000001,1305.75,2938.75,4822.100000000003,6522.599999999998,9149.874999999985,2026-04-26
BA,31,1870.5,623,765,902.9000000000001,1270.5,2798,4672.800000000001,6513.649999999998,9131.025000000001,2026-05-03
BA,32,1828,633.85,726.9499999999999,903.7,1208.75,2746.75,4127.100000000002,5917.199999999998,8252.224999999993,2026-05-10
BA,33,1677.5,572.9250000000001,678.8499999999999,836.9,1140.75,2589,4040.800000000001,5356.299999999999,7322.7749999999905,2026-05-17
BA,34,1503,541.9499999999999,658,745.9,1037.25,2313,3717.4000000000005,4933,7064.974999999995,2026-05-24
BA,35,1366,473.95,546.9,670.5,930.75,2043,3230.2000000000016,4269.299999999999,5806.924999999995,2026-05-31
BA,36,1232,413,491.9,605.9000000000001,838,1939.25,2953.3,4146.149999999998,5615.849999999995,2026-06-07
BA,37,1077,371.9,432,524.9,737.75,1673.5,2651.1000000000004,3981.8499999999985,5233.799999999996,2026-06-14
BA,38,950,325,379.9,479.9,642.75,1442.25,2266,3335.2,4588.124999999994,2026-06-21
BA,39,501,166.97500000000002,197.95,246,340,793,1299.2000000000003,1806,2641.075,2026-06-28
BA,40,595,202.97500000000002,244.95,290,401,921.25,1581.1000000000001,2333.7999999999993,3242.9249999999947,2026-07-05
BA,41,710,240.975,281.95,338,470,1112,1710.4000000000005,2479.05,3641.149999999983,2026-07-12
BA,42,845.5,275.95,334.95000000000005,404,575,1321.25,2093.0000000000014,2928.1,4190.899999999995,2026-07-19
BA,43,995,343.975,398,487.9,671,1536.25,2521.900000000001,3676.2999999999997,5178.249999999994,2026-07-26
BA,44,1167.5,401.95,471.95,578.7,786.75,1802,2836.800000000001,4178.749999999998,6572.624999999996,2026-08-02
BA,45,1351.5,437.975,545.85,663.8,917,2038,3205.4000000000005,4745.249999999999,7526.84999999999,2026-08-09
BA,46,1546,506.90000000000003,600,737.8,1032.75,2358.25,3753.2,5369.749999999999,7938.299999999987,2026-08-16
BA,47,1639,574.9,673.9,825,1121.75,2605.75,4243.000000000002,5748.5,7562.849999999996,2026-08-23
BA,48,1785.5,594.875,713.9499999999999,857.8,1214,2814.75,4543.600000000002,6407.25,9026.599999999997,2026-08-30
BA,49,1891,629,747.95,931.9,1301,2963.75,4720.100000000002,6744.5499999999965,9134.324999999972,2026-09-06
BA,50,1966.5,669.925,786.9,944.9,1351.5,3010,4968.700000000004,7210.7999999999965,9965.749999999989,2026-09-13
BA,51,2011.5,694.9250000000001,831.8,1006.9000000000001,1374.5,3122.25,5021.700000000001,7155.149999999998,9784.84999999999,2026-09-20
BA,52,2044.5,674,780.85,991,1359,3110.25,4913.2,7485.199999999995,10831.074999999983,2026-09-27
CE,1,124,35,44,53,79,202,347.10000000000014,482.04999999999995,627.0749999999996,2025-10-05
CE,2,119,33,40.95,52,77,192,315.10000000000014,496.0999999999999,671.0499999999997,2025-10-12
CE,3,118,31,39,48.900000000000006,74,191,318,436.3499999999997,611.1499999999992,2025-10-19
CE,4,111,31,37.95,48,72,184,319,464.04999999999995,647.2499999999986,2025-10-26
CE,5,112.5,31,38,49,72,184,332.2000000000003,497,667.0249999999999,2025-11-02
CE,6,113,29,37,47,71,189,334.10000000000014,469.0999999999999,643.0749999999996,2025-11-09
CE,7,110,29,35,46,69,190.25,337.10000000000014,491.04999999999995,661.0999999999995,2025-11-16
CE,8,109,27,34,44,66,179,304.3000000000004,480.0999999999999,626.5999999999967,2025-11-23
CE,9,100,25,32,42,61,171,288,420,593.0999999999995,2025-11-30
CE,10,99,26,31,41,61,165,271.10000000000014,395.04999999999995,546.1999999999989,2025-12-07
CE,11,93,23,31,40,59,154,268.10000000000014,386.0999999999999,550.1249999999993,2025-12-14
CE,12,95,25,31,39.900000000000006,59,157.25,258,396.04999999999995,548.2499999999986,2025-12-21
CE,13,92,25,30,39,59,151,267,371.14999999999986,500.02499999999986,2025-12-28
CE,14,100,28,33,42,63,172,283,418,557.2249999999988,2026-01-04
CE,15,121,33,42,53,78,193,322.10000000000014,468.1999999999998,655.3249999999982,2026-01-11
CE,16,141,41,49,61,91,226,374.3000000000004,537.3999999999996,749.4249999999977,2026-01-18
CE,17,177,48,58,76,110,278,440.40000000000055,618.0999999999999,925.3999999999978,2026-01-25
CE,18,210,59,72,92,138,336,548.1000000000001,754.0999999999999,1039.0499999999943,2026-02-01
CE,19,261.5,68,87,112.9,165,414.25,640,924.8499999999992,1247.0999999999995,2026-02-08
CE,20,312,91,111,137,197,489,774.4000000000005,1113.1,1520.0499999999997,2026-02-15
CE,21,368.5,108,130,162.9,236,590.25,948.2000000000003,1283.3499999999997,1750.2249999999988,2026-02-22
CE,22,429.5,125.975,151.95,189.9,275.75,664.25,1077.1000000000001,1585.05,2158.774999999996,2026-03-01
CE,23,485,135,170,213.9,313,768.5,1267.2000000000003,1831.3999999999996,2499.7999999999956,2026-03-08
CE,24,539,154.97500000000002,193.95,244,356,862.25,1460.1000000000001,2124.3499999999995,2705.0249999999887,2026-03-15
CE,25,616,175,214,277.9,404.75,981.5,1594.8000000000025,2315.8499999999995,3226.399999999998,2026-03-22
CE,26,678.5,203.975,244.95,307.9,437.75,1111.25,1780,2682.2999999999997,3569.924999999995,2026-03-29
CE,27,753,229.95000000000002,277.85,340,504,1190,1936.2000000000003,2744.05,4041.424999999998,2026-04-05
CE,28,826,241.975,298,376,547,1311,2111.600000000001,2820.3999999999996,4043.2999999999984,2026-04-12
CE,29,864.5,241.975,312.95,389,553.75,1418.25,2237.7000000000007,3213.7499999999964,4316.949999999995,2026-04-19
CE,30,888,272,319,405.8,585.25,1447.5,2317.3000000000034,3243.3,4385.799999999996,2026-04-26
CE,31,905,277.90000000000003,328.9,406.90000000000003,579.75,1465.25,2352.800000000001,3288.1,4484.199999999993,2026-05-03
CE,32,903,274.975,344.9,414,595,1412.25,2216.2000000000003,3154.199999999999,4279.949999999989,2026-05-10
CE,33,860,263.95,314.95000000000005,399,567.5,1353.75,2119.800000000001,2922.8499999999995,4262.399999999976,2026-05-17
CE,34,844.5,250,306.90000000000003,375,555,1318,2177,2846.2999999999997,3798.1499999999883,2026-05-24
CE,35,788,254,297.95,364.9,522,1282.25,1965.800000000001,2811.8999999999996,3658.5999999999967,2026-05-31
CE,36,747,220.975,268.95,330.80000000000007,487.5,1154,1884.2000000000003,2638.3499999999995,3730.399999999998,2026-06-07
CE,37,704,215.975,249.95,317.9,455,1090.75,1729.2000000000003,2443.15,3234.349999999993,2026-06-14
CE,38,663.5,194.97500000000002,229,283.9,424.75,1003.75,1596.1000000000015,2273.5499999999993,3152.8749999999955,2026-06-21
CE,39,103,28,36,45,65,162.25,289,407.14999999999986,575.0249999999999,2026-06-28
CE,40,115,33,39,50,73,194,332.40000000000055,451.0999999999999,574.0749999999996,2026-07-05
CE,41,138,41,51,62,90.75,234,389,560.0999999999999,734.1249999999993,2026-07-12
CE,42,172,49.975,59.95,76,110.75,272,462.10000000000014,624.1499999999999,854.0749999999996,2026-07-19
CE,43,200.5,57,74,92,136,321,548.2000000000003,832.3999999999996,1102.2249999999988,2026-07-26
CE,44,258,76,90,114,169,400.25,675,950.3499999999997,1342.0749999999996,2026-08-02
CE,45,301.5,87,106,136.9,201,469.25,783.2000000000003,1160.2499999999998,1504.0749999999996,2026-08-09
CE,46,364,105,130,161,237,566,912.3000000000004,1339.7999999999993,1895.924999999995,2026-08-16
CE,47,422,117.975,150,191,267.75,666.25,1096.3000000000004,1572.049999999999,2144.574999999997,2026-08-23
CE,48,484.5,136,172,211,309,765,1247.800000000001,1827.3999999999996,2547.0499999999993,2026-08-30
CE,49,527,170,202.8,248,362.75,850.5,1409.2000000000003,2028.1999999999998,2795.1499999999987,2026-09-06
CE,50,605,184.9,225,282,402.5,956.25,1555.1000000000001,2191.7999999999993,3036.749999999996,2026-09-13
CE,51,682.5,194.97500000000002,246,297.9,443,1071.25,1784.2000000000016,2548.3499999999995,3305.05,2026-09-20
CE,52,739.5,224.95,262.95000000000005,339,484,1182,1956.5000000000007,2707.3,3783.699999999996,2026-09-27
DF,1,95.5,4.975000000000001,8,14,37,247,585.1000000000001,1042.3499999999997,1675.549999999997,2025-10-05
DF,2,102,4,7,13,36,262,615,1086.2499999999998,1897.3249999999928,2025-10-12
DF,3,102,4,7,13.900000000000006,34,268,623.2000000000003,1083.2499999999998,1845.199999999999,2025-10-19
DF,4,109,4,7,15.900000000000006,39.75,285.25,656,1045.2499999999998,1666.5499999999915,2025-10-26
DF,5,110.5,5,9,16,40,301,720.1000000000001,1223.5499999999995,1774.6499999999965,2025-11-02
DF,6,126,6,10,18,48,332.25,782.2000000000003,1258.5499999999995,1972.6749999999963,2025-11-09
DF,7,137,4,11,19.900000000000006,51,351.25,856,1443.5499999999995,2110.1749999999993,2025-11-16
DF,8,150.5,6,12,21.900000000000006,53,397.25,997.1000000000001,1572.6999999999994,2787.5749999999966,2025-11-23
DF,9,179,7,13,24,64,472.25,1139.3000000000004,1852.149999999999,3283.524999999997,2025-11-30
DF,10,199,6.975000000000001,14,26,72,510.5,1249.4000000000005,1894.8499999999983,2948.4749999999976,2025-12-07
DF,11,205.5,9,17,30,79,568,1350.5000000000007,2330.1499999999996,3472.6499999999965,2025-12-14
DF,12,258.5,13.975000000000001,20,37,93,672,1447.2000000000016,2515.1499999999987,4517.524999999998,2025-12-21
DF,13,265,10,19,39.900000000000006,96,669.25,1552.5000000000007,2653.1499999999983,4238.349999999944,2025-12-28
DF,14,314.5,14,24,44,108,843.75,1831.4000000000005,3296.6499999999996,5565.899999999995,2026-01-04
DF,15,374.5,15,31.950000000000003,57,142,1011,2318.900000000004,3774.999999999999,6265.824999999995,2026-01-11
DF,16,437,17.975,38,64,172,1161.75,2803.300000000002,4580.3499999999995,7497.599999999986,2026-01-18
DF,17,530.5,26,40.95,74,196,1274.5,3187,5517.199999999998,8826.924999999952,2026-01-25
DF,18,615.5,31.975,52,91.9,236,1475,3877.400000000002,6532,10057.77499999999,2026-02-01
DF,19,717,30,58,97,249,1760.25,4354.300000000011,7200.249999999995,12169.124999999995,2026-02-08
DF,20,765.5,36,62.95,107.9,281,1867.25,4560.200000000001,7310.949999999997,11764.74999999999,2026-02-15
DF,21,820.5,32.975,54,97,290.5,2096.5,4895.7000000000135,8005.949999999998,12624.15,2026-02-22
DF,22,830,37.975,66.95,120.9,303.75,2137.75,4924.300000000002,8445.55,12648.47499999998,2026-03-01
DF,23,810.5,35,60,120.80000000000001,296,2193.5,5352.700000000003,9161.799999999997,17851.674999999985,2026-03-08
DF,24,872,36,65,119,320.75,2181.75,5296.100000000008,8597.299999999994,12128.824999999995,2026-03-15
DF,25,844,36,74.95,132,329,2225.75,5224.500000000001,9105.949999999997,14808.974999999995,2026-03-22
DF,26,898,37,72.95,127,321.5,2360.5,5233.6,8371.699999999995,13443.17499999996,2026-03-29
DF,27,912,39,70.95,125.9,326,2396.75,5862.300000000001,9432.699999999997,15611.874999999947,2026-04-05
DF,28,857,42.975,71.95,132,321,2295.25,5127.100000000002,9208.099999999995,15143.199999999999,2026-04-12
DF,29,867.5,35,70.95,129.9,332.75,2116.25,5549.600000000004,9239.949999999995,15530.949999999966,2026-04-19
DF,30,858.5,33.975,67.95,129,326.75,2296.5,5096.600000000006,8743.999999999996,13151.099999999979,2026-04-26
DF,31,856.5,34,60,113.9,315,2240.75,5193.1,8894.34999999999,14486.624999999996,2026-05-03
DF,32,814.5,42,69.95,120.9,308,2160,4837.5,8096.0999999999995,12923.499999999998,2026-05-10
DF,33,780,38,63.95,121.9,290,1972.75,4609.700000000001,7915.299999999991,12898.474999999964,2026-05-17
DF,34,666.5,32.975,55,105,257,1820.75,4618.800000000001,7693.399999999999,11428.425,2026-05-24
DF,35,622,30,51,86.9,229,1721.25,3878.600000000002,6963.649999999996,11144.074999999993,2026-05-31
DF,36,542,26,43.95,80.9,208,1382,3396.0000000000027,5999.149999999997,9545.199999999993,2026-06-07
DF,37,462,19.975,37,68,175,1245,2877.5000000000005,4567.399999999998,6979.799999999996,2026-06-14
DF,38,383,14,25,48,125.75,948.75,2185.1000000000013,3750.1499999999974,5948.424999999992,2026-06-21
DF,39,278,13,22,41,103,754,1792.2000000000003,3045.8499999999985,5436.024999999961,2026-06-28
DF,40,348,16,27,50.900000000000006,129,900.5,2289.000000000004,3917.649999999998,6332.774999999996,2026-07-05
DF,41,421.5,19,33,59.900000000000006,157,1076.75,2561.800000000001,4459.75,7071.724999999969,2026-07-12
DF,42,502.5,22,37,67,178,1299.25,3022.800000000004,5663.15,9204.399999999987,2026-07-19
DF,43,552,25.975,48,85.9,220,1366,3458.500000000001,5287.75,8506.574999999992,2026-07-26
DF,44,622.5,24.975,47.95,90.9,240,1657.5,3988.500000000001,6457.349999999993,10309.174999999994,2026-08-02
DF,45,680,30,57.95,109.9,275.75,1668.5,4191.300000000002,7123.15,11365.124999999998,2026-08-09
DF,46,713.5,33.975,60,113,277,1872,4586.800000000001,8382.45,13913.874999999984,2026-08-16
DF,47,746.5,36.975,62,109.80000000000001,297.75,1844,4607.7000000000035,8126.199999999998,12663.674999999941,2026-08-23
DF,48,782,34,60,109.9,300,2036.75,5119.500000000001,9358.949999999992,14319.924999999977,2026-08-30
DF,49,796.5,40,66,123.9,306.5,2120,5193.100000000006,9049.35,13902.099999999966,2026-09-06
DF,50,833,40.975,73,126.80000000000001,318,2076.25,5017.300000000002,8356.049999999997,13826.849999999979,2026-09-13
DF,51,830.5,37.975,66.95,119,298.75,2074.25,4971.4000000000005,8595,14023.99999999988,2026-09-20
DF,52,830,41.975,73,115,299,2120.5,5216.900000000007,9067.1,13665.999999999962,2026-09-27
ES,1,285,38.95,55.95,80,147,553.25,1152.400000000002,1739.1,2745.5749999999916,2025-10-05
ES,2,324.5,40,54,84,159,622,1255.2000000000003,2070.5499999999993,3127.1999999999825,2025-10-12
ES,3,347,43.975,64,98,178.75,673,1346,2324.25,3982.349999999998,2025-10-19
ES,4,389.5,54,73.95,109,202.75,764.25,1598.5000000000007,2467.7499999999995,4085.0749999999884,2025-10-26
ES,5,438.5,53.975,80,119,225.75,910.25,1867.3000000000018,2840.499999999999,4431.69999999999,2025-11-02
ES,6,475,62.95,90.95,129,241,989,1979.4000000000005,2948,4448.274999999999,2025-11-09
ES,7,534.5,68,97,141.9,264,1108.25,2329.400000000002,3794.2999999999984,5486.099999999972,2025-11-16
ES,8,606,82.97500000000001,113,164,305,1223,2568.5000000000045,4201.2,6445.299999999998,2025-11-23
ES,9,665.5,86,123,181.9,337,1364.25,2696.200000000003,4115.749999999998,5737.4249999999975,2025-11-30
ES,10,750,100,138,196,363.75,1494.25,3102.0000000000027,4445.25,6773.749999999991,2025-12-07
ES,11,803,94.95000000000002,123,192.9,400.75,1626.5,3385.7000000000025,5498.5999999999985,8136.474999999998,2025-12-14
ES,12,837.5,118.97500000000001,161.9,239,423,1747,3345.6000000000004,4987.399999999997,8302.175,2025-12-21
ES,13,861.5,107.975,150.95000000000002,230,423,1728.75,3488.7000000000007,5978.3499999999995,8953.199999999993,2025-12-28
ES,14,869.5,121,174,244.9,453.75,1828.75,3685.1000000000013,5837.249999999999,9319.074999999973,2026-01-04
ES,15,996,141.95000000000002,199.95,266.9,509.75,1971.25,3848.500000000001,5958.499999999995,9463.524999999976,2026-01-11
ES,16,1037,128,181.95,286.80000000000007,518,2072.25,3895.0000000000014,6329.799999999998,9256.099999999973,2026-01-18
ES,17,1128.5,136.875,206,319.8,596.75,2265.25,4116.500000000001,6770.449999999998,10902.474999999982,2026-01-25
ES,18,1205.5,145,218,332.9,602.75,2422.75,4544.300000000003,6695.2999999999965,10977.399999999998,2026-02-01
ES,19,1284.5,174.95000000000002,236,348.79999999999995,649,2507,4935.7000000000035,7101.8499999999985,10074.124999999967,2026-02-08
ES,20,1381,191.95,278,376.9,697,2737,5298.600000000002,8246.849999999995,12994.724999999991,2026-02-15
ES,21,1459.5,194.95000000000002,285.95000000000005,399,741.25,2889,5352.2000000000035,8830.899999999992,12219.474999999999,2026-02-22
ES,22,1524,216,287,411.8,751.5,3032.25,5834.9000000000005,8110.049999999998,12471.299999999943,2026-03-01
ES,23,1486.5,188,279.95,406.90000000000003,751.5,2887.75,6032.6,9000.149999999998,13170.949999999995,2026-03-08
ES,24,1506,230.82500000000002,302,436.9,794.5,2960.75,5813.000000000002,8871.099999999991,13224.724999999979,2026-03-15
ES,25,1490,196.975,275.95,399.6,785.75,2930.25,5972.200000000001,9353.85,14856.649999999985,2026-03-22
ES,26,1405.5,198.925,283,411.9,723.25,2912.75,5524.300000000002,8357.649999999998,13110.124999999978,2026-03-29
ES,27,1386,181.95000000000002,252.95,390.90000000000003,696.75,2762.75,5195.300000000001,8348.8,12306.999999999967,2026-04-05
ES,28,1330.5,190.95000000000002,255.9,348,697.75,2625,5289.800000000009,8151.5999999999995,11893.199999999988,2026-04-12
ES,29,1276,179,235.75,352.9,659,2503.75,4810.800000000001,7459.099999999998,10870.84999999999,2026-04-19
ES,30,1204,157.97500000000002,215.9,325,614.75,2343.25,4613.5,6927.699999999997,10661.749999999995,2026-04-26
ES,31,1121,143.975,201.9,314.90000000000003,564,2060,4105.600000000002,6423.15,10243.349999999999,2026-05-03
ES,32,1027.5,148.95,200.95,292,524,2007.25,3854.3,5882.499999999999,8723.474999999993,2026-05-10
ES,33,932,124.975,179,255,478,1794,3566.500000000001,5408.3499999999995,8484.824999999997,2026-05-17
ES,34,872,122.97500000000001,159.9,230.9,436,1732.75,3442.1000000000004,5027.499999999998,7503.124999999989,2026-05-24
ES,35,812,110.97500000000001,160,221,407,1558,3003.800000000001,4988.199999999999,6819.79999999999,2026-05-31
ES,36,715.5,102.97500000000001,136,198,372,1478,2867.1000000000004,4626.949999999999,6816.174999999999,2026-06-07
ES,37,658,86.97500000000001,119,180,332,1279,2543.7000000000066,3682.8499999999995,5969.849999999974,2026-06-14
ES,38,584.5,76.94999999999999,112.95,157.9,306,1145.75,2356.9000000000015,3469.3999999999996,5356.324999999998,2026-06-21
ES,39,874.5,122.95000000000002,184,255,452.75,1757.25,3633.2000000000035,6023.199999999998,9621.674999999992,2026-06-28
ES,40,909.5,135.95,180.95,273.70000000000005,467.75,1794.25,3701.600000000004,5819.299999999998,9976.674999999985,2026-07-05
ES,41,1038,156.975,206.95000000000002,295.9,517,2064.75,3941.2000000000016,6492.849999999993,12018.999999999945,2026-07-12
ES,42,1074,160.925,211.95,305,522.5,2117,4455.300000000002,7808.449999999998,12551.824999999968,2026-07-19
ES,43,1186.5,172,229.9,325,604.5,2421.5,4560.3,7312.649999999999,12459.47499999998,2026-07-26
ES,44,1273.5,170.97500000000002,243.8,350.90000000000003,649,2570.25,5270.000000000001,8412.15,12915.249999999982,2026-08-02
ES,45,1346,215.8,271,378.80000000000007,678,2646.5,5144.200000000002,7937.949999999998,13005.549999999996,2026-08-09
ES,46,1403.5,188.95,269.95000000000005,377.8,699.5,2773.5,5590.1,8600.949999999999,13812.274999999994,2026-08-16
ES,47,1455.5,225.975,284.9,401,750.75,2856.25,5593.600000000002,9330.55,15060.949999999984,2026-08-23
ES,48,1494,206.97500000000002,285.90000000000003,427,762.75,3055.5,5941.800000000003,9349.949999999997,15239.074999999999,2026-08-30
ES,49,1499,223.95,303.85,421.8,785.75,3018,5807.400000000003,9000.949999999999,14162.024999999994,2026-09-06
ES,50,1382.5,191.975,269,401.9,734,2850,5761.200000000002,9081.049999999994,15949.274999999989,2026-09-13
ES,51,1396.5,190.97500000000002,269.95000000000005,397.8,730,2803,5263.500000000001,9065.649999999996,14495.62499999998,2026-09-20
ES,52,1361.5,187.95,257,375.9,712,2700.25,5174.100000000001,8877.549999999996,13848.399999999992,2026-09-27
GO,1,625,278,323.95,374.90000000000003,475.75,816.5,1083.800000000001,1309.1,1539.0999999999995,2025-10-05
GO,2,630,298,332.95,384.9,491,861.25,1119.2000000000003,1331.05,1576.0999999999995,2025-10-12
GO,3,676,317,355.95,408.9,518,895,1189,1401.05,1653.0999999999995,2025-10-19
GO,4,712,326.95,376.95,428,547,938.25,1226.4000000000005,1492.1499999999999,1746.0249999999999,2025-10-26
GO,5,757.5,345,393,455.9,577.75,998,1294,1541.4999999999995,1840.4499999999975,2025-11-02
GO,6,838,387,438.95000000000005,502,639,1099,1427.1000000000001,1742.4999999999995,2026.199999999999,2025-11-09
GO,7,896,409.97499999999997,479,544.9,701.75,1187.25,1538,1799.05,2135.199999999999,2025-11-16
GO,8,946.5,432.90000000000003,495.95,577,731,1261.25,1683.700000000001,1938.1,2235.2999999999984,2025-11-23
GO,9,1027,480.975,532.8,604.9,797,1359.25,1791.1000000000001,2166.1499999999996,2535.5999999999967,2025-11-30
GO,10,1066,466.95,540.9,628.9,820,1403.25,1866.1000000000001,2208,2557.449999999998,2025-12-07
GO,11,1136.5,504,586.95,674,874,1514.5,1974,2437,2895.199999999999,2025-12-14
GO,12,1290.5,588.9250000000001,670,762.9000000000001,984.75,1708.5,2229,2696.1,3278.2999999999984,2025-12-21
GO,13,1308,589.925,662,778.9000000000001,1005.75,1725.75,2259,2661,3063.0749999999994,2025-12-28
GO,14,1569,738.9,815.9,954.9000000000001,1211.75,2125,2843.2000000000007,3395.25,4015.6249999999964,2026-01-04
GO,15,1946,868.975,1012.9,1164.8,1463.75,2588.75,3384.5000000000023,4169.2,4838.149999999999,2026-01-11
GO,16,2383.5,1094.875,1237.95,1440,1838.75,3152,4081.1000000000013,5004.1,5778.249999999999,2026-01-18
GO,17,2881,1269.9,1466.8,1693,2172.5,3826.75,4989.200000000002,5960.049999999999,7477.449999999998,2026-01-25
GO,18,3316,1538.875,1699.8999999999999,2004.7,2506.75,4333.25,5745.500000000002,6756.699999999999,8133.549999999992,2026-02-01
GO,19,3630,1690.675,1883.8500000000001,2183,2820.75,4789.75,6306,7506.0999999999985,9315.849999999997,2026-02-08
GO,20,4071,1737.925,2046.75,2353,3077.25,5282,7111.1,8710.65,10057.249999999998,2026-02-15
GO,21,4285.5,1935.85,2229,2574,3254.75,5584,7437.800000000001,8863.399999999998,10427.299999999988,2026-02-22
GO,22,4468,1998.9,2355.9,2723.7999999999997,3385.75,5848,7784.900000000003,9246.4,10864.449999999992,2026-03-01
GO,23,4524.5,2233.925,2437.8999999999996,2768.9,3458,6003.75,7966.800000000004,9685.949999999997,11267,2026-03-08
GO,24,4704.5,2137.9,2463.7,2880,3612,6093.75,8153.800000000001,9601.7,11558.924999999994,2026-03-15
GO,25,4768.5,2243.9,2531.75,2852.5,3681.75,6337.75,8340.800000000005,10457,12680.599999999997,2026-03-22
GO,26,4870,2217.875,2560.8999999999996,2911,3709.75,6420,8520.7,10327.949999999999,11826.12499999997,2026-03-29
GO,27,4943,2302.85,2566.9500000000003,2907,3778.25,6451.5,8400,10073.150000000001,12010.025,2026-04-05
GO,28,4940,2301.875,2548.8,2945.6000000000004,3771,6477.25,8450.5,9982.7,12011.449999999993,2026-04-12
GO,29,4929.5,2218.9,2532.55,2960.8,3724.5,6512,8561.2,10354.249999999998,11846.025,2026-04-19
GO,30,4713,2155.875,2454,2854,3630.75,6236,8313.5,10088.649999999998,12119.774999999996,2026-04-26
GO,31,4624.5,2049.9,2358.75,2735.5,3539.75,5998,7728.700000000004,9145.35,10974.424999999987,2026-05-03
GO,32,4192,1885.85,2190.95,2580.6,3272,5585.5,7283.9000000000015,8814.8,10833.699999999979,2026-05-10
GO,33,3827.5,1699.75,1979.95,2300.0000000000005,2940.75,5013.75,6722.5,7982.199999999999,9127.274999999992,2026-05-17
GO,34,3332.5,1484.725,1728.8,1991.9,2572.5,4386,5808,7198.35,8503.824999999984,2026-05-24
GO,35,2897,1350.9750000000001,1496.8999999999999,1732,2201.25,3783.5,4920.2000000000035,5884.1,6918.324999999993,2026-05-31
GO,36,2465.5,1104.95,1271.95,1504,1906.5,3294.25,4293.2,5053.049999999999,6162.624999999991,2026-06-07
GO,37,2054,964.95,1075.95,1249.8,1589,2716.75,3614.1000000000013,4294.449999999999,5397.075,2026-06-14
GO,38,1701,771.725,902.9499999999999,1026.9,1302,2269,3026.2000000000003,3728.45,4494.2249999999985,2026-06-21
GO,39,1591,732.8000000000001,820.9,952.9,1211.75,2087,2724.300000000002,3327.05,3902.149999999999,2026-06-28
GO,40,1943,894.9499999999999,1010,1185,1510.75,2609,3449.1,3995.449999999997,4806.349999999998,2026-07-05
GO,41,2394,1100.95,1269.95,1460.9,1853.75,3219.25,4171.300000000001,4891.05,6025.724999999997,2026-07-12
GO,42,2887,1312.6999999999998,1454.7,1689.8999999999999,2197,3757.75,4863.1,5781.3499999999995,7096.249999999987,2026-07-19
GO,43,3270,1491.925,1703,1988.9,2503.25,4264.75,5596.1,6799.7,7919.449999999997,2026-07-26
GO,44,3694,1690.8,1894.95,2202.4,2809,4864,6366.500000000001,7477.15,8832.3,2026-08-02
GO,45,4006,1777.55,2059.9500000000003,2403.7,3057.75,5241.25,6893.800000000001,8303.099999999999,9907.774999999996,2026-08-09
GO,46,4213.5,1914.975,2181.8999999999996,2508,3220.5,5563.25,7304.3,8616.65,10185.77499999999,2026-08-16
GO,47,4367.5,2036.95,2298.8,2663.8999999999996,3340,5823.5,7529.100000000001,9011.4,10121.824999999946,2026-08-23
GO,48,4601.5,2197.8999999999996,2424.95,2782,3510.75,6043.5,7808.800000000001,9549.599999999997,11345.924999999957,2026-08-30
GO,49,4644.5,2081.875,2448.4500000000003,2823.8999999999996,3617.25,6187.25,8333.900000000001,9961.4,11672.3,2026-09-06
GO,50,4804.5,2227,2451.8,2858.8,3690.25,6370.25,8279.1,9825.75,11676.799999999996,2026-09-13
GO,51,4867,2193,2468.95,2912.8,3692,6404.5,8350.800000000001,9808.05,11741.224999999999,2026-09-20
GO,52,4875,2242.8500000000004,2516.55,2926.9,3743.25,6415.5,8610.100000000002,10411.399999999998,12134.974999999995,2026-09-27
MA,1,24,4,5,8,14,41,68,99,137.04999999999973,2025-10-05
MA,2,24,4,6,8,14,40,69.10000000000014,98,128,2025-10-12
MA,3,24,4,5,8,14,41,70,96,130,2025-10-19
MA,4,24,4,6,8,14,43,69,96.04999999999995,128.02499999999986,2025-10-26
MA,5,25,4,6,8,15,43,69.10000000000014,98,142.02499999999986,2025-11-02
MA,6,27,5,6,9,15,45,75,98,127.09999999999945,2025-11-09
MA,7,26,5,7,9,15,43.25,71,97,124.02499999999986,2025-11-16
MA,8,26,4,6,9,15,45,69,89.04999999999995,123.02499999999986,2025-11-23
MA,9,27,5,6,9,15,43,68,92,115.02499999999986,2025-11-30
MA,10,27,6,7,10,16,46,72,95.04999999999995,122.14999999999918,2025-12-07
MA,11,32,6,8,11,18,53,84,110,148.02499999999986,2025-12-14
MA,12,39,8,10.950000000000003,14,23,65,103,134.04999999999995,179.12499999999932,2025-12-21
MA,13,38,8,11,14,23,65,102.10000000000014,142.04999999999995,181.04999999999973,2025-12-28
MA,14,53,10,15,19,32,88,139.10000000000014,184,233,2026-01-04
MA,15,72,17,21,27,44,119.25,189,260.04999999999995,325.0749999999996,2026-01-11
MA,16,95,21,27,36.900000000000006,60,158,250.3000000000004,335,438.0499999999997,2026-01-18
MA,17,126,29,36,49.900000000000006,77,210,342,458.04999999999995,609.0499999999997,2026-01-25
MA,18,155,34,44,60,95,259,402.2000000000003,542.0999999999999,683.0249999999999,2026-02-01
MA,19,193,41,55,73.9,117,325,512.5000000000007,700.05,930.5249999999971,2026-02-08
MA,20,226.5,54,68,94.9,141,367,600.3000000000004,790.0999999999999,1014.0749999999996,2026-02-15
MA,21,258.5,62,74,99.9,157,418.5,663,881.05,1157.2749999999985,2026-02-22
MA,22,282,64,78,108,171,449,715.1000000000001,991.05,1316.6499999999965,2026-03-01
MA,23,286,67,84,114,175,468.25,744.2000000000003,978.1999999999998,1281.1499999999992,2026-03-08
MA,24,284,65,82.95,109,176.75,458,715.3000000000004,1007.1999999999998,1365.2499999999986,2026-03-15
MA,25,286,63.95,82.95,108,171.75,469,723.5000000000007,979.0999999999999,1210.374999999998,2026-03-22
MA,26,267.5,63.975,80,109.9,168,430,665.2000000000003,880.0999999999999,1114.0249999999999,2026-03-29
MA,27,263,55.975,77,103,161.75,429.25,658.3000000000004,909.1999999999998,1196.2749999999985,2026-04-05
MA,28,253,62,79,104,156,399.25,646.1000000000001,896.05,1119.0499999999997,2026-04-12
MA,29,240,53.975,68,94,148,388.25,620.1000000000001,854.1999999999998,1136.2999999999984,2026-04-19
MA,30,222,53.975,67,87,138,357.25,576.4000000000005,784.1499999999999,1005.6499999999965,2026-04-26
MA,31,197,47,58,79,123,318,504.10000000000014,674.05,913.0499999999997,2026-05-03
MA,32,180,43.975,54,70,110,295.25,473.10000000000014,637.1999999999998,843.2499999999986,2026-05-10
MA,33,164,38,49,66,101,264.25,412,564.2999999999997,732.0499999999997,2026-05-17
MA,34,136,31,40,53.900000000000006,86,231,366,480.04999999999995,651.0249999999999,2026-05-24
MA,35,121,27,36,47,75,196,309,439.14999999999986,587.2249999999988,2026-05-31
MA,36,107.5,23.975,31,41,65,174,270.10000000000014,364.04999999999995,455.09999999999945,2026-06-07
MA,37,91,19.975,25,34,56,150,237,322.04999999999995,417.02499999999986,2026-06-14
MA,38,78,17,22,30,48,128.25,198,258,347.1499999999992,2026-06-21
MA,39,51,10,14,18,30,84.25,132.10000000000014,174,226,2026-06-28
MA,40,69,14,19,25,42,115,182,243,309.0499999999997,2026-07-05
MA,41,93,20,26,34,55.75,153.25,247.10000000000014,336.04999999999995,435.0499999999997,2026-07-12
MA,42,121,25,33,45,73,195,304.10000000000014,423.0999999999999,562.0499999999997,2026-07-19
MA,43,151,31.975,43.95,55,91,245.25,383.10000000000014,514.1499999999999,672.0999999999995,2026-07-26
MA,44,182,40,53,69.9,110.75,295.25,479,672.0999999999999,830.6249999999966,2026-08-02
MA,45,224,49,65,86.9,132,355,550,717.05,947.374999999998,2026-08-09
MA,46,248,52.975,65,93,147,403,643.1000000000001,845,1087.2499999999932,2026-08-16
MA,47,274,62.95,80,108,170,445.25,705,960.0999999999999,1257.0999999999995,2026-08-23
MA,48,284,62,77,106,170,462,726.1000000000001,918.0999999999999,1142.2249999999988,2026-08-30
MA,49,273,56,77.95,105,163,452.25,708.2000000000003,994.0999999999999,1327.199999999999,2026-09-06
MA,50,270,58,80,108,170,449,702,939.05,1261.1499999999992,2026-09-13
MA,51,265,55.975,70,102,161,426.25,667.2000000000003,848.05,1121.374999999998,2026-09-20
MA,52,249,54,69.95,96,150,419,644.2000000000003,865.0999999999999,1101.0499999999997,2026-09-27
MG,1,670,225.975,262,312.9,439,1136.25,2117.7000000000007,3389.7499999999977,5612.749999999996,2025-10-05
MG,2,715,228,269,333,470,1225,2206.8000000000025,3591.25,5883.849999999968,2025-10-12
MG,3,765.5,265.95,301.95000000000005,356,486.75,1285.25,2388.800000000001,3889.2499999999995,6701.449999999986,2025-10-19
MG,4,803,278,309,381.9,523,1404,2602.600000000001,3922.199999999998,6225.999999999989,2025-10-26
MG,5,906.5,302.97499999999997,355.95,428,596.5,1569.5,2939.1000000000013,4497.8499999999985,7974.674999999996,2025-11-02
MG,6,1007,336,396,472.9,648,1676.5,3244.600000000001,4799.5499999999975,8638.349999999986,2025-11-09
MG,7,1109.5,363,428,523.8,729,1889.25,3596.900000000004,5885.0999999999995,9347.324999999964,2025-11-16
MG,8,1249.5,415,488,587,818.75,2173.5,4010.4000000000005,6200.549999999999,9898.599999999997,2025-11-23
MG,9,1425.5,489.925,545.9499999999999,657.8,953,2372.25,4433.000000000002,7003.05,11961.049999999974,2025-11-30
MG,10,1570.5,537.975,621.7,741.9000000000001,1036.5,2758,4920.100000000002,7913.649999999995,12564.674999999968,2025-12-07
MG,11,1833,614.975,713.9,825,1186.75,3049,5305.200000000002,8776.199999999997,14170.899999999996,2025-12-14
MG,12,2182.5,725,825.9,1009.9,1420.75,3513.75,6568.600000000004,9994.799999999994,15371.799999999985,2025-12-21
MG,13,2171.5,734.9499999999999,856.95,1020.8,1410,3676.25,6933.5,11037.25,17203.074999999993,2025-12-28
MG,14,2662,916.9,1065.8,1281.1,1735.75,4389.75,7992.4000000000115,12334.199999999999,18329.699999999997,2026-01-04
MG,15,3318.5,1122.95,1311.95,1579.8000000000002,2211.5,5349,9952.900000000005,14487.249999999993,24613.949999999964,2026-01-11
MG,16,4105.5,1417.675,1652.55,2008.7,2753.25,6702.5,11762.800000000003,18515.999999999985,28717.29999999999,2026-01-18
MG,17,4884,1765.925,2040.55,2481.1000000000004,3350,8145.25,14756.100000000011,23968.25,37524.09999999994,2026-01-25
MG,18,5931,2138.5499999999997,2446.8,2881.8,4012.25,9942.5,18270.00000000001,29540.199999999997,48847.29999999967,2026-02-01
MG,19,7200.5,2629.7999999999997,2969.1000000000004,3556.8,4832.25,11442,20622.600000000002,32288.55,47621.77499999983,2026-02-08
MG,20,8175.5,2903,3331.8500000000004,4032.3,5472,13420.5,24143.000000000015,38862.849999999955,58062.42499999999,2026-02-15
MG,21,9272,3215,3714.5499999999997,4402.8,6148,14960,26699.60000000002,39788.349999999955,72184.79999999973,2026-02-22
MG,22,10126,3379.925,4093.7000000000003,4885,6829,16529.25,29921.00000000002,46475.4,69470.47499999999,2026-03-01
MG,23,10892.5,3776.05,4318.15,5215.6,7162.25,18138.25,33258.900000000045,51077.15,81991.24999999997,2026-03-08
MG,24,11244,3897.9,4618.75,5539.6,7550.5,19080.25,35242.00000000001,56397.29999999999,85505.77499999986,2026-03-15
MG,25,11994.5,4210.625,4907.9,5840.7,7963.25,19444.5,35224.30000000001,57334.85,97578.97499999998,2026-03-22
MG,26,12249.5,4115.775,4965.6500000000005,5880.9,8308,20221.5,38339.4,57027.6,89672.04999999965,2026-03-29
MG,27,12488.5,4302.825000000001,4830.65,5744.5,8352.75,21686.25,38163.40000000002,61117.549999999996,90504.29999999939,2026-04-05
MG,28,12384.5,4301.95,5010.6500000000005,5943.8,8128.75,21288.25,37482.600000000006,55687.099999999984,82421.19999999985,2026-04-12
MG,29,12068.5,4274,4892.8,5764.7,8011.25,19800.75,34499.8,58090.09999999999,84477.54999999936,2026-04-19
MG,30,11454.5,3750.725,4450.6,5292.7,7410.75,18987.75,34701.90000000001,56627.949999999975,89581.69999999978,2026-04-26
MG,31,10208.5,3452.5499999999997,4037.4,4839.3,6742.5,16355,29332.100000000024,45401.799999999996,71841.84999999996,2026-05-03
MG,32,8706.5,2976.8250000000003,3511.65,4275.2,5854,14545.25,25982.500000000015,40416.84999999998,55307.34999999998,2026-05-10
MG,33,7460,2509.925,2935.55,3468.9,4886.25,11991.75,21082.300000000003,32857.35,50652.97499999996,2026-05-17
MG,34,5835,1972.875,2317.9,2800.7000000000003,3864.75,9557.5,17325.000000000004,26513.64999999999,40656.999999999985,2026-05-24
MG,35,4514.5,1590.925,1902.8999999999999,2211.7999999999997,3016.75,7301.75,12715.3,20452.74999999999,34645.29999999994,2026-05-31
MG,36,3503,1180.925,1431.7500000000002,1661.9,2322.75,5581.5,10390.200000000003,15458.049999999997,24375.649999999892,2026-06-07
MG,37,2678,945.975,1116.7,1322.9,1812.5,4254.25,7767.400000000005,12086.4,19331.174999999956,2026-06-14
MG,38,2019,742.975,850.95,1012,1413.75,3335.75,5619.200000000001,8342.449999999999,13580.099999999995,2026-06-21
MG,39,2659,861.9499999999999,1029.95,1263.9,1761.5,4439,8030.600000000001,11771.8,19766.64999999999,2026-06-28
MG,40,3300.5,1085.65,1291.9,1574.8999999999999,2223,5549.25,9621.900000000005,14651.999999999995,25354.824999999986,2026-07-05
MG,41,4049,1396.8500000000001,1581.9499999999998,1936.8000000000002,2667.5,6609.75,12494.400000000014,20246.099999999988,27787.449999999997,2026-07-12
MG,42,5083.5,1695.975,1970.9499999999998,2372.2,3312.5,8264,14477.30000000001,21707.499999999993,35132.574999999895,2026-07-19
MG,43,6161.5,2122.65,2429.7999999999997,2921.6,4002.5,10255,18030.100000000002,26390.049999999992,40684.69999999998,2026-07-26
MG,44,7133,2473.3250000000003,2889.85,3399.8999999999996,4684,11542.5,20817.200000000044,32809.19999999999,52539.12499999997,2026-08-02
MG,45,8383.5,2833.9500000000003,3311.15,4080.8,5661.75,13568,23939.300000000003,34866.99999999999,52024.499999999935,2026-08-09
MG,46,9287,3117.2,3707.7999999999997,4378.5,6139.5,15106.75,25960.6,42025.69999999999,69373.77499999992,2026-08-16
MG,47,10469,3662.85,4084,4893,6879.25,17126.5,31810.400000000085,47828.94999999999,75519.39999999985,2026-08-23
MG,48,10954,3518.925,4209.1,5001,7218.75,17975.5,32280.200000000004,50942.64999999997,79695.94999999974,2026-08-30
MG,49,11399.5,3861.6000000000004,4554.75,5537,7627.75,18965.25,34204.60000000001,52310.3,83303.69999999985,2026-09-06
MG,50,11943.5,3894.9249999999997,4639.75,5581.799999999999,7904.5,20256.75,36643.500000000015,54443.89999999998,91459.24999999997,2026-09-13
MG,51,12069,4082.95,4851.85,6004.6,8213,20160,35409.40000000001,54135.75,87301.02499999983,2026-09-20
MG,52,12762.5,4315.775,4875.9000000000005,5930.9,8307.25,21406.25,37974.10000000004,59379.799999999974,93514.14999999967,2026-09-27
MS,1,86,14.975000000000001,19,27,46,160,312,474.04999999999995,737.2249999999988,2025-10-05
MS,2,96,18,22,30,53,175,348.10000000000014,537,777.0249999999944,2025-10-12
MS,3,107,20,26,35,57,204,384.10000000000014,596.0999999999999,912.1499999999992,2025-10-19
MS,4,119.5,22,29,39,67,240.25,478.10000000000014,710.0999999999999,1048.2249999999988,2025-10-26
MS,5,140,23,30,43.900000000000006,75,260,491.10000000000014,763.05,1212.649999999991,2025-11-02
MS,6,163,27,36,49,88,299.25,600.6000000000008,941.05,1393.0999999999995,2025-11-09
MS,7,182,31.975,40,58,99,348.25,665.2000000000003,968.0999999999999,1582.4749999999974,2025-11-16
MS,8,201,35,45,65,108.75,389,761.9000000000012,1239.4499999999996,1931.2499999999986,2025-11-23
MS,9,222,37,50,70,125,413,841.2000000000003,1340.5999999999995,1919.5999999999913,2025-11-30
MS,10,238.5,42,56,77,127,451.25,929.5000000000007,1347.999999999999,2181.199999999999,2025-12-07
MS,11,262,47,61,85,140.75,513.25,1060.1000000000001,1577.1499999999999,2341.4749999999976,2025-12-14
MS,12,312,53,70,93.9,168,617,1131.1000000000001,1781.8999999999992,2729.399999999998,2025-12-21
MS,13,295,54,73,101.9,167.75,563,1132.700000000001,1879.1,2831.649999999996,2025-12-28
MS,14,356,61,82.95,118.9,196.75,665.5,1312.700000000001,2020.8999999999983,2785.8999999999896,2026-01-04
MS,15,403,71.975,94,125.9,225,808.25,1534.700000000001,2463.5999999999995,3448.7249999999904,2026-01-11
MS,16,489.5,92.975,119,166,272,983.5,1846.4000000000005,2863.6999999999985,4325.449999999986,2026-01-18
MS,17,584,117,146.90000000000003,189.9,321.75,1130.25,2133.2000000000003,3186.899999999999,4862.274999999993,2026-01-25
MS,18,636.5,121.975,160,214,365,1275.25,2390.1000000000004,3823.05,5483.324999999993,2026-02-01
MS,19,732.5,136.975,174,232,413,1329,2594.7000000000007,4121.249999999998,6326.374999999993,2026-02-08
MS,20,766,141.97500000000002,177,250.8,428.75,1494,2752.1000000000017,4324.949999999999,6297.924999999978,2026-02-15
MS,21,809.5,150,204.89999999999998,277.9,465.5,1542.5,2903.0000000000055,4509.749999999999,6638.999999999984,2026-02-22
MS,22,903,151.975,211.95,284.9,496,1660,3028.2000000000003,4872.899999999996,7057.599999999997,2026-03-01
MS,23,920,156.975,209,281,498,1780,3376.4000000000005,4968.5,7606.824999999995,2026-03-08
MS,24,938,165,217.9,312,512,1782.75,3357,4943.2,7936.174999999983,2026-03-15
MS,25,980,170,234.95000000000002,319,538.75,1803,3443.3000000000006,4921.549999999998,7598.149999999982,2026-03-22
MS,26,944,170,210.85000000000002,295.8,524.75,1807.25,3417,4988.5499999999975,7688.974999999983,2026-03-29
MS,27,936,179.9,222.95000000000002,302.90000000000003,507,1761,3285.1000000000013,5107.35,7678.274999999971,2026-04-05
MS,28,957.5,149.97500000000002,207.95,297.9,504,1751,3230.300000000003,5360.25,7568.049999999988,2026-04-12
MS,29,859,162.925,206,274.9,468,1635,3167.6000000000013,4740.0999999999995,6709.199999999977,2026-04-19
MS,30,824,145.89999999999998,189,252.70000000000002,424.75,1586.5,3067.2000000000025,4756.249999999999,6743.124999999983,2026-04-26
MS,31,750,129.925,174.95000000000002,235,406.75,1438.25,2619,4030.5499999999993,6049.074999999988,2026-05-03
MS,32,654,111.875,149.9,214.9,342.75,1236.25,2157.3,3317.5499999999993,5272.274999999999,2026-05-10
MS,33,575,99.975,128,178,308.75,1035.75,2058.4000000000005,3151.3499999999985,4984.199999999999,2026-05-17
MS,34,455,74.97500000000001,103,138,246.75,833.25,1575.2000000000003,2395.45,3849.7749999999905,2026-05-24
MS,35,383,62,83,122,201.75,712,1333.4000000000005,1985.9499999999991,2964.074999999994,2026-05-31
MS,36,304.5,55,74,96,168,595.25,1145.6000000000008,1764.4999999999995,2584.0999999999995,2026-06-07
MS,37,243,46,58,80,137,465.25,919.1000000000001,1403.2999999999997,2070.399999999998,2026-06-14
MS,38,201,34.975,46,66,107,385.25,737.3000000000004,1028.6999999999994,1592.6999999999962,2026-06-21
MS,39,381,65,80.95,114,207,748.25,1501.6000000000008,2307.5499999999997,3636.049999999994,2026-06-28
MS,40,444,76.975,100,135,229,890,1615.6000000000008,2537.2499999999995,3887.399999999998,2026-07-05
MS,41,543,90,113,163,285,1053.5,1975.2000000000003,3224.699999999999,4925.2249999999985,2026-07-12
MS,42,615.5,101.975,140,194,325,1209,2322.4000000000015,3471.999999999999,5234.349999999993,2026-07-19
MS,43,698,117.95,159,217,361.75,1316.5,2527.1000000000004,3902.1,5464.899999999983,2026-07-26
MS,44,809.5,138.97500000000002,169.95,229.9,417.75,1503.25,2993.900000000001,4303.2,5662.799999999963,2026-08-02
MS,45,818,146.97500000000002,195,257,439.75,1559.75,2983.500000000002,4851.049999999998,7480.6749999999465,2026-08-09
MS,46,923.5,143.95,199,272.9,484.75,1729,3263.6000000000076,4945.299999999999,8233.849999999973,2026-08-16
MS,47,924.5,160.975,215.95,296.9,496.75,1819.25,3199.1000000000004,4889.299999999999,7629.624999999996,2026-08-23
MS,48,1002.5,165.95000000000002,218.85000000000002,305,540.75,1919,3414.9000000000015,5506.049999999999,8634.124999999976,2026-08-30
MS,49,1016,163.975,215,307,521.75,2046,3898.4000000000033,6099.949999999998,9194.249999999967,2026-09-06
MS,50,1010,184.975,232.95,313,534.5,1960,3891.500000000002,6191.2,9277.399999999998,2026-09-13
MS,51,1005.5,153.975,214.95000000000002,321.9,545.25,1955,3773.2000000000035,6191.349999999997,8702.824999999995,2026-09-20
MS,52,1018.5,160.95,213.9,314,538.5,2022.75,3804.900000000003,6610.599999999993,9796.274999999994,2026-09-27
MT,1,102,35,41,50,71,150,230,306.04999999999995,406,2025-10-05
MT,2,112,40,47,56,75,168,273,365.1999999999998,485.0499999999997,2025-10-12
MT,3,127,42,51.95,64,87,191,301,392.14999999999986,552,2025-10-19
MT,4,143,50,58.95,73,98,215.25,349,472.0999999999999,633,2025-10-26
MT,5,170,56,68,83,115,255,415,567.1999999999998,755.174999999999,2025-11-02
MT,6,197,71,83,98,132.75,304,494.10000000000014,687.1499999999999,915.1249999999993,2025-11-09
MT,7,234.5,75,90.95,111.9,158,362,576.2000000000003,796.1999999999998,1088.199999999999,2025-11-16
MT,8,263,88.975,108,130,183,407.25,645,875.4499999999996,1173.0999999999995,2025-11-23
MT,9,294.5,107,122,147,202,448.25,690,986.3999999999996,1340.3249999999982,2025-11-30
MT,10,329,109,133,163,227.75,491.25,782.6000000000008,1086.1,1498.299999999993,2025-12-07
MT,11,373,129.975,153,188,254.75,565.25,883.2000000000003,1248.1999999999998,1729.0249999999999,2025-12-14
MT,12,422.5,146.97500000000002,177.95,216,290.75,639,986.1000000000001,1384.4999999999995,1888.8999999999896,2025-12-21
MT,13,413,140.95,172,212,288,627,994.3000000000004,1324.0499999999981,1841.2249999999988,2025-12-28
MT,14,497.5,182,210,251,342,759.25,1163,1675.1999999999998,2182.549999999997,2026-01-04
MT,15,581.5,205.97500000000002,247.95,299,404,872.25,1363,1845.1499999999999,2576.0499999999997,2026-01-11
MT,16,684,240,285.90000000000003,350.90000000000003,473,1036.25,1632,2208.749999999999,3200.2499999999986,2026-01-18
MT,17,759,255,309.95000000000005,379.9,536.75,1133,1842,2480.2,3287.724999999996,2026-01-25
MT,18,835,300.925,356,418.90000000000003,578.75,1262.25,1924,2533.0999999999995,3448.3249999999925,2026-02-01
MT,19,895,301.95000000000005,368.85,444,595,1330.75,2091.2000000000003,2911.15,3871.024999999994,2026-02-08
MT,20,909,316.975,383.95,447,615.75,1410,2158.600000000001,2879.05,3749.9499999999953,2026-02-15
MT,21,910.5,326.95,378.95000000000005,452.9,615.75,1347.5,2023.1000000000001,2852,3742.099999999994,2026-02-22
MT,22,895,323.95,383.95,464,626,1338.25,2104.1000000000013,2913.749999999999,3933.7249999999963,2026-03-01
MT,23,869.5,307.97499999999997,363,430.90000000000003,600,1290.25,2029.3000000000004,2604.6999999999994,3340.349999999998,2026-03-08
MT,24,832.5,292,365.90000000000003,433,590,1261.25,1951.1000000000001,2650,3493.1499999999996,2026-03-15
MT,25,822,305,360,433,576,1234,1964.6000000000008,2638.949999999999,3402.2749999999933,2026-03-22
MT,26,832,289.97499999999997,338,414.80000000000007,568.75,1242.5,1965.3000000000004,2704.5999999999976,3663.199999999999,2026-03-29
MT,27,798,287.975,339.9,411.9,558,1221.25,1966.1000000000015,2878.3499999999995,4033.1499999999996,2026-04-05
MT,28,811,279,335.8,405,553,1255.5,1951.700000000001,2771.15,3682.8749999999955,2026-04-12
MT,29,803.5,297.97499999999997,336,405,565,1245.75,1989,2794.2999999999997,3776.224999999993,2026-04-19
MT,30,794,275,322.95000000000005,393,550.75,1233.5,1908.1000000000001,2796.25,3778.749999999985,2026-04-26
MT,31,771,265.97499999999997,318.90000000000003,384,533.5,1145.5,1900.1000000000001,2515.449999999999,3482.6249999999914,2026-05-03
MT,32,718,250.95000000000002,291.95,355,500,1127.25,1755.1000000000001,2409.699999999999,3509.0499999999943,2026-05-10
MT,33,663,238,279.95,332.9,453,1033.5,1629.1000000000001,2308.05,3109.924999999995,2026-05-17
MT,34,613,203.975,253,304.9,419,956.25,1486.500000000002,2077,2781.424999999998,2026-05-24
MT,35,528,176,210,258.9,362,821,1365.5000000000007,1862.8499999999992,2620.749999999996,2026-05-31
MT,36,468,161.975,189,228,315,724.25,1150.1000000000001,1615.1499999999999,2467.024999999994,2026-06-07
MT,37,408.5,133,153.95,194,277,621.25,979.1000000000001,1342.1,1806.5249999999971,2026-06-14
MT,38,351,116.975,133.95,166,231,539.25,869,1344.05,1813.2749999999985,2026-06-21
MT,39,498,177,213.9,262,355,754,1162.1000000000001,1529,2079.9249999999947,2026-06-28
MT,40,587,209,254.90000000000003,305,420.75,880.25,1327.9000000000012,1793.1,2328.1499999999933,2026-07-05
MT,41,687,240,289,339,480.75,987,1502.4000000000005,2023.049999999999,2837.649999999997,2026-07-12
MT,42,759.5,265.9,316.95,387,532,1138,1733.1000000000001,2343.5,3310.0499999999947,2026-07-19
MT,43,849,305,349,428,589,1225,1848.5000000000007,2459.15,3186.099999999994,2026-07-26
MT,44,897,313.95,369,442.90000000000003,623,1322.25,1907,2479.5499999999997,3567.5499999999865,2026-08-02
MT,45,914.5,322.975,377.95,466.90000000000003,642.5,1349.25,2058.3,2663.199999999999,3678.7749999999687,2026-08-09
MT,46,916,334.95,376.95,472,624,1353,1973.1000000000001,2699.45,3578.724999999996,2026-08-16
MT,47,893,314,367.95,457.70000000000005,621,1333,2081.2000000000016,2817.7999999999993,3603.399999999998,2026-08-23
MT,48,866.5,307,366.8,443.9,620,1268.25,1931.1000000000001,2635.7,3579.674999999996,2026-08-30
MT,49,857,308.975,355.85,427.9,591,1244,1937.4000000000005,2685.0499999999997,3459.0249999999996,2026-09-06
MT,50,857,296,351.85,431.9,586,1234.25,1857.1000000000001,2385.649999999999,3382,2026-09-13
MT,51,845,291,348,427.9,594,1247.25,1801.2000000000016,2477.5499999999993,3172.2249999999985,2026-09-20
MT,52,831.5,297.97499999999997,337.9,409.9,565.75,1246,1851.1000000000001,2504.1499999999996,3622.024999999973,2026-09-27
PA,1,56,17,22,27,39,84,122,164,198.02499999999986,2025-10-05
PA,2,56,17,21,26,38,83,122,154,195.09999999999945,2025-10-12
PA,3,59,19,22,29,40.75,87,126,162.04999999999995,207.04999999999973,2025-10-19
PA,4,62,18,23.950000000000003,29,42,91,126,159,202.02499999999986,2025-10-26
PA,5,68,22,27,33,46,98,136,189.04999999999995,236,2025-11-02
PA,6,73,22,27,35,50,106,159,200.04999999999995,252.0749999999996,2025-11-09
PA,7,79,25.975,31,39,54,118,168,222,280.0499999999997,2025-11-16
PA,8,85,27,33,41,57,129.25,191.10000000000014,242,308.0499999999997,2025-11-23
PA,9,87,28,34,42,60,132,197,250,300,2025-11-30
PA,10,89,29,35,44,62,132,201,254.04999999999995,315.02499999999986,2025-12-07
PA,11,94,29,35,45.900000000000006,65.75,139,206,253.04999999999995,338.0499999999997,2025-12-14
PA,12,105,33.975,41,51,72,157.25,226,283.04999999999995,350.1499999999992,2025-12-21
PA,13,106,34,41,51,73,156,228,283.04999999999995,354.0499999999997,2025-12-28
PA,14,135,42,51,63,91,193,277.2000000000003,357,439.0749999999996,2026-01-04
PA,15,168,56,67,81,115,243,353.10000000000014,449.04999999999995,586.0249999999999,2026-01-11
PA,16,214.5,69.975,84,103,150,319.5,453.10000000000014,586.1499999999999,766.1249999999993,2026-01-18
PA,17,262,82,100.95,127,179,379.25,558.2000000000003,723.1999999999998,874.174999999999,2026-01-25
PA,18,294.5,102,122.95,147,208,439.25,649.2000000000003,815.3999999999996,1021.3999999999978,2026-02-01
PA,19,318,109.975,130,156.9,222,463,661.2000000000003,817.05,1009,2026-02-08
PA,20,325,105.9,127,159.9,225,485,696.1000000000001,855,1094.0749999999996,2026-02-15
PA,21,333,114,131,163.9,229,479,700.1000000000001,880.2999999999997,1060.2249999999988,2026-02-22
PA,22,320,103,127.95,160.9,226,472,687,896.05,1075.5249999999971,2026-03-01
PA,23,321,106.97500000000001,127.95,156.9,225,470,675.1000000000001,866.05,1048.0499999999997,2026-03-08
PA,24,313.5,101,126,152,214,459.25,670.1000000000001,859.1499999999999,1081.349999999998,2026-03-15
PA,25,294,106,124.95,148,204,423,627.1000000000001,809,1040.349999999998,2026-03-22
PA,26,274,91.975,111.95,139.9,188,399,582,716.05,872.6499999999965,2026-03-29
PA,27,259,82,104,126,174,389,561,696.1999999999998,889.3999999999978,2026-04-05
PA,28,245,77.975,96,118,165,361,528.1000000000001,669.05,865.0249999999999,2026-04-12
PA,29,226,78,93.95,113,157,337,476,601.1999999999998,748.0749999999996,2026-04-19
PA,30,214.5,73,85,108,150,315,448,576.0999999999999,745,2026-04-26
PA,31,202,66,81,101,138,297,437,536.1999999999998,668.2749999999985,2026-05-03
PA,32,183,63,76,91,127,269.25,387.10000000000014,507,666.0249999999999,2026-05-10
PA,33,161,54.975,63.95,79,110,244,362.10000000000014,446.0999999999999,558.0999999999995,2026-05-17
PA,34,149,46.975,58,71,100,218.25,318,402.04999999999995,486.1499999999992,2026-05-24
PA,35,130,42.975,52,63,86,192,277.10000000000014,353,420.02499999999986,2026-05-31
PA,36,114,39,45,56,78,170,245,312,377.02499999999986,2026-06-07
PA,37,101,34,41,49,70,148,217.20000000000027,283,339.0749999999996,2026-06-14
PA,38,94,30,37,45,64,139,205,254.14999999999986,297.0499999999997,2026-06-21
PA,39,135,43,51,63,88,195,274,339.2499999999998,413,2026-06-28
PA,40,167,56,67.95,82,114,246.25,363,461.04999999999995,589,2026-07-05
PA,41,214.5,68.975,84,107,150,317,460,572.05,679.0999999999995,2026-07-12
PA,42,267,87.975,104,126,179,383.25,561.1000000000001,739.0999999999999,890.1499999999992,2026-07-19
PA,43,293,98,116,143,203,432,631.1000000000001,815.05,999.6249999999966,2026-07-26
PA,44,321,108.975,129.95,159,223,461,685.1000000000001,845.1999999999998,1118.3249999999982,2026-08-02
PA,45,326,111,130.95,163.9,227,475.25,690.1000000000001,874.1999999999998,1093.0499999999997,2026-08-09
PA,46,334,110.97500000000001,132.95,159,226,485.25,698,866.1999999999998,1007,2026-08-16
PA,47,318,101,121,158,215,472,691,861.2999999999997,1118,2026-08-23
PA,48,324.5,99.975,127,160,223.75,475,676.1000000000001,841.05,1022.2499999999986,2026-08-30
PA,49,302,101,120.95,151,210,447,662.3000000000004,823.3999999999996,1027.0749999999996,2026-09-06
PA,50,299,98,119,147,204,437,638,815,1053.199999999999,2026-09-13
PA,51,279,89.975,105.95,132.9,190,402,571.1000000000001,728.0999999999999,926.1249999999993,2026-09-20
PA,52,257,86,105.95,131,175,371,534,694.2499999999998,847.5999999999967,2026-09-27
PB,1,116.5,28,34.95,45,71,196.25,309,406.04999999999995,522.174999999999,2025-10-05
PB,2,107,25,33,42,65,175,282.10000000000014,366.04999999999995,473.0499999999997,2025-10-12
PB,3,99,23,29,38,61,162.25,256,318.04999999999995,406.09999999999945,2025-10-19
PB,4,96,22,29,39.900000000000006,58.75,161,245.10000000000014,313,405.1249999999993,2025-10-26
PB,5,91,22,27,36,56,145.25,231,302.14999999999986,386.02499999999986,2025-11-02
PB,6,89,20,26,34,54,141,219,283.04999999999995,337.09999999999945,2025-11-09
PB,7,84,18.975,24,33,52,136,216,289,369.1499999999992,2025-11-16
PB,8,84,19,25.950000000000003,32.900000000000006,51,139,216.10000000000014,283.0999999999999,371.02499999999986,2025-11-23
PB,9,81,19,24,32,50,132,198,273.2999999999997,367.0749999999996,2025-11-30
PB,10,81,19,25,32,51,133,203,276,360,2025-12-07
PB,11,84,19,24,32,50,138,211.10000000000014,291,393.02499999999986,2025-12-14
PB,12,89,19.975,25,35,56,146,227.10000000000014,307.04999999999995,417,2025-12-21
PB,13,89.5,20.975,26,34,55,147,233.10000000000014,308.04999999999995,384.02499999999986,2025-12-28
PB,14,98,23,29,39,61,158,242.10000000000014,305.04999999999995,417.09999999999945,2026-01-04
PB,15,111,26,34,43,69,181,275.10000000000014,365.04999999999995,466,2026-01-11
PB,16,127,31,39,50,77,201,310,413.04999999999995,544.0499999999997,2026-01-18
PB,17,151,35,46,60,93,237,390,530.05,618.0249999999999,2026-01-25
PB,18,172,43,51,68,107,279,413.10000000000014,527.3499999999997,712.0749999999996,2026-02-01
PB,19,199,48,60,79,122,322,508,651.05,815.1249999999993,2026-02-08
PB,20,233,56,71.95,96,145,369.25,578.1000000000001,815.3999999999996,1047.2749999999985,2026-02-15
PB,21,270,64.975,82.95,108,168,414,667.1000000000001,883.2999999999997,1191.349999999998,2026-02-22
PB,22,303.5,75,93,121,187,476.5,773.6000000000008,1041.3999999999996,1388.2249999999988,2026-03-01
PB,23,328,75.975,96,134,209,529.75,816.1000000000001,1102.1999999999998,1402.1249999999993,2026-03-08
PB,24,365,90,111.95,142.9,229,580.25,880,1203.1499999999999,1586.2499999999986,2026-03-15
PB,25,373,95,118,155,234,605.25,896.2000000000003,1157.2499999999998,1598.6499999999965,2026-03-22
PB,26,394,94.97500000000001,118.95,160,244.75,630.25,997.3000000000004,1357.4999999999995,1792.199999999999,2026-03-29
PB,27,408.5,96,122,167.9,261.75,671.25,1040,1385.1999999999998,1836.2999999999984,2026-04-05
PB,28,425.5,97.975,130,181,269,681.25,1082.3000000000004,1392.1499999999999,1857.1499999999992,2026-04-12
PB,29,438,107.975,136,175,276,697,1070,1462.6999999999994,1852.0999999999995,2026-04-19
PB,30,446.5,110,140,183,284,716.25,1141.1000000000001,1494,2183.3999999999924,2026-04-26
PB,31,444.5,110.97500000000001,140.89999999999998,182,268,724,1126,1573.05,2267.724999999996,2026-05-03
PB,32,454,109.95,137.95,179,282,724.25,1171.700000000001,1612.3499999999997,2121.3249999999985,2026-05-10
PB,33,441.5,97.975,129,177.9,277,715.25,1162,1568.1999999999998,1930.2249999999988,2026-05-17
PB,34,431.5,100,133,173,266,715.5,1143.1000000000001,1512.3999999999996,1980.2749999999985,2026-05-24
PB,35,408.5,102,129,169,253,663,1091.2000000000003,1416.4499999999996,1960.2249999999988,2026-05-31
PB,36,407,100.975,124.95,162,255,654,1052.2000000000003,1393.4499999999996,1902.2749999999985,2026-06-07
PB,37,391.5,99,122.95,157,240,648.75,1042.3000000000004,1361.1,1713.2249999999988,2026-06-14
PB,38,371,88.975,114.95,150.9,229,605,946.1000000000001,1258.05,1584.349999999998,2026-06-21
PB,39,99,23.975,30.950000000000003,39,62,162,253.10000000000014,334.04999999999995,429.1249999999993,2026-06-28
PB,40,110,27,34,44,68,176,275,360.04999999999995,454.02499999999986,2026-07-05
PB,41,130,32,41,51.900000000000006,81,206,322,452.0999999999999,635.0499999999997,2026-07-12
PB,42,146,37,48,60,91,244,385,498.04999999999995,673.0499999999997,2026-07-19
PB,43,172.5,44,55.95,71,110,272,433,574.0999999999999,793.0999999999995,2026-07-26
PB,44,203,50,67,84,125,326,509.10000000000014,725.05,938.0999999999995,2026-08-02
PB,45,237,54.975,71,94,151,377,614.1000000000001,804.05,1028.2999999999984,2026-08-09
PB,46,272,65.975,84,110,168.75,441.25,690,900.05,1152.1499999999992,2026-08-16
PB,47,307,73,96,119,190,489,746.1000000000001,1038.1499999999999,1354.1249999999993,2026-08-23
PB,48,335,85,108,136.9,206.75,556,831.1000000000001,1128.1,1516.1499999999992,2026-08-30
PB,49,355.5,91,113,146,228,577.25,906.3000000000004,1253,1568.3249999999982,2026-09-06
PB,50,382,94.97500000000001,123,161,242,619,981.1000000000001,1306.1,1815.349999999998,2026-09-13
PB,51,406.5,92.975,121,165,251,635.25,1007.1000000000001,1360.5999999999995,1836.0499999999997,2026-09-20
PB,52,422,104.94999999999999,126,164,261,676.5,1038.3000000000004,1414,1968.374999999998,2026-09-27
PE,1,272,49,67.95,97,155,484,815.1000000000001,1158.7499999999993,1698.3999999999978,2025-10-05
PE,2,261,51,69,92,149,463,816.2000000000003,1238.2499999999998,1688.374999999998,2025-10-12
PE,3,256,51,67,89,152.75,454.25,785.1000000000001,1109.4499999999996,1597,2025-10-19
PE,4,250,55,68.95,92,149,438,782.1000000000001,1126.3999999999996,1731.1249999999939,2025-10-26
PE,5,255,47,62.95,83,142,433,764.1000000000001,1104.5499999999995,1544.9499999999948,2025-11-02
PE,6,244,47,60,82,139,416.5,742.1000000000001,1052.1999999999998,1575.1499999999992,2025-11-09
PE,7,229,49.925000000000004,62.95,85,135,405,743.1000000000001,1068.1499999999999,1345.0249999999999,2025-11-16
PE,8,236,46,60.95,80,131,410.5,728.2000000000003,996.2499999999998,1513.0499999999997,2025-11-23
PE,9,221.5,45.975,57,82,129.75,385,640,964.0999999999999,1397.4249999999977,2025-11-30
PE,10,221,39.975,56,74,124,404,694.2000000000003,993.1999999999998,1466.924999999995,2025-12-07
PE,11,211,42,57,76.9,123,376.5,633.1000000000001,946.05,1315.749999999996,2025-12-14
PE,12,203,43,56,75,119,364,640.5000000000007,906.0999999999999,1384.4499999999975,2025-12-21
PE,13,211,42.975,54,73,121,381.25,678.1000000000001,988.049999999999,1448.174999999999,2025-12-28
PE,14,216.5,44.95,57.95,77.9,127,386,669.1000000000001,967,1419.6999999999962,2026-01-04
PE,15,227,45,61,79,130,404,704.2000000000003,1009.1999999999998,1332.1499999999992,2026-01-11
PE,16,248,50,62,87.9,144.75,437,739.1000000000001,1074.6499999999994,1484.349999999998,2026-01-18
PE,17,261,57.975,71,97.9,155,462,805.3000000000004,1142.1999999999998,1680.2999999999984,2026-01-25
PE,18,293,60.95,81,103,170,510.75,884.3000000000004,1310.1999999999998,1920.2749999999985,2026-02-01
PE,19,326,69,90.95,119,195.75,554,954,1419.3499999999997,2053.149999999999,2026-02-08
PE,20,369,74,99,132,213.75,633.25,1067.2000000000003,1513.7999999999993,2035.649999999991,2026-02-15
PE,21,405,90,109.95,151,243.75,738.25,1263.3000000000004,1766.149999999999,2342.0499999999997,2026-02-22
PE,22,438.5,99,128,168,264,765.25,1352.2000000000003,1928.1999999999998,2598.0249999999996,2026-03-01
PE,23,486,109.975,137,186,303,848.5,1403.2000000000003,2099.05,3001.6749999999965,2026-03-08
PE,24,557,119.95,150,201,329,938.5,1584.0000000000014,2245.249999999999,3053.1249999999995,2026-03-15
PE,25,579,126.97500000000001,165,223,338,1000.75,1641.2000000000016,2456.05,3359.349999999976,2026-03-22
PE,26,620.5,137,170,231.9,363,1071.75,1837.1000000000001,2749.7999999999993,3862.4499999999975,2026-03-29
PE,27,649,141,177,234.9,381,1102.5,1894.1000000000001,2676.5499999999993,3524.574999999991,2026-04-05
PE,28,698,146,206,280,418.75,1159.75,1941.1000000000001,2693.849999999999,4045.374999999998,2026-04-12
PE,29,682.5,159.95,201,261,412.75,1228.25,2093.1000000000004,2873.1499999999996,4136.199999999999,2026-04-19
PE,30,719.5,156.975,210,281,426,1214,2002.1000000000001,2853.3999999999996,3928.599999999986,2026-04-26
PE,31,756,154.97500000000002,207.95,278.9,450.75,1304.25,2223.3,3113.3999999999996,4008.774999999996,2026-05-03
PE,32,729.5,165.925,206.95000000000002,280,441.75,1211.25,2042.3000000000018,3013.299999999999,4562.074999999994,2026-05-10
PE,33,704,167.975,209,276,418.75,1245.75,2184.500000000001,3026.0999999999985,4216.124999999999,2026-05-17
PE,34,705,158.95000000000002,212.95,273,415.75,1161.75,2143.1000000000004,3038.1499999999996,4277.699999999996,2026-05-24
PE,35,687,153.975,198.85000000000002,260,409,1167.5,2020.2000000000003,3168.549999999999,4569.574999999997,2026-05-31
PE,36,640.5,146.95000000000002,183,244,388,1136.5,2018.1000000000001,3096.2,4275.774999999996,2026-06-07
PE,37,601.5,136,178.95000000000002,236,361,1061.5,1827.4000000000005,2542.049999999999,3796.075,2026-06-14
PE,38,600.5,123.95,162,213.9,349,1013.25,1880.1000000000001,2605.499999999999,3683.449999999992,2026-06-21
PE,39,228,44,56,79,129,391,682.2000000000003,933.05,1339.5749999999969,2026-06-28
PE,40,226,49,64,84.9,134,388.25,691.3000000000004,1027.2499999999998,1477.4999999999973,2026-07-05
PE,41,250.5,50,66.95,90,145,437,728.3000000000004,1067.4999999999995,1619.4749999999974,2026-07-12
PE,42,272.5,56.975,71,98,162,481.25,800.1000000000001,1092.1,1550,2026-07-19
PE,43,300,67.95,82.95,111.9,181,522,922.4000000000005,1304.05,1678.2999999999984,2026-07-26
PE,44,330.5,68.975,90,125,198,576,994.4000000000005,1381.05,2049.5999999999913,2026-08-02
PE,45,391,85,101,137.9,223,659.25,1100.2000000000003,1600.5999999999995,2174.374999999998,2026-08-09
PE,46,412,94,127,165,252,729,1255.4000000000005,1711.4999999999995,2297.075,2026-08-16
PE,47,465.5,103.95,132,174,269,807.5,1356.3000000000004,1896.8499999999983,2898.9749999999894,2026-08-23
PE,48,525,120.975,151.95,196,310,900.25,1477.1000000000001,2044.8999999999992,2803.2749999999983,2026-08-30
PE,49,534,120,160.95,209,318.75,938.25,1602,2196.45,2804.8499999999954,2026-09-06
PE,50,620,135.975,169,227,351,1028.5,1726.2000000000003,2328.2,3181.2749999999933,2026-09-13
PE,51,626,130.95000000000002,171.95,237,374,1035.25,1777.6000000000022,2813.2499999999973,4016.374999999998,2026-09-20
PE,52,682.5,159,193.95,250.9,404.75,1146.25,1853.5000000000007,2687.3,3913.1499999999996,2026-09-27
PI,1,20,4,6,7,12,33,54,76,99.02499999999986,2025-10-05
PI,2,20,3,5,6.900000000000006,11,32,51,68,95.02499999999986,2025-10-12
PI,3,18,3,4,6,10.75,31,50,67,86,2025-10-19
PI,4,18,3,4,6,10.75,31,50,68,84.02499999999986,2025-10-26
PI,5,19,3,5,6,11,31,50,67,85.07499999999959,2025-11-02
PI,6,18,3,4,6,11,32,52,69,89,2025-11-09
PI,7,19,3,5,7,11,34,55,76,97,2025-11-16
PI,8,21,3,5,7,12,34,56,75.04999999999995,102.02499999999986,2025-11-23
PI,9,21,4,5,7,12,36,58,83,107.02499999999986,2025-11-30
PI,10,22,4,6,8,13,38,62.100000000000136,82.04999999999995,111,2025-12-07
PI,11,26,4,6,9,15,43,71,95,126,2025-12-14
PI,12,31,6,8,11,17,51.25,79.10000000000014,107,139,2025-12-21
PI,13,30,6,8,11,18,50,77,103,134,2025-12-28
PI,14,36,7,10,13,21,59,97,129,170,2026-01-04
PI,15,45,10,13,17,27,72,112,149,193.09999999999945,2026-01-11
PI,16,56,14,18.950000000000003,23.900000000000006,37,92,138.10000000000014,184,248.02499999999986,2026-01-18
PI,17,72,17,22.950000000000003,30,45,114,177,230.04999999999995,313.0499999999997,2026-01-25
PI,18,86,23.975,30,37,56,136.25,206,269.04999999999995,348,2026-02-01
PI,19,102,26,33,43,64,163,251.10000000000014,323.0999999999999,444.0499999999997,2026-02-08
PI,20,120,33,40,53,77,186,300,396,499.1499999999992,2026-02-15
PI,21,142,37,47,60,92,224,344.10000000000014,460.0999999999999,601.1249999999993,2026-02-22
PI,22,163,45,54,69.9,107,260,382.10000000000014,504.0999999999999,676,2026-03-01
PI,23,194,54,64,83,123,301,457.10000000000014,613.1499999999999,756.0499999999997,2026-03-08
PI,24,220,62,79.95,98,145.75,355,529.2000000000003,724.0999999999999,910.0249999999999,2026-03-15
PI,25,254,70,85.95,108,161.75,390,587,750.0999999999999,955.0499999999997,2026-03-22
PI,26,282,81,94.95,119,176,425,651,854.05,1084.2499999999986,2026-03-29
PI,27,305,79.975,101.95,130.9,194.75,484,722,898.1499999999999,1160.374999999998,2026-04-05
PI,28,327,90,108,144,216,503,773.1000000000001,999.1999999999998,1362.0749999999996,2026-04-12
PI,29,336,96.975,115,145,218.75,536,794,1047.3999999999996,1376.2249999999988,2026-04-19
PI,30,345,92.975,113.95,153,222,546.25,841.2000000000003,1084.05,1412.2749999999985,2026-04-26
PI,31,359,96,120.95,152,227,550.25,813.700000000001,1076.05,1402.6749999999909,2026-05-03
PI,32,331.5,99.975,115,144.9,218,514.25,802.1000000000001,993.4999999999995,1238.2749999999985,2026-05-10
PI,33,326.5,93,113.95,144,211,500.25,752.1000000000001,1020,1265.4999999999973,2026-05-17
PI,34,307,86,104.95,130,194,467,713.2000000000003,933.2999999999997,1186.0499999999997,2026-05-24
PI,35,278,75.975,96,121,179,430.25,635,830.3499999999997,1078.1499999999992,2026-05-31
PI,36,253.5,72,86.95,112,164,386,583.1000000000001,728.1999999999998,927.0999999999995,2026-06-07
PI,37,225,58,72.95,95.9,145,352.25,530,675,849,2026-06-14
PI,38,195,52.975,66,84,128,303,446,583,717.5749999999969,2026-06-21
PI,39,35,8,11,14,21,58,90,118.04999999999995,159.04999999999973,2026-06-28
PI,40,45,11,14,18,28,75,120.10000000000014,157,189.02499999999986,2026-07-05
PI,41,55,14,18,24,35,91,140,185,230,2026-07-12
PI,42,69,18,23,29,44,113,173,225,284.02499999999986,2026-07-19
PI,43,85,22.975,28,36,54,135,213,294,377.09999999999945,2026-07-26
PI,44,102,28.975,35,44,67,166.25,250,318.04999999999995,429.1249999999993,2026-08-02
PI,45,123,33.975,41,51.900000000000006,77,190.25,301,402,503,2026-08-09
PI,46,144,37,47,61,92,223.25,336.10000000000014,450,530.0499999999997,2026-08-16
PI,47,166,45,56,70,109,260,388,492.04999999999995,594.0749999999996,2026-08-23
PI,48,186,53.975,67.95,82,121.75,297.25,437.10000000000014,575.0999999999999,737.0999999999995,2026-08-30
PI,49,218,59,75.95,98,145,341,523.1000000000001,674.05,835.2749999999985,2026-09-06
PI,50,254.5,68,88,115,162,380,599.1000000000001,788.05,1032.2249999999988,2026-09-13
PI,51,282,74.97500000000001,89,118.9,178.75,432,646.1000000000001,839.3999999999996,1059.2749999999985,2026-09-20
PI,52,294,84,103.95,129,190,472.25,699.1000000000001,934.05,1165.2499999999986,2026-09-27
PR,1,270.5,31,45.95,67,124,576,1302,2235.6499999999987,3974.075,2025-10-05
PR,2,304,33,49,72,141,632,1431.9000000000026,2400.749999999999,3732.099999999994,2025-10-12
PR,3,324,43,56.95,80,158.75,697.25,1554,2541.249999999998,4598.82499999999,2025-10-19
PR,4,380.5,41,57.95,87,175,825,1773.4000000000005,3063.8499999999985,4889.524999999998,2025-10-26
PR,5,405,48.975,67.95,99.9,192,891.25,1939,3472.1499999999996,5485.149999999978,2025-11-02
PR,6,450.5,55,82,113,212,1015,2159.7000000000007,3565.949999999998,5971.374999999982,2025-11-09
PR,7,514,70,88.95,128,238,1063.75,2332.3,3821.649999999999,6222.449999999997,2025-11-16
PR,8,569.5,62.975,91,135.9,264,1259.25,2843.4000000000046,4668.749999999996,8569.699999999979,2025-11-23
PR,9,654,75.95,104.95,150,284,1384,2876.300000000002,5273.399999999998,9157.424999999981,2025-11-30
PR,10,675.5,72,107.95,166,313.75,1509.75,3250.1000000000004,5637.349999999997,8895.349999999971,2025-12-07
PR,11,739,89,120,176,340.75,1673.5,3803.3000000000006,6864.999999999999,10076.024999999961,2025-12-14
PR,12,840,100,140,206.50000000000003,391,1820.25,3846.600000000001,6283.949999999996,10432.399999999998,2025-12-21
PR,13,812.5,102,141.95,213.9,391.75,1845.25,4046.9000000000096,7086.999999999996,10488.799999999985,2025-12-28
PR,14,967.5,122.97500000000001,172,247.9,465.75,2000.5,4511.100000000001,7621.849999999998,12646.09999999999,2026-01-04
PR,15,1143.5,148.9,209,297,546.75,2390.25,5977.9000000000015,9893.899999999996,16223.274999999998,2026-01-11
PR,16,1344,173.97500000000002,244.95,350,654.5,2926.25,6942.9000000000015,10875.499999999993,18178.499999999996,2026-01-18
PR,17,1754,183.975,292.95,449.8,835,3932,8145.500000000007,14848.699999999993,24232.24999999999,2026-01-25
PR,18,2061.5,225.89999999999998,342.95000000000005,520,1003.5,4472,9599.1,15450.949999999986,24676.099999999962,2026-02-01
PR,19,2592.5,295.725,425,609.9,1251,5549.75,11930.100000000015,21120.39999999999,35154.44999999997,2026-02-08
PR,20,2987.5,337.65,486.95000000000005,774,1415.5,6511.5,13772.300000000001,21411.649999999998,34110.67499999996,2026-02-15
PR,21,3361.5,435.9,614,911.9,1682,7468.75,18415,28577.349999999995,44548.14999999982,2026-02-22
PR,22,4039,450,631.85,967.9,1895.25,8415.75,18520.600000000002,34441.799999999996,55178.3249999999,2026-03-01
PR,23,4483,569.625,798.9499999999999,1177.8999999999999,2190,9374.25,21325.200000000004,37137.54999999994,65944.87499999991,2026-03-08
PR,24,4923.5,565.9250000000001,803.15,1227.9,2385.75,11174.5,24763.000000000007,43613.849999999955,76238.94999999997,2026-03-15
PR,25,5482,647.9749999999999,917,1368.5,2643.75,11797.75,24343.900000000016,40866.24999999997,67590.97499999974,2026-03-22
PR,26,5908.5,707.975,1032.3000000000002,1461.9,2700.25,12941.25,27562.2,50358.24999999999,79088.32499999998,2026-03-29
PR,27,6091,759.825,1127.6,1587.8999999999999,2932.75,12927.25,28007.20000000001,51523.399999999994,94505.025,2026-04-05
PR,28,5814,737.8000000000001,1062.95,1509.8000000000002,2799.75,12854,26683.400000000012,45380.549999999996,78847.27499999972,2026-04-12
PR,29,6025,717.9499999999999,985.85,1478.6,2844.5,12784,26986.4,47036.85,77372.8249999997,2026-04-19
PR,30,5110.5,664.8249999999999,979.3,1405.9,2504.75,11581.25,24821.500000000007,40044.54999999999,69868,2026-04-26
PR,31,4864.5,587.9250000000001,871.5500000000001,1207.7,2275.75,10151.5,22560.100000000002,37222.299999999996,66868.94999999985,2026-05-03
PR,32,3918.5,547.625,693,971.6,1868.75,8437.5,19457.7,32100.85,58703.62499999996,2026-05-10
PR,33,3215,378.975,573.95,802.9000000000001,1533,7096.5,15521.700000000008,27188.949999999997,45449.199999999895,2026-05-17
PR,34,2663.5,303.95,419.95,666.9000000000001,1223.75,5610.25,12618.600000000004,21627.299999999996,32473.724999999908,2026-05-24
PR,35,1910,236.975,345.95,483.9,948.5,4199.75,8875.900000000001,15447.049999999996,27470.22499999985,2026-05-31
PR,36,1473,150.95000000000002,245,371.9,697.5,3164,6914.6,11808.699999999993,20784.574999999975,2026-06-07
PR,37,1124,138.95000000000002,196.95,291,546,2412.5,5090.800000000007,8325.449999999999,14987.999999999989,2026-06-14
PR,38,842,100.975,152,217,420.75,1851.5,4239.4000000000005,7427.949999999995,12500.74999999999,2026-06-21
PR,39,922,103.95,147.95,223,444.5,1891,4470.000000000005,8098.999999999998,13023.049999999988,2026-06-28
PR,40,1111,136.975,182,259,522.75,2378.75,5692.500000000002,9121.8,14554.49999999996,2026-07-05
PR,41,1368,170.97500000000002,245,350.80000000000007,649,3096,7261.5,13825.599999999997,22563.074999999993,2026-07-12
PR,42,1678.5,220,283.95,422.90000000000003,800.75,3698,8147.900000000009,13470.4,22368.3249999999,2026-07-19
PR,43,2020.5,225.825,314,523,970.75,4330,9552.2,17490.7,29713.324999999884,2026-07-26
PR,44,2444.5,293.975,409,582.9000000000001,1161,5363,12042.300000000008,21186.499999999993,42002.24999999997,2026-08-02
PR,45,2967,362.75,485.95000000000005,688.6,1357.5,6348.75,14132.300000000028,22947.449999999993,38794.07499999987,2026-08-09
PR,46,3268,407.70000000000005,575.95,838.9000000000001,1580,7178.5,16996.9,27892.499999999967,52717.324999999946,2026-08-16
PR,47,3795.5,467.97499999999997,653.85,941.7,1870.75,8206.25,18752.500000000036,32030.499999999996,54137.09999999991,2026-08-23
PR,48,4460.5,532.925,794.5500000000001,1109.6000000000001,2063.75,9482,22294.4,36769.89999999998,53594.799999999865,2026-08-30
PR,49,5013,624.95,873.9499999999999,1258.9,2412.5,10962,23552.800000000003,42006.39999999998,73885.99999999983,2026-09-06
PR,50,5392,646.7750000000001,847.95,1293.7,2509,11607.25,27074.6,42773.99999999999,66374.57499999984,2026-09-13
PR,51,5663.5,672,970.6,1395.8999999999999,2706.5,12627.75,27257.800000000025,50519.89999999999,86354.59999999996,2026-09-20
PR,52,5775,720.9,967.95,1454.8,2822.75,12310.5,28561.500000000087,47527.39999999999,81772.4249999998,2026-09-27
RJ,1,101,4,7,14,40,253,620.5000000000007,1136.7999999999993,1718.1999999999935,2025-10-05
RJ,2,107,5,9,17,42.75,263.25,688,1248.1999999999998,1928.174999999999,2025-10-12
RJ,3,111.5,6,10,17.900000000000006,43,280,698.2000000000003,1221.1499999999999,1964.7999999999902,2025-10-19
RJ,4,121,6,10,19,44,315,807,1365.8999999999992,2198.4499999999975,2025-10-26
RJ,5,127,5.975000000000001,10,18,50,334,828,1442.1499999999999,2230.6249999999964,2025-11-02
RJ,6,136,6.975000000000001,11,20,52,360.5,850,1381.8499999999992,2512.574999999997,2025-11-09
RJ,7,156,6,13,22,58,398,939.5000000000007,1807.2499999999998,2976.349999999998,2025-11-16
RJ,8,169,7.975000000000001,15.950000000000003,26,63,450,1120.4000000000005,1873.7499999999993,2787.299999999982,2025-11-23
RJ,9,188.5,8,15.950000000000003,29,68.75,496,1157.1000000000001,2133,3699.0749999999994,2025-11-30
RJ,10,207,9,17,31,83.75,508,1260.5000000000007,2277.3499999999995,3375.624999999991,2025-12-07
RJ,11,230,12,19,34,87,601.25,1440.4000000000005,2280.749999999999,4082.399999999987,2025-12-14
RJ,12,255,12,21,39,94.75,646.25,1581.1000000000001,2718.5999999999995,4828.824999999995,2025-12-21
RJ,13,265.5,11,21.950000000000003,40,98,660,1551.700000000001,2864.449999999999,4631.299999999987,2025-12-28
RJ,14,289,14.975000000000001,28,46,117,806.25,1906.1000000000001,3485.2499999999995,5639.724999999996,2026-01-04
RJ,15,332.5,15.975000000000001,27.900000000000006,53,133,938.25,2464.500000000001,4254.05,6881.89999999999,2026-01-11
RJ,16,390,17,31,56,152.75,1013.5,2566.600000000002,4428.25,6727.574999999991,2026-01-18
RJ,17,445,22,37,66,181,1147.25,3133.3000000000075,5464.699999999999,8439.249999999993,2026-01-25
RJ,18,494.5,28,47,82.9,192,1341.75,2950.0000000000027,5756.8499999999995,9417.774999999985,2026-02-01
RJ,19,579,28.975,48,92.9,217,1466.25,3762.800000000002,6546.8499999999985,10495.549999999997,2026-02-08
RJ,20,594,28,51.95,90.9,226.5,1526.5,4051.800000000001,6676.5,12481.299999999992,2026-02-15
RJ,21,653.5,36,58,103.9,270,1761.25,4453.2000000000035,7623.449999999999,12656.324999999993,2026-02-22
RJ,22,712,36,70,111,276.75,1778.75,4550.400000000003,7592.499999999995,12723.049999999957,2026-03-01
RJ,23,766,38,65.95,118.80000000000001,302.75,1912.25,4636.500000000001,8505.149999999998,15474.049999999983,2026-03-08
RJ,24,778,43.975,70.95,124.60000000000002,288,2038,4868.700000000003,8009.049999999996,14384.87499999989,2026-03-15
RJ,25,834.5,41,63.95,121,317.75,2042,4841.100000000006,9257.699999999999,15304.82499999999,2026-03-22
RJ,26,800,33.975,62,116,316,2157.5,5043.300000000005,9171.149999999998,14738.949999999972,2026-03-29
RJ,27,846,40.975,68,130.9,319,2032.5,5038.4000000000015,8990.15,14386.499999999985,2026-04-05
RJ,28,805,43.95,71.95,120.9,320.75,2126,5298.2,8677.1,14990.124999999967,2026-04-12
RJ,29,824.5,49,79,131,324,2032.25,4692.700000000001,8836.949999999999,13205.124999999973,2026-04-19
RJ,30,806.5,35.975,68,117,299,2026.25,5089.4000000000005,8522.05,13910.249999999989,2026-04-26
RJ,31,735,36,53,110.9,289,1883.75,4742.700000000002,7892.15,14152.899999999978,2026-05-03
RJ,32,684,35,56,99,257.75,1809.25,4306.3,7759.5999999999985,12236.74999999998,2026-05-10
RJ,33,620.5,29,50,98,237.75,1646.5,3928.800000000003,7000.899999999986,11713.399999999954,2026-05-17
RJ,34,557.5,27.975,48,85.9,215,1368.5,3547.4000000000005,5965.449999999999,10051.249999999993,2026-05-24
RJ,35,468,21,37.95,72.9,187,1237.75,3242.0000000000027,5450.5999999999985,9565.899999999994,2026-05-31
RJ,36,417.5,20,35,66,165.75,1093.5,2601.400000000002,4478.749999999997,8256.374999999987,2026-06-07
RJ,37,373,18,34,55,141,970.25,2210.3,3692.5999999999995,6665.4249999999975,2026-06-14
RJ,38,326,14,26,48,128,820.75,2123.3,3551.9499999999994,6047.449999999987,2026-06-21
RJ,39,293,14,24,43,110,818.75,1940.9000000000012,3469.7999999999965,5664.699999999991,2026-06-28
RJ,40,328,15.975000000000001,28,51,118.75,926.25,2285.100000000003,4029.499999999999,6745.599999999997,2026-07-05
RJ,41,409.5,19,29,56,151,1061.75,2619.4000000000005,4150.5999999999985,7265.799999999996,2026-07-12
RJ,42,437.5,21.975,35,64,160.75,1224,3029.400000000002,5052.999999999998,7711.449999999997,2026-07-19
RJ,43,533.5,22,42,74.9,202,1400.5,3718,6063.15,8923.62499999999,2026-07-26
RJ,44,563.5,28.975,49,86,228.75,1485,3773.300000000002,6643.899999999997,10405.94999999999,2026-08-02
RJ,45,656.5,27.975,52,92,234,1714,4075.4000000000005,6909.449999999998,10798.69999999997,2026-08-09
RJ,46,655,31.975,51,103.9,252.75,1703.5,4754.700000000001,7949.199999999997,13549.399999999976,2026-08-16
RJ,47,762,35,57.95,102.9,263.75,2025.25,4865.5000000000055,8163.0999999999985,13770.449999999926,2026-08-23
RJ,48,744,36,62,109,303.75,1951.25,5077.2000000000035,8722.999999999998,13633.574999999964,2026-08-30
RJ,49,774.5,34.925000000000004,63,116.9,285.5,2057.25,5044.100000000002,8912.449999999993,14899.849999999997,2026-09-06
RJ,50,837,34,64,116,303.75,2122,5268.400000000003,9886.25,15268.77499999998,2026-09-13
RJ,51,852,33.975,59,109.9,310.75,2148,5335.100000000004,8888.4,15077.774999999994,2026-09-20
RJ,52,812.5,37.975,65.95,119,311,2181,5082.600000000002,10261,15350.42499999991,2026-09-27
RN,1,117.5,16,22,36.900000000000006,65,220,405,583.05,793.5249999999971,2025-10-05
RN,2,109,18,23,34,59,199,360,556.0999999999999,771.0999999999995,2025-10-12
RN,3,106,15,20,29,54,198.25,370,529.2999999999997,685.2749999999985,2025-10-19
RN,4,98.5,15,21,29,51,188,357,539.2999999999997,682.0999999999995,2025-10-26
RN,5,91,14.975000000000001,19.950000000000003,27,50,186,338,476.3499999999997,659.2249999999988,2025-11-02
RN,6,92.5,12,19,26,49,171,316.3000000000004,472.2499999999998,665.0249999999999,2025-11-09
RN,7,81,12,15.950000000000003,23,44,158,292,426.04999999999995,628.2249999999988,2025-11-16
RN,8,87,12,17,26,46,171,306,430.39999999999964,652.1499999999992,2025-11-23
RN,9,86,12,16,24,44,160.25,291,446.0999999999999,677.174999999999,2025-11-30
RN,10,83,12,17,25,43,151,300,426.1999999999998,577.374999999998,2025-12-07
RN,11,88,13,17,24,46,163.25,298,439.0999999999999,599.3249999999982,2025-12-14
RN,12,93,13,18,27,48,179,339,509.14999999999986,694.1249999999993,2025-12-21
RN,13,95,13,18,25,48,180.25,350,490,674.1499999999992,2025-12-28
RN,14,105,15,22.950000000000003,31,54,196,378.2000000000003,579,783.2249999999988,2026-01-04
RN,15,122,17,24,32,61,224,401.10000000000014,625.2499999999998,902.0749999999996,2026-01-11
RN,16,141,20,28,41,73,264,513,758.1499999999999,1078.0499999999997,2026-01-18
RN,17,163,25,33,47,86,304.25,582,866.0999999999999,1255.0999999999995,2026-01-25
RN,18,198,28,37.95,57,99.75,383.25,706.1000000000001,1033,1524.6249999999966,2026-02-01
RN,19,242,32,49.95,69.9,123,446,812.1000000000001,1206.9499999999991,1755.0749999999996,2026-02-08
RN,20,265,40,53,74,139.75,504.25,946,1387.1999999999998,2062.674999999991,2026-02-15
RN,21,325,47,66,98,174,580.5,1067.1000000000001,1555.1499999999999,2301.1749999999993,2026-02-22
RN,22,351,56.975,74,104,182,669.25,1299.1000000000001,1788.6499999999994,2606.1749999999993,2026-03-01
RN,23,393.5,54.975,82.95,116,206,774.75,1332.1000000000001,2013,2898.324999999998,2026-03-08
RN,24,413,65,84,123.9,224,810.25,1479.800000000001,2067.099999999999,2955.199999999999,2026-03-15
RN,25,443,68,93,137.9,246.75,796,1421,1962.4999999999995,2779.024999999994,2026-03-22
RN,26,442,73,95,135.9,235,842.75,1559.1000000000001,2123.1,2811.8249999999953,2026-03-29
RN,27,454,69,95.95,131.9,239,856,1634.700000000001,2294.999999999999,3184.0249999999996,2026-04-05
RN,28,462,76,108.95,148.9,267.75,877.5,1621.1000000000029,2316.2999999999997,3577.7999999999956,2026-04-12
RN,29,494,75.95,106,147,257,870.25,1574.5000000000007,2252.5499999999993,3357.199999999999,2026-04-19
RN,30,494,81,105.95,150.9,255.75,939.25,1683.4000000000005,2403.1000000000004,3316.8749999999736,2026-04-26
RN,31,488,70,97.95,140.9,263,945.25,1618.400000000002,2306.6999999999994,3380.4749999999976,2026-05-03
RN,32,497,76,104,149,260,961.25,1745.700000000001,2605.5499999999993,3609.1999999999935,2026-05-10
RN,33,465,73.95,101,145,257.75,826.25,1630.4000000000033,2384.1499999999996,3282.0499999999997,2026-05-17
RN,34,475,75,98,136.9,254,877,1546.800000000001,2292,3247.249999999998,2026-05-24
RN,35,449,69,96.95,130,238,833.25,1545,2278.1499999999996,3226.524999999992,2026-05-31
RN,36,425.5,69.975,91,122,223,811,1441.2000000000003,2127.1499999999987,2941.449999999998,2026-06-07
RN,37,394.5,61,88,122.9,209,750.5,1372.2000000000003,2000.3999999999996,3042.674999999964,2026-06-14
RN,38,381,57.975,83,117,203.75,704.5,1267.1000000000001,1898.1999999999998,2726.8749999999955,2026-06-21
RN,39,98,14,19,28,53,201,375,535.05,786.0749999999996,2026-06-28
RN,40,113,15.975000000000001,22,35,59.75,222,407,633.0999999999999,872.174999999999,2026-07-05
RN,41,132,17,25,36,70,264,499.10000000000014,722.1499999999999,1047.0749999999996,2026-07-12
RN,42,157,23,30,43,81,305,583.1000000000001,899,1198.4499999999975,2026-07-19
RN,43,187,26,35,54.900000000000006,97,365.5,682.6000000000008,997.1999999999998,1440.199999999999,2026-07-26
RN,44,225,30,43,63,119,440,833,1130,1533.0499999999943,2026-08-02
RN,45,268,35,51,71,135,513.25,968.2000000000003,1407.5499999999995,1993.724999999996,2026-08-09
RN,46,303,45,64.95,89,164,584.5,1023.6000000000008,1575.3499999999997,2273.1499999999996,2026-08-16
RN,47,340,55.975,70,104,183,654,1217,1771.3999999999996,2339.0249999999996,2026-08-23
RN,48,371.5,53.95,70,105,200.5,710,1271.1000000000001,1852.1999999999998,2597.5499999999975,2026-08-30
RN,49,394,60,81,118,207,736.25,1374.4000000000005,2041.1,2742.199999999999,2026-09-06
RN,50,412,56,80,120,224,798.25,1405.6000000000008,1963.1999999999998,2740.324999999998,2026-09-13
RN,51,440.5,70.95000000000002,94.95,137,240,831.25,1581.2000000000003,2241.0499999999997,3349.9999999999945,2026-09-20
RN,52,443,70,94.95,134,240,873.5,1581.3000000000004,2204.0999999999995,3337.5499999999915,2026-09-27
RO,1,18,2,3,5,9,33.25,61,85.04999999999995,114.04999999999973,2025-10-05
RO,2,20,2,3,5,10,38,67,95.04999999999995,127.02499999999986,2025-10-12
RO,3,23,3,4,6,12,43.25,77,114,148.02499999999986,2025-10-19
RO,4,26,3,5,7,13,49,89,130,177.02499999999986,2025-10-26
RO,5,32,4,6,9,16,59,100,150.04999999999995,195,2025-11-02
RO,6,37,5,7,11,20,70,123,167,221.02499999999986,2025-11-09
RO,7,42.5,6,9,13,24,77,137,190,269.0499999999997,2025-11-16
RO,8,50,7,11,15,27,90,168.10000000000014,246.04999999999995,351.02499999999986,2025-11-23
RO,9,55,8,11,16.900000000000006,29,101,182.10000000000014,250,330.02499999999986,2025-11-30
RO,10,61,8,13,19,32,119,210.10000000000014,293.14999999999986,410.1499999999992,2025-12-07
RO,11,69,10,14,20,37,125,224.10000000000014,328.14999999999986,445,2025-12-14
RO,12,78.5,12,16,23,43,150,259,377.1999999999998,498.99999999999454,2025-12-21
RO,13,79,12,17,24,43,146,254,343.2999999999997,509,2025-12-28
RO,14,91,13,19,28,48,171.25,306.10000000000014,444.14999999999986,582.2249999999988,2026-01-04
RO,15,112,17.975,24,33,58,199.25,362.10000000000014,508.14999999999986,712.3249999999982,2026-01-11
RO,16,122,18,25,36,66,229,420.10000000000014,582.1499999999999,767.2749999999985,2026-01-18
RO,17,136,19,27,39,71,260,424.10000000000014,630.1499999999999,869.3249999999982,2026-01-25
RO,18,147,22.975,31,43,75,270,467,668.1499999999999,977,2026-02-01
RO,19,148,22,32,43,78,278,517.2000000000003,746.1499999999999,997.2249999999988,2026-02-08
RO,20,161,22,33.95,49.900000000000006,84,295.25,533.2000000000003,838.05,1103.5749999999969,2026-02-15
RO,21,156,23,33,45,82,299.25,563,782.1499999999999,1012.0249999999999,2026-02-22
RO,22,157,24,32,46,84,304.5,546.1000000000001,787.0999999999999,1106.0499999999997,2026-03-01
RO,23,155.5,23,32,47,81,298,505,778.05,1092.0749999999996,2026-03-08
RO,24,145,21,29,43,77,270.5,482.2000000000003,673.2999999999997,927.0249999999999,2026-03-15
RO,25,129.5,17,25,37,69,248,437,649.1999999999998,890.374999999998,2026-03-22
RO,26,123,19,26,36,67,232,423.10000000000014,569.05,837.0999999999995,2026-03-29
RO,27,110.5,16,23.950000000000003,32,58,205,367.3000000000004,525.2999999999997,709.0249999999999,2026-04-05
RO,28,102,16,22,30,56,185,339,495.1999999999998,722.0499999999997,2026-04-12
RO,29,89,14,20,27,48,172,317.10000000000014,465.04999999999995,630.1499999999992,2026-04-19
RO,30,84,12,17,25,46.75,157.25,283.10000000000014,404.04999999999995,590.0749999999996,2026-04-26
RO,31,75.5,11,16,24,40,143,257,365,502.02499999999986,2026-05-03
RO,32,70,11,15,21,37,124.25,226,349.04999999999995,490.549999999997,2026-05-10
RO,33,66,10,13,19,34,122,221,311.04999999999995,405,2026-05-17
RO,34,59,8,12,17,32,110,186.10000000000014,267.14999999999986,386.0749999999996,2026-05-24
RO,35,52,7.975000000000001,11,16,28,97,173,262.04999999999995,369.02499999999986,2026-05-31
RO,36,48,7,10,15,26,94,170,250.04999999999995,357.02499999999986,2026-06-07
RO,37,45,6,9,13,24,83,149.10000000000014,219.04999999999995,297.0499999999997,2026-06-14
RO,38,41,5,8,11.900000000000006,22.75,79,139.10000000000014,203.04999999999995,296.02499999999986,2026-06-21
RO,39,89,13,18,28,49,163,293,450.4499999999996,599.3499999999981,2026-06-28
RO,40,104,14.975000000000001,21,30,56.75,191,335.10000000000014,479.2499999999998,703.4499999999975,2026-07-05
RO,41,114,18,26,36,63,214,419.2000000000003,594.1499999999999,813.2749999999985,2026-07-12
RO,42,129,20,28,38,70,236,424.10000000000014,617.05,902,2026-07-19
RO,43,140,19,28.950000000000003,41,75,257,467.5000000000007,677.1999999999998,948.174999999999,2026-07-26
RO,44,148,22,31,44,79,273,522,747.05,1025.899999999995,2026-08-02
RO,45,153,21.975,30.950000000000003,45,81.75,293.25,524,851.1499999999999,1174.0749999999996,2026-08-09
RO,46,156,23.975,32,47.900000000000006,85,290,545.1000000000001,773.2999999999997,1176.6499999999965,2026-08-16
RO,47,157.5,24,33,48,82,293,524.9000000000012,788.1499999999999,1094.0249999999999,2026-08-23
RO,48,145,20,28.950000000000003,41.900000000000006,77,268.25,479.40000000000055,793.1999999999998,1169.199999999999,2026-08-30
RO,49,138,21,28,42,75,257.25,466.10000000000014,703.3499999999997,1126.0249999999999,2026-09-06
RO,50,123,17,25,36.900000000000006,67,246,432,646.05,950.3499999999981,2026-09-13
RO,51,115,15.975000000000001,23,35,64,214,384,601,926.9749999999947,2026-09-20
RO,52,110,15,21.950000000000003,32,58.75,201,384.10000000000014,569,768.4249999999977,2026-09-27
RR,1,4,0,0,0,1,10,24,41,72.07499999999959,2025-10-05
RR,2,4,0,0,0,1,10,23,37,58,2025-10-12
RR,3,4,0,0,0,1,10,22.100000000000136,36,54,2025-10-19
RR,4,3,0,0,0,1,9,21,33,53.024999999999864,2025-10-26
RR,5,3,0,0,0,1,9,22,35,61,2025-11-02
RR,6,3,0,0,0,1,9,22,38,60.024999999999864,2025-11-09
RR,7,3,0,0,0,1,9,20.100000000000136,31,48.04999999999973,2025-11-16
RR,8,3,0,0,0,1,8,18,32,49.07499999999959,2025-11-23
RR,9,3,0,0,0,1,7,18,30,50,2025-11-30
RR,10,3,0,0,0,1,7,17,29,41.024999999999864,2025-12-07
RR,11,2,0,0,0,1,7,16,27,45,2025-12-14
RR,12,2,0,0,0,1,7,17,27,40,2025-12-21
RR,13,3,0,0,0,1,8,17,28,42,2025-12-28
RR,14,3,0,0,0,1,7,16,26,39.024999999999864,2026-01-04
RR,15,2,0,0,0,1,7,17,28,43.024999999999864,2026-01-11
RR,16,3,0,0,0,1,7,17,26,43,2026-01-18
RR,17,3,0,0,0,1,7,17,29,43,2026-01-25
RR,18,3,0,0,0,1,7,17.100000000000136,28,41.024999999999864,2026-02-01
RR,19,3,0,0,0,1,7,17,28.049999999999955,45.024999999999864,2026-02-08
RR,20,3,0,0,0,1,8,18,30.049999999999955,47,2026-02-15
RR,21,3,0,0,0,1,8,18,28.049999999999955,43.04999999999973,2026-02-22
RR,22,3,0,0,0,1,8,18,30.049999999999955,50.099999999999454,2026-03-01
RR,23,3,0,0,0,1,8,19.100000000000136,32,46,2026-03-08
RR,24,3,0,0,0,1,8,19,32,49.024999999999864,2026-03-15
RR,25,3,0,0,0,1,8,19,28,49.024999999999864,2026-03-22
RR,26,3,0,0,0,1,9,19,33,53.04999999999973,2026-03-29
RR,27,3,0,0,0,1,9,20,30,43.024999999999864,2026-04-05
RR,28,3,0,0,0,1,9,21,33,53.04999999999973,2026-04-12
RR,29,3,0,0,0,1,9,21,33.049999999999955,52,2026-04-19
RR,30,3,0,0,0,1,9,19,36,54.04999999999973,2026-04-26
RR,31,3,0,0,0,1,10,23,38,55.024999999999864,2026-05-03
RR,32,3,0,0,0,1,9,22,36,58,2026-05-10
RR,33,4,0,0,0,1,9,23,38,60.024999999999864,2026-05-17
RR,34,4,0,0,0,1,11,23,39,69.04999999999973,2026-05-24
RR,35,4,0,0,0,1,10,23,39,62,2026-05-31
RR,36,4,0,0,0,1,11,25,44,67.02499999999986,2026-06-07
RR,37,4,0,0,0,1,12,27,46,71.02499999999986,2026-06-14
RR,38,4,0,0,0,1,11,27,46.09999999999991,66.09999999999945,2026-06-21
RR,39,3,0,0,0,1,7,18,28.049999999999955,48.024999999999864,2026-06-28
RR,40,3,0,0,0,1,7,17,29,45.024999999999864,2026-07-05
RR,41,3,0,0,0,1,8,18,27,45,2026-07-12
RR,42,3,0,0,0,1,8,18,31,46,2026-07-19
RR,43,3,0,0,0,1,7,17,29,47.024999999999864,2026-07-26
RR,44,3,0,0,0,1,8,17,29,44,2026-08-02
RR,45,3,0,0,0,1,8,21,33,49.024999999999864,2026-08-09
RR,46,3,0,0,0,1,8,18,30.049999999999955,53,2026-08-16
RR,47,3,0,0,0,1,8,19,30,51,2026-08-23
RR,48,3,0,0,0,1,8,20,34,51.024999999999864,2026-08-30
RR,49,3,0,0,0,1,9,21,34,56,2026-09-06
RR,50,3,0,0,0,1,9,20,33,58.024999999999864,2026-09-13
RR,51,3,0,0,0,1,9,21,33.049999999999955,53,2026-09-20
RR,52,3,0,0,0,1,9,21,34,56,2026-09-27
RS,1,16,1,2,3,6,39.25,115.10000000000014,251.0999999999999,454.49999999999727,2025-10-05
RS,2,17,1,2,3,7,43,123,278.1999999999998,541.0499999999997,2025-10-12
RS,3,18,1,2,3,8,46,125,265.2999999999997,592,2025-10-19
RS,4,17,1,2,4,8,46,146.10000000000014,316.49999999999955,605.3999999999978,2025-10-26
RS,5,21,1,3,4,9,49,146.10000000000014,302.14999999999986,537.0249999999999,2025-11-02
RS,6,23,2,3,5,11,60,167,370.1999999999998,781.0749999999996,2025-11-09
RS,7,27,2,3,5,12,70.25,211.10000000000014,410.3499999999997,814.1999999999989,2025-11-16
RS,8,31,3,4,6,14,80,226,489.2999999999997,1089.199999999999,2025-11-23
RS,9,35,3,5,8,16,96,287,530.1499999999999,1149.1499999999992,2025-11-30
RS,10,39,3,5,8,17,108,314.70000000000095,661.0999999999999,1294.4249999999977,2025-12-07
RS,11,43,4,5,9,18,112.25,320.40000000000055,694.1999999999998,1369.724999999996,2025-12-14
RS,12,47,4,6,10,21,120,338.10000000000014,688,1378.5749999999969,2025-12-21
RS,13,46,4,7,10,21,117.25,335.3000000000004,761.4999999999995,1494.3499999999872,2025-12-28
RS,14,49,4,7,11,22,128,367.10000000000014,842.2999999999997,1753.474999999992,2026-01-04
RS,15,60,5,8,13,25,148,441.10000000000014,907.6999999999994,1585,2026-01-11
RS,16,71,6,9,15,31,181.25,451.3000000000004,828.6499999999994,2402.349999999998,2026-01-18
RS,17,85,7,11,18,37,217,575.1000000000001,1112.5999999999995,1864.2749999999985,2026-01-25
RS,18,97,8.975000000000001,14,22,46,263,675.1000000000001,1534.5999999999995,3210.599999999986,2026-02-01
RS,19,136,12,18.950000000000003,30,60,349.25,952.700000000001,2230.5499999999993,4235.399999999992,2026-02-08
RS,20,195,14.975000000000001,25,38,80,509.25,1282.9000000000012,2461.2999999999993,5120.82499999999,2026-02-15
RS,21,255.5,25,36,52,105,683.25,1782.700000000001,4085.1499999999987,8437.224999999933,2026-02-22
RS,22,343,33.975,50.95,76.9,156,876.25,2606,5614.649999999995,11204.974999999995,2026-03-01
RS,23,501,47,66,104,219,1293,3690.400000000005,7380.399999999993,15590.699999999975,2026-03-08
RS,24,669,60,88.95,136.9,269,1707,4799.200000000003,10058.799999999992,18815.37499999997,2026-03-15
RS,25,828,76.975,114,175,372,2179.75,6240.200000000006,11341.799999999996,26543.34999999995,2026-03-22
RS,26,1049.5,99.95,140,219.8,431,2728,7886.500000000002,15130.699999999997,29945.64999999999,2026-03-29
RS,27,1224,119.95,165,237.9,521,3129,9644.800000000014,20087.499999999996,41838.84999999994,2026-04-05
RS,28,1356,122,177.9,273.9,572,3444,10639.800000000014,21568.64999999999,45385.22499999993,2026-04-12
RS,29,1341,118.95000000000002,169.95,262,550.75,3619.25,10538.900000000023,19627.04999999998,56204.6749999998,2026-04-19
RS,30,1269,122.97500000000001,174.90000000000003,249.9,544,3468.25,11362.30000000004,24640.799999999992,45739.024999999674,2026-04-26
RS,31,1106.5,98.97500000000001,140,212.9,466.75,2950.25,9145.800000000007,18117.799999999974,47003.499999999694,2026-05-03
RS,32,894,79,117,174,365,2359.75,7496.300000000011,15314.19999999999,29724.074999999677,2026-05-10
RS,33,686.5,60,83.95,128.9,285.75,1861,6326.600000000001,12624.649999999987,29089.44999999993,2026-05-17
RS,34,479.5,46,61,90.9,191,1293.75,3693.600000000002,8190.649999999998,20299.89999999992,2026-05-24
RS,35,343.5,28,41,62,139,840.75,2743,7311.19999999999,14100.949999999968,2026-05-31
RS,36,237,19,29,47,100,620.75,1982.800000000001,4583.4,9579.099999999984,2026-06-07
RS,37,159,14.975000000000001,20,32,68,447.25,1482.5000000000007,3218.05,7343.649999999986,2026-06-14
RS,38,121,10.975000000000001,15,24,49,325.75,1021.9000000000012,2449.699999999999,5087.799999999974,2026-06-21
RS,39,54,5,7,11,23,145,414.10000000000014,912.05,1691.6999999999962,2026-06-28
RS,40,59,6,8,13,26,154,438,985.5499999999995,1744.2999999999984,2026-07-05
RS,41,70,6,9,14,30,177,513.4000000000005,1225.1999999999998,2110.824999999979,2026-07-12
RS,42,82,8,11,18,38,207.25,646.2000000000003,1380.2499999999998,3112.949999999995,2026-07-19
RS,43,106.5,10,15,23.900000000000006,47,272,733.4000000000005,1511.3999999999996,3242.099999999994,2026-07-26
RS,44,141,13.975000000000001,18,28,58,385.25,1050.800000000001,2046.3499999999997,4237.249999999971,2026-08-02
RS,45,179,17,26,39,81,506,1384.1000000000001,3113.0499999999956,6025.349999999977,2026-08-09
RS,46,266.5,25,33.95,55,113,694.5,2066,4287.25,8487.224999999988,2026-08-16
RS,47,359.5,34,48,78,162.75,960.5,2752.4000000000005,5647.549999999992,11608.924999999988,2026-08-23
RS,48,475,43,64.95,97.9,202,1268.25,3516.1000000000004,7809.499999999998,17125.049999999886,2026-08-30
RS,49,664,56.95,86,130.9,273,1772.5,5500.700000000001,11604.05,24009.92499999987,2026-09-06
RS,50,825,69,111.95,169.9,351.75,2240.25,6572.9000000000015,13889.399999999983,26159.47499999936,2026-09-13
RS,51,1009,90.97500000000001,142.95000000000002,208.9,431,2802,8103.300000000005,16534.999999999996,38406.749999999985,2026-09-20
RS,52,1168,102.97500000000001,160.95,242.8,495.25,3236.25,9554.700000000003,19366.549999999985,41009.749999999825,2026-09-27
SC,1,32,2,3,5,12,95,303.6000000000008,811.2499999999998,1625.5999999999913,2025-10-05
SC,2,34,2,3,6,13,105,341,852.5499999999995,1809.2249999999988,2025-10-12
SC,3,36,2,4,6,14,106,361,971.05,1988.199999999999,2025-10-19
SC,4,39.5,3,5,8,16,116,416.6000000000008,877.4999999999995,1900.0249999999999,2025-10-26
SC,5,45,3,5,8,18,134,453.10000000000014,1018.9499999999991,2553.1249999999936,2025-11-02
SC,6,51,4,6,9,21,151.25,475.40000000000055,1134.05,3195.124999999999,2025-11-09
SC,7,60,4,7,11,23,170.25,517.1000000000015,1401.099999999999,3496.8249999999953,2025-11-16
SC,8,66,5,8,13,27,196.25,649.4000000000005,1432.5499999999986,3372.1749999999993,2025-11-23
SC,9,76,6,10,15,31,246,821.1000000000001,1968.8499999999992,4373.849999999989,2025-11-30
SC,10,92,8,10,17,35,265.25,827.2000000000003,1824.1,4202.024999999994,2025-12-07
SC,11,94,8,12,18,37,305.25,913.3000000000004,2465.449999999997,6552.82499999999,2025-12-14
SC,12,108,10,14,21.900000000000006,43,320,1051.5000000000007,2634.8499999999995,6332.574999999986,2025-12-21
SC,13,108,8.975000000000001,13,21,43,324.25,1105,2578.6999999999975,5353.674999999991,2025-12-28
SC,14,118,10,13,21,47,351,1191.9000000000012,2736.3499999999995,5759.149999999945,2026-01-04
SC,15,126.5,11.975000000000001,15.950000000000003,25,51.75,370,1281.4000000000005,3366.45,7423.999999999989,2026-01-11
SC,16,143,12,18,26,56,463,1401.2000000000003,3708.2999999999997,8415.82499999994,2026-01-18
SC,17,170,12,20,32,68,494.25,1499.1000000000015,4145.599999999997,9117.274999999976,2026-01-25
SC,18,208,18,26,40,84.75,590.75,1954.1000000000001,4983.1,12457.499999999949,2026-02-01
SC,19,252.5,22,31,48,99,774,2511.4000000000046,5792.749999999999,14641.624999999958,2026-02-08
SC,20,318,30,44,64,133.75,960.75,3443.2000000000007,9127.049999999985,22043.624999999985,2026-02-15
SC,21,401.5,33.975,50,77,160,1170.5,4270.500000000004,10366.9,23703.47499999998,2026-02-22
SC,22,517,46.975,67,100.9,218,1523,5084.700000000008,12910.099999999999,27450.124999999956,2026-03-01
SC,23,677,59.975,84.95,135,264.75,2109.25,6573.300000000015,19629.04999999999,40120.92499999991,2026-03-08
SC,24,890.5,75,111.95,166.9,328.5,2514.75,8621.700000000008,21888.899999999998,48643.949999999844,2026-03-15
SC,25,1124.5,93.975,132,208.8,432,3299.75,11349.800000000014,29575.249999999967,77460.19999999997,2026-03-22
SC,26,1280,120.94999999999999,159,239,506.75,3841.5,12271.800000000005,37646.89999999999,85828.64999999973,2026-03-29
SC,27,1504.5,132.95,198.95000000000002,299,577.75,4410,15040.600000000042,41062.44999999993,106480.3499999995,2026-04-05
SC,28,1752,135.975,214.95000000000002,326,676,5286.5,19211.10000000004,47780.299999999945,104338.07499999975,2026-04-12
SC,29,1807,160.975,229.95,341.8,725.5,5249,18371.900000000038,50696.99999999994,124442.42499999964,2026-04-19
SC,30,1819.5,160,235.75,343.8,691.5,5349.75,18481.100000000002,56161.34999999998,141140.99999999997,2026-04-26
SC,31,1636.5,134,202.95000000000002,305.6,664,5118.75,17632.000000000004,44010.29999999992,99625.94999999972,2026-05-03
SC,32,1563,123,192,294.80000000000007,605,4680.25,16634.000000000022,46115.24999999998,124256.54999999926,2026-05-10
SC,33,1262.5,102.95000000000002,160,230.70000000000002,499,4044.25,16067.700000000003,43042.69999999998,73617.7999999996,2026-05-17
SC,34,1050.5,85,126.95,190,389.5,3158,11699.200000000012,34415.59999999999,80778.72499999996,2026-05-24
SC,35,760,59.975,90,131,293,2430,9731.2,27983.84999999999,63208.54999999998,2026-05-31
SC,36,543,46,69.95,101,217,1843.25,7399.200000000019,19245.59999999999,50564.12499999995,2026-06-07
SC,37,444.5,29,45,73.9,161,1433.75,5199.200000000008,12809.949999999999,31109.399999999998,2026-06-14
SC,38,322,25.975,37,56,116,1080,4439.300000000005,10320.949999999999,26188.699999999844,2026-06-21
SC,39,118.5,10,14.950000000000003,23,46.75,322,1197.4000000000005,2533.2999999999993,5638.324999999998,2026-06-28
SC,40,128,11,16,24.900000000000006,53,362,1115.3000000000004,2674.6999999999994,6626.174999999999,2026-07-05
SC,41,146.5,12,17,28,60,425.25,1356.9000000000026,3646.749999999999,7618.299999999976,2026-07-12
SC,42,173.5,13,19,31,66.75,471.5,1399,3460.499999999999,7740.899999999985,2026-07-19
SC,43,201.5,17.975,26.950000000000003,39,82,598,1777.500000000002,4329.749999999999,14680.574999999943,2026-07-26
SC,44,253.5,20,30,47,102,709,2257.100000000004,5132.5499999999975,16514.69999999999,2026-08-02
SC,45,328,28.975,39,61,132.75,967,2886.500000000002,7585.399999999991,17994.89999999997,2026-08-09
SC,46,401,34,46.95,74,155.75,1124.25,3833.4000000000005,8725.549999999996,21915.949999999913,2026-08-16
SC,47,530,41.975,60,95.9,211.75,1544.25,4369.300000000002,10392.899999999974,31046.549999999967,2026-08-23
SC,48,698,49,78,126.80000000000001,276.75,1942.25,5684.300000000005,13781.449999999993,32481.224999999824,2026-08-30
SC,49,881,65,95,159,358.75,2456.25,8659.100000000017,17880.499999999985,50451.849999999795,2026-09-06
SC,50,1086.5,82,120,198.9,441.75,3145.5,9352.000000000027,24848.39999999999,57555.09999999989,2026-09-13
SC,51,1323.5,100,143,233.8,508,3704.5,11968.800000000017,32144.549999999985,82324.19999999944,2026-09-20
SC,52,1603.5,109,181.95,274.9,629,4531.75,14928.900000000007,36044.09999999998,106427.57499999911,2026-09-27
SE,1,25,1,2,4,10,64.25,149,236.04999999999995,392.1499999999992,2025-10-05
SE,2,26,1,2,4,9,64,142,226.19999999999982,401.24999999999864,2025-10-12
SE,3,25,1,2,4,10,68.25,145,262.1999999999998,381.4249999999977,2025-10-19
SE,4,27,1,2,3,10,68,161.10000000000014,264,401,2025-10-26
SE,5,25,1,2,3,9,63,150,224.14999999999986,329.0499999999997,2025-11-02
SE,6,24,1,2,3,8,60,134,235,366,2025-11-09
SE,7,23,1,1,3,8,59,128,218,348.09999999999945,2025-11-16
SE,8,21,0,1,2,7,52,126,202.04999999999995,284.29999999999836,2025-11-23
SE,9,19,0,1,2,7,47.25,105,180,283.2749999999985,2025-11-30
SE,10,16.5,0,1,2,6,44,95,163.04999999999995,258.02499999999986,2025-12-07
SE,11,14,0,1,2,5,35.25,84,135.0999999999999,198.0749999999996,2025-12-14
SE,12,13,0,1,2,5,34,81.10000000000014,145.04999999999995,208.04999999999973,2025-12-21
SE,13,13,0,1,2,5,32,77.10000000000014,122.14999999999986,199.0749999999996,2025-12-28
SE,14,13,0,1,1,5,32,74.10000000000014,123.09999999999991,198.02499999999986,2026-01-04
SE,15,12,0,1,1,4,31,72.10000000000014,124,207.02499999999986,2026-01-11
SE,16,13,0,0,1,4,32,72,122.04999999999995,187.24999999999864,2026-01-18
SE,17,13,0,1,2,5,31,75.10000000000014,126,211.04999999999973,2026-01-25
SE,18,14,0,1,2,5,35,84,134,208.0749999999996,2026-02-01
SE,19,15,0,1,2,6,36,86,149.04999999999995,245.09999999999945,2026-02-08
SE,20,15.5,0,1,2,6,39,86,155,234,2026-02-15
SE,21,17,0,1,2,6,45,101.10000000000014,160.04999999999995,220.0749999999996,2026-02-22
SE,22,18,0,1,2,6,45.25,101.10000000000014,166,252.22499999999877,2026-03-01
SE,23,18,0,1,2,7,45,102,175,266,2026-03-08
SE,24,19,0,1,2,7,49,107.10000000000014,200,326.2249999999988,2026-03-15
SE,25,21,1,1,3,8,52,123.10000000000014,193,300.0499999999997,2026-03-22
SE,26,21,0,1,3,8,53,122,209.04999999999995,313.02499999999986,2026-03-29
SE,27,22,0,1,3,8,55,124,208,331.24999999999864,2026-04-05
SE,28,24,1,2,3,9,59,134.10000000000014,227.04999999999995,347.17499999999905,2026-04-12
SE,29,23,0,1,3,9,59,144,238.04999999999995,354.1249999999993,2026-04-19
SE,30,26,1,2,3,10,66,160.10000000000014,274.04999999999995,425.3249999999982,2026-04-26
SE,31,28,1,2,4,10,75,163.10000000000014,261.04999999999995,408.1249999999993,2026-05-03
SE,32,32,1,2,4,12,77,178.10000000000014,301.2499999999998,454.0749999999996,2026-05-10
SE,33,34,1,2,4,12,85,190,312.14999999999986,482.0749999999996,2026-05-17
SE,34,36,1,2.950000000000003,5,14,97,214.3000000000004,341.14999999999986,500.3249999999982,2026-05-24
SE,35,41,1,3,5,14,104.25,232,359,622.5999999999967,2026-05-31
SE,36,42,1,3,6,17,105.25,240,402.2999999999997,675.2499999999986,2026-06-07
SE,37,43,1,3,6,16,112,248.20000000000027,436,703,2026-06-14
SE,38,48,1,3,6,17,112,257.2000000000003,431.04999999999995,740.0749999999996,2026-06-21
SE,39,12,0,0,1,4,31,67,115,180.02499999999986,2026-06-28
SE,40,12,0,1,1,4,30,69.10000000000014,113.24999999999977,172.02499999999986,2026-07-05
SE,41,12,0,0,1,5,30,71,113.04999999999995,190.02499999999986,2026-07-12
SE,42,13,0,1,2,5,33,74,117,182.04999999999973,2026-07-19
SE,43,14,0,1,2,5,35,85,137,197,2026-07-26
SE,44,15,0,1,2,5,36,88,153,260.0749999999996,2026-08-02
SE,45,16,0,1,2,6,39,90,155.04999999999995,226,2026-08-09
SE,46,16,0,1,2,6,38,84,145.04999999999995,239.1999999999989,2026-08-16
SE,47,18,0,1,2,7,43,97,162.14999999999986,246,2026-08-23
SE,48,19,0,1,2,7,44.25,102,163.0999999999999,259.0499999999997,2026-08-30
SE,49,19,0,1,2,7,47,97,168,255.04999999999973,2026-09-06
SE,50,19,0,1,3,7,50,115,179,283,2026-09-13
SE,51,21,0,1,3,8,54,115.10000000000014,192.0999999999999,276.1249999999993,2026-09-20
SE,52,21,0,1,3,8,53,117.10000000000014,176,308.0499999999997,2026-09-27
SP,1,1266,384.975,449.95,549.9,795.25,2242.5,4115.100000000001,6030.899999999997,9231.024999999989,2025-10-05
SP,2,1295,387.95,467.95,571.8,838,2237.5,4069.1,6225.449999999999,9615.124999999993,2025-10-12
SP,3,1361.5,404.925,475,597,880,2273,4280.4000000000005,6894.5999999999985,10485.549999999996,2025-10-19
SP,4,1460,433.97499999999997,522,647.8,933,2428.5,4495.000000000004,7282.249999999998,12716.724999999995,2025-10-26
SP,5,1540.5,447.875,551.95,670.7,972.75,2639,5132.4000000000005,7834.89999999999,12294.149999999929,2025-11-02
SP,6,1747,522.875,600,724,1078.75,2955.5,5344.000000000004,8315.949999999997,13312.124999999976,2025-11-09
SP,7,1834,519,637,776.7,1159,3285,6233.9000000000015,8915.6,13419.174999999956,2025-11-16
SP,8,2053,582.975,694.6999999999999,841.9,1270.25,3562,6315.000000000008,9682.299999999997,15328.574999999932,2025-11-23
SP,9,2302,654.925,791.95,976.8,1425.25,3936.25,7298,10553.64999999999,15810.574999999997,2025-11-30
SP,10,2601,739.975,870.9499999999999,1078.9,1609.5,4393.25,7799.800000000004,12220.25,19518.999999999894,2025-12-07
SP,11,2877,818,994.85,1221.6000000000001,1835.75,5116.75,9072.900000000001,13950.050000000001,18721.849999999926,2025-12-14
SP,12,3432.5,1010.8,1189.8500000000001,1423.8,2121.5,5893,11107.099999999999,17093.749999999993,26204.799999999985,2025-12-21
SP,13,3384.5,940.85,1160.8,1468.9,2134.75,5934.5,10611,16628.349999999995,24700.749999999993,2025-12-28
SP,14,4191.5,1171.975,1341.9499999999998,1681.8,2582.25,7380.25,13767.6,20678.84999999999,30555.17499999985,2026-01-04
SP,15,5034.5,1415.725,1730.75,2180.4,3155,8913.25,16690.000000000007,25309.949999999997,37115.27499999985,2026-01-11
SP,16,6239.5,1773,2108.1000000000004,2543.3,3771.25,11115.5,20646.700000000004,31221.749999999953,49087.44999999998,2026-01-18
SP,17,7657.5,2128.975,2611.7,3190.7000000000003,4715.5,13988.25,25530.5,36275.74999999999,53671.450000000004,2026-01-25
SP,18,9295.5,2549.525,2994.7000000000003,3759,5701.5,16383,30138.500000000015,43574.85,65307.42499999987,2026-02-01
SP,19,10728.5,3101.775,3785.8,4696.3,6786.75,18543,36037.900000000016,51810.85,81732.37499999987,2026-02-08
SP,20,12327.5,3484.725,4028.9500000000003,5042.4,7742.75,21501.75,40402.50000000002,62253.49999999999,94467.89999999994,2026-02-15
SP,21,14199,4225.025,4965,6217.5,8955.75,24349.25,44543.8,67656.4,114111.89999999989,2026-02-22
SP,22,15472,4656.75,5433.7,6585,9898.75,27237.75,50066.00000000001,77462.34999999998,110650.19999999982,2026-03-01
SP,23,17147.5,5018.0999999999995,5864.4000000000005,7336.7,10930.5,29766,53195.4,78384.44999999998,123579.84999999995,2026-03-08
SP,24,18678.5,5479.775,6578.65,8232.9,11718.75,32947.25,58130.90000000002,93122.79999999993,135907.0749999998,2026-03-15
SP,25,20253,5823.7750000000005,7075.3499999999995,8783.4,12860.5,34776.25,62343.50000000001,100146.95,154235.64999999927,2026-03-22
SP,26,21102.5,6409.45,7634.85,9685.3,13731.75,36601.25,65975.50000000004,94352.39999999998,146200.04999999993,2026-03-29
SP,27,21959.5,6685.975,8248.95,9935.599999999999,14132.5,38344.25,70497.40000000002,111899.09999999996,177661.62499999965,2026-04-05
SP,28,23994.5,6878.8499999999995,8686.95,10583.3,14601.75,41951.75,72336.30000000002,113394.5,166816.3499999994,2026-04-12
SP,29,22730,7057.275,8456.65,10217.300000000001,14608.75,39420.25,70446.90000000002,108695.24999999997,162923.8999999999,2026-04-19
SP,30,21209,6751.325000000001,7852.799999999999,9667.5,14036.75,36307.75,69736.10000000003,99412.14999999989,150367,2026-04-26
SP,31,20275.5,6126.875,7378.75,9252.7,12779.75,35036.25,65907.1,97234.09999999995,156735.5749999999,2026-05-03
SP,32,17498.5,5503.35,6338,7991.4000000000005,11356,29823,53327.70000000004,82500.74999999994,125037.59999999947,2026-05-10
SP,33,15146,4522.2,5298.8499999999995,6444.799999999999,9248.75,24961.75,43025.1,68106.84999999999,98198.89999999986,2026-05-17
SP,34,12047,3573.8,4219.8499999999995,5138.6,7422.75,19901.25,37511.60000000001,57869.649999999994,85352.32499999972,2026-05-24
SP,35,9416,2835.8,3448.65,4128.3,5986.75,15631.75,28236.400000000005,43227.59999999999,68127.94999999985,2026-05-31
SP,36,7277,2110.8250000000003,2525.65,3135.5,4617.75,12595.25,23824.90000000001,35154.69999999998,52645.29999999997,2026-06-07
SP,37,5395,1766.925,1983.9,2440.8999999999996,3421.75,9442.25,17354.10000000001,27467.299999999996,38360.47499999997,2026-06-14
SP,38,4396,1319,1590.95,1954.7,2819.75,7608,13625.700000000006,20402.899999999987,30328.49999999999,2026-06-21
SP,39,4152.5,1151.3,1381.95,1756.3,2619.75,7295.5,12799.2,19636.499999999996,32349.09999999998,2026-06-28
SP,40,5056,1421.95,1715.8,2175.9,3134.75,8691.25,16715.10000000001,26260.199999999993,38786.299999999916,2026-07-05
SP,41,6176.5,1701.8249999999998,2047.95,2595.7999999999997,3905.5,10861,19900.000000000004,30394.299999999992,46198.87499999997,2026-07-12
SP,42,7642.5,2101.825,2501,3111.1,4783,13308.5,26645.70000000002,42795.19999999999,72028.09999999995,2026-07-19
SP,43,8944.5,2598.8,3123.5,3888.9,5626.25,15770.5,29900.00000000001,46665.649999999965,79928.19999999997,2026-07-26
SP,44,10869.5,2961.925,3643.3999999999996,4498,6678.5,18430.25,34480.5,57309.2,95836.69999999991,2026-08-02
SP,45,12357,3545.95,4169.7,5256.9,7671.25,21232,40604.90000000003,64613.09999999997,99864.94999999962,2026-08-09
SP,46,13849.5,3857.4,4687.8499999999995,6045,8585.75,23589.5,45538.80000000001,72985.05,110092.075,2026-08-16
SP,47,15583.5,4496.8,5353.8,6678.8,9625.5,26890.75,50129.60000000001,76156.25,126675.09999999976,2026-08-23
SP,48,17208,4940.95,5778.85,7035.7,10574.5,30496.5,54325.00000000001,91793.8,147479.44999999917,2026-08-30
SP,49,18323,5421.025,6726.8499999999995,8343.5,11768,31716.75,61076.90000000002,94165.54999999997,155363.12499999994,2026-09-06
SP,50,20067.5,5892.3,6984.95,8684.900000000001,12654.5,34328.75,63870.40000000003,97003.34999999996,149337.97499999992,2026-09-13
SP,51,21174.5,6164.5,7368.95,9103.5,13342.5,37442.25,65581.20000000001,99602.99999999997,171358.99999999988,2026-09-20
SP,52,22256,6592.475,7955.6,9877.4,14501.25,38950,72788.90000000001,114583.29999999992,186969.29999999946,2026-09-27
TO,1,24,4,5,8,13,42,73,108.04999999999995,154.17499999999905,2025-10-05
TO,2,28,5,6,9,16,48,85,128.04999999999995,171,2025-10-12
TO,3,33,5,8,12,19,57,97,147,214.1999999999989,2025-10-19
TO,4,39,7,10,13,23,70,118,172,244.04999999999973,2025-10-26
TO,5,46,8,11,16,26,80,138,202.04999999999995,293,2025-11-02
TO,6,55,10,14,19,31,99,171,249.0999999999999,372.0749999999996,2025-11-09
TO,7,67,12,16.950000000000003,22,39,120,213.10000000000014,281.0999999999999,391.0499999999997,2025-11-16
TO,8,75,13.975000000000001,20,27,44,134,234,379.0999999999999,502.1499999999992,2025-11-23
TO,9,87,15,21,28,48,155,266.10000000000014,377.04999999999995,531.2249999999988,2025-11-30
TO,10,91.5,16,22,30,52,163,283.10000000000014,400.2999999999997,586.0749999999996,2025-12-07
TO,11,92,16,22,30,51,165,294.40000000000055,461,646.0499999999997,2025-12-14
TO,12,101,17,23,32,57,179.25,320,474.14999999999986,663.2749999999985,2025-12-21
TO,13,99,19,26,34,56,174,304,438,613,2025-12-28
TO,14,113,20,27,38,66,200.25,362,550.0999999999999,728.174999999999,2026-01-04
TO,15,130,25,32,42,72.75,223,413.10000000000014,584.3999999999996,814.2249999999988,2026-01-11
TO,16,149,27,38,51,83.75,258.25,451.2000000000003,647.0999999999999,835.374999999998,2026-01-18
TO,17,152,29,37,53,87,267,491.2000000000003,697.0999999999999,960.3499999999981,2026-01-25
TO,18,175,32.975,43,60,100,312.25,532.1000000000001,788.2499999999998,1105.0749999999996,2026-02-01
TO,19,185,36,46.95,65,105.75,319,547.3000000000004,794.1499999999999,1243.174999999999,2026-02-08
TO,20,191,38.975,49,68,111,324.25,572.3000000000004,875.1499999999999,1137.1249999999993,2026-02-15
TO,21,194,37,50,70,112,343,602.700000000001,899.0999999999999,1218.6499999999965,2026-02-22
TO,22,200.5,38,50,71.9,116,349.25,599.2000000000003,865.2499999999998,1183.1499999999992,2026-03-01
TO,23,198.5,38,49,70,114,351.25,608.2000000000003,819.1999999999998,1130.549999999997,2026-03-08
TO,24,197,39,52,73,117,328.25,593,825,1138.2249999999988,2026-03-15
TO,25,197,38.975,54,74.9,118,346,611,844.1999999999998,1274.0749999999996,2026-03-22
TO,26,204.5,39.975,49,68,117.75,356.25,605.1000000000001,863,1241.374999999998,2026-03-29
TO,27,209,39,55,74,122,363,620.1000000000001,868.1999999999998,1198.0249999999999,2026-04-05
TO,28,203,41,53,74,115.75,363.25,623.1000000000001,896.2499999999998,1210.0499999999997,2026-04-12
TO,29,204,37,51.95,72,120,353,595.2000000000003,836.0999999999999,1105.2249999999988,2026-04-19
TO,30,198,38,50.95,70,112,341.5,610.1000000000001,932.3499999999997,1215,2026-04-26
TO,31,188,33,48,67,108,327.25,563.1000000000001,797,1315.0749999999996,2026-05-03
TO,32,179,35,47,61,101.75,301,530.2000000000003,728.6999999999994,1108.0999999999995,2026-05-10
TO,33,164,29,39,54.900000000000006,93,279,457.10000000000014,646.4499999999996,907.174999999999,2026-05-17
TO,34,139,26.975,37,49,80,247,417.10000000000014,571.2499999999998,825.0749999999996,2026-05-24
TO,35,119,22,30,42,68,201,349.10000000000014,504.2499999999998,715.2999999999984,2026-05-31
TO,36,98,18,23.950000000000003,31,55,172.25,294,435.14999999999986,619.0249999999999,2026-06-07
TO,37,82,14.975000000000001,20,28,47,141,239,328,449,2026-06-14
TO,38,66,12,17,22,38,121,206.20000000000027,309.04999999999995,424,2026-06-21
TO,39,113,19,26,36,62,199,354.2000000000003,520.1999999999998,750.2749999999985,2026-06-28
TO,40,126,24,31,42,71,228,416.2000000000003,600.9999999999991,838.0249999999999,2026-07-05
TO,41,140,28,38,50.900000000000006,83,249,450.10000000000014,653.1999999999998,994.1499999999992,2026-07-12
TO,42,155.5,31,39,55,92,278,500.2000000000003,726.0999999999999,1019.174999999999,2026-07-19
TO,43,168,30.975,40,60,98,289,520.1000000000001,773,1155.0999999999995,2026-07-26
TO,44,184,37.975,49.95,65,105.75,310.25,565.3000000000004,794.3999999999996,1085.0499999999997,2026-08-02
TO,45,186,41,53,69.9,110,329,561.3000000000004,814.05,1145.1249999999993,2026-08-09
TO,46,196,39,49.95,70,113,331.25,590.2000000000003,835.05,1187.0499999999997,2026-08-16
TO,47,196,39,51,70,112,327,616,923.2999999999997,1212.2749999999985,2026-08-23
TO,48,199,38,54,76,117,352,613.1000000000001,853.1499999999999,1157.2999999999984,2026-08-30
TO,49,208,41.975,53,75,119.75,352,581,811.5499999999995,1237.9499999999948,2026-09-06
TO,50,193,41,55,73,113,347.25,591.4000000000005,873.05,1218.1499999999992,2026-09-13
TO,51,202,40,53,69,117,356.25,616.3000000000004,900.1499999999999,1338.2749999999985,2026-09-20
TO,52,205.5,39,55,72,120,347.5,615.5000000000007,885.2999999999997,1282.0499999999997,2026-09-27
BR,1,7046,3993.7999999999997,4317.9,4714.9,5603,9403.25,13769.60000000001,19216.049999999996,25519.62499999999,2025-10-05
BR,2,7296.5,4131.8,4432.549999999999,4915.3,5794.75,9811.5,14168.7,19923.6,29858.199999999895,2025-10-12
BR,3,7623,4352.7750000000005,4699.6500000000005,5118.6,6057.25,10375.5,15328.400000000009,21856.55,28365.299999999977,2025-10-19
BR,4,8065.5,4639.9,5016.95,5540.2,6480,10956,15779.300000000003,23395.949999999997,31250.25,2025-10-26
BR,5,8717.5,4923.75,5276,5825.6,6938.75,11841.75,18096.100000000002,25627.749999999996,35319.899999999965,2025-11-02
BR,6,9418.5,5477.7249999999995,5849.799999999999,6346.299999999999,7504.5,12843.5,18479.800000000032,26583.199999999993,36157.174999999974,2025-11-09
BR,7,10126,5772.9000000000005,6294.700000000001,6899.8,8119.25,13960,20985.6,28740.499999999996,40798.45,2025-11-16
BR,8,11232,6221.950000000001,6748.2,7402.5999999999995,8924.75,15283.75,22813.4,32284.6,44830.325000000004,2025-11-23
BR,9,12353,6830.3,7297.9000000000005,8021.7,9614.75,16694.25,24441.4,32845.4,42240.275,2025-11-30
BR,10,13278,7195.875,7772.3,8540.5,10384.25,18322.75,26890,38838.6,53014.62499999999,2025-12-07
BR,11,14691,8059.825,8573.85,9523.300000000001,11391.75,20628.75,30889.500000000007,39750.6,58158.22499999999,2025-12-14
BR,12,16418.5,8952.55,9720.800000000001,10714.5,12821.5,22726,35661.60000000002,50088.999999999985,67730.45,2025-12-21
BR,13,16733,8977.9,9839.8,10816,12923.5,23257.75,34264.9,47820.6,65615.8999999996,2025-12-28
BR,14,19435.5,10568.9,11573.8,12663,15358,27412,40473.80000000002,54818.049999999974,79612.24999999972,2026-01-04
BR,15,23259,13018.125,13946.2,15134.8,17968.75,32845.25,47635.5,66891.25,96471.07499999998,2026-01-11
BR,16,27666,14950.625,16213.400000000001,18022.1,21576.75,38653.75,58657.100000000035,82504.29999999999,113100.12499999949,2026-01-18
BR,17,32907,17743.5,19554.05,21536,26008,46241.25,70443.2,96260.79999999999,142909.42499999993,2026-01-25
BR,18,38596.5,21147.024999999998,22751.199999999997,24827.800000000003,30180.75,54237,83888.10000000002,117676.79999999999,164963.52499999985,2026-02-01
BR,19,44894.5,23744.774999999998,26147.85,29098.9,34789.75,63713,97526.50000000003,137766.5,184015.475,2026-02-08
BR,20,51197,26799.3,29213.100000000002,32180.3,38751.75,70875.75,113897.20000000004,158221.99999999997,233179.675,2026-02-15
BR,21,56609.5,29965.875,32749.300000000003,36096.3,43708.5,80017.5,125153.70000000008,176188.44999999995,256404.07499999992,2026-02-22
BR,22,62427.5,32679.875,35430.299999999996,39170.6,47739.25,89954,136273.1000000001,203995.45,294529.4999999998,2026-03-01
BR,23,68167.5,35609.325,38253.45,42892,51373.25,98053.5,153244.19999999998,228634.44999999995,337543.44999999955,2026-03-08
BR,24,72850.5,37146.675,41381.55,45338.7,55404.25,103936.25,167487.2000000001,232155.9499999999,361306.774999999,2026-03-15
BR,25,76422,39729.8,42816.450000000004,47605.9,58696.5,112730.5,186088.80000000005,268101.49999999994,414365.74999999994,2026-03-22
BR,26,81860.5,41277.825000000004,45372.35,50448.9,61091.5,117510.5,188377.30000000002,277753.69999999995,446598.0499999994,2026-03-29
BR,27,85948,42180.450000000004,46353.35,51370.700000000004,62294,125496.25,212447.70000000004,322954.9499999999,492202.69999999966,2026-04-05
BR,28,87964,43018.375,46981.200000000004,52556.2,64936.75,128554.25,213926.10000000006,297734.60000000003,447818.9749999999,2026-04-12
BR,29,84579,43008.6,46864.049999999996,52372.8,63544.5,126089.5,214478,337665.44999999984,496934.0749999986,2026-04-19
BR,30,82349.5,41466.8,44576.15,49651.4,60545.25,120938,199157.80000000002,295441.6499999998,472188.72499999683,2026-04-26
BR,31,75970,38839.425,42229.549999999996,46749.299999999996,56768.25,112303,179821.70000000022,281040.8999999999,450085.0499999998,2026-05-03
BR,32,67556.5,34667.825000000004,37411.5,41731.7,51219.5,98567.25,162767.10000000003,253928.14999999994,459070.6749999995,2026-05-10
BR,33,58377,29878.050000000003,32577.85,36231.4,43752.5,85181.5,134101.90000000002,204174.89999999997,338913.87499999866,2026-05-17
BR,34,47919.5,24788.25,27916.399999999998,30988.7,37235.5,72122.75,107445.1,160021.19999999995,277252.55,2026-05-24
BR,35,39778.5,21916.699999999997,23409.8,25718.600000000002,30622,56041,90228.70000000001,134921.59999999995,211745.44999999995,2026-05-31
BR,36,32603.5,17554.85,19249.75,21170.8,25325,47720.25,76165.70000000003,109719.89999999995,178170.24999999948,2026-06-07
BR,37,26515,14519.75,15796.85,17555.8,20821,37125,57096.30000000001,83695.19999999994,129118.1749999997,2026-06-14
BR,38,21947.5,12608.800000000001,13494.85,14820.7,17593.5,30215.75,46427.000000000015,67208.79999999999,100404.69999999992,2026-06-21
BR,39,19398.5,10700.75,11591.5,12743.9,15203.75,26416.25,40951.30000000005,61342.49999999997,88165.05,2026-06-28
BR,40,22800,12782.699999999999,13754.699999999999,15056.5,17963.25,31955.25,48685.500000000015,69453.95,97422.52499999998,2026-07-05
BR,41,27676,15263.025,16293.35,18002.4,21530.25,39057.25,59279.20000000003,82110.29999999999,118273.0249999999,2026-07-12
BR,42,32783,17993.850000000002,19603,21328.1,25534.25,47063.25,73968.00000000003,101791.09999999998,156118.07499999992,2026-07-19
BR,43,38191.5,20872.824999999997,22343.850000000002,24944.3,30026.75,53982.25,81031.80000000008,113649.49999999999,177476.79999999938,2026-07-26
BR,44,44775.5,24148.4,26174.85,28788.9,34780,62957.5,98726.10000000002,143281.09999999995,205657.67499999976,2026-08-02
BR,45,50706.5,26687.2,28806.7,32172.6,38803.5,70583,106819.8,153854.39999999997,227157.52499999973,2026-08-09
BR,46,56212,29590.625,31473.2,35314.6,43339.25,80226.75,121646.10000000005,178414.80000000002,266037.59999999934,2026-08-16
BR,47,62158.5,32871.625,35674.65,38896,47616.5,90329.75,142727.6,205032.24999999994,324075.124999999,2026-08-23
BR,48,67636.5,34631.25,37551.9,42395.7,51168.5,96380.5,149987.60000000006,223535.44999999984,348367.9749999989,2026-08-30
BR,49,73173,37438.85,40531.9,44775.9,55367,105519,178376.40000000002,258898.94999999995,370154.32499999984,2026-09-06
BR,50,77626.5,39863.725,42999.65,47836.7,58246,113706,180318.7,266271.39999999997,397102.92499999906,2026-09-13
BR,51,81453,42649.35,45591.4,50273.9,61291,118293,195766.20000000022,300088.55,465026.09999999974,2026-09-20
BR,52,83853.5,43014.6,47393.15,52097.5,63965.5,125654.75,213024.70000000004,320573.1,530509.1999999984,2026-09-27
