uf,week,date,pred,lower_95,lower_90,lower_80,lower_50,upper_50,upper_80,upper_90,upper_95
AC,1,2026-10-11,43,5,8,13,23,83.25,140,203,277.02499999999986
AC,2,2026-10-18,52,7,10,15,28,97,167,237.04999999999995,342.0499999999997
AC,3,2026-10-25,64,8,12,17,32,119,205.3000000000004,286.04999999999995,363.02499999999986
AC,4,2026-11-01,75,8,13,20,38,140,241.10000000000014,331.04999999999995,442.0749999999996
AC,5,2026-11-08,85,10,15,23,46,162,280,392.0999999999999,523.0499999999997
AC,6,2026-11-15,98.5,12,17,27,51,178,310.10000000000014,439.04999999999995,612.1249999999993
AC,7,2026-11-22,112,15,22,32,60,217,368,491.7499999999993,657.0999999999995
AC,8,2026-11-29,131,15.975000000000001,23.950000000000003,34,67,237,422,581.1499999999999,822.0249999999999
AC,9,2026-12-06,144,19,26,39,77,260.25,456.10000000000014,614.05,793.0249999999999
AC,10,2026-12-13,148,19,26,44,79,275,476.2000000000003,661,876.3499999999981
AC,11,2026-12-20,160,20,30,46,83,297.25,518.4000000000005,696.0999999999999,981.0749999999996
AC,12,2026-12-27,174.5,23,33,47,93,307.25,561.2000000000003,820.0999999999999,1117.349999999998
AC,13,2027-01-03,193.5,25,35,54,100,345.5,599.5000000000007,828.05,1094.1499999999992
AC,14,2027-01-10,205,27,37,55,102,372.25,661.2000000000003,882.0999999999999,1171.0999999999995
AC,15,2027-01-17,218,30,41.95,63.900000000000006,114,401,677.1000000000001,940.05,1226.5749999999969
AC,16,2027-01-24,224.5,27.975,43,63,117,413,707.3000000000004,969.4499999999996,1340.5749999999969
AC,17,2027-01-31,221,28,39.95,58,112.75,403,699.3000000000004,992.3499999999997,1279.1249999999993
AC,18,2027-02-07,218,27,37,60.900000000000006,114,393.5,682,961.5499999999995,1259.0499999999997
AC,19,2027-02-14,206,27,41,58,106,376,650.1000000000001,889.1499999999999,1264.0499999999997
AC,20,2027-02-21,190,27,39,54,97,345.25,588.3000000000004,811.0999999999999,1123.0999999999995
AC,21,2027-02-28,165,21,31,50,89.75,311,566.1000000000001,793.1499999999999,1143.724999999996
AC,22,2027-03-07,149,21,30,44,77.75,276,453.2000000000003,650.2999999999997,882.374999999998
AC,23,2027-03-14,128.5,16,24,35,69,242,431,628.1499999999999,817.0499999999997
AC,24,2027-03-21,116,14,20,31,59,225,363.3000000000004,507,697.2999999999984
AC,25,2027-03-28,106,14,19,28,56,195,337,480.04999999999995,684.174999999999
AC,26,2027-04-04,93,12,17,26,48,175,315,433.0999999999999,549.0499999999997
AC,27,2027-04-11,85,11,15,22,43.75,160,266,380,523.0749999999996
AC,28,2027-04-18,73,9,14,21,40,137,236,344,463.1999999999989
AC,29,2027-04-25,69,8,13,19,35,127,218.3000000000004,297.04999999999995,391.0749999999996
AC,30,2027-05-02,60,7,11,17,32,113.25,202.10000000000014,289,394.0749999999996
AC,31,2027-05-09,55,6.975000000000001,10,15,29,101,175.10000000000014,244.0999999999999,324.02499999999986
AC,32,2027-05-16,45,5.975000000000001,8.950000000000003,14,26,90,158.10000000000014,212,289.1499999999992
AC,33,2027-05-23,45,5,7,12,23,83,149,208.14999999999986,268.02499999999986
AC,34,2027-05-30,40,4,6,10,20,71,122.10000000000014,166.04999999999995,251.09999999999945
AC,35,2027-06-06,34,4,6,9,18,63,111,156.04999999999995,217
AC,36,2027-06-13,31,3,5,8,16,59,99,135,190.09999999999945
AC,37,2027-06-20,28,3,5,8,14,54,91,122.04999999999995,183.04999999999973
AC,38,2027-06-27,27,3,4,6,13,49,82,118,178.04999999999973
AC,39,2027-07-04,24,2,4,6,12,46,81.10000000000014,117.04999999999995,160.02499999999986
AC,40,2027-07-11,23,3,4,6,12,44,79,104,144.04999999999973
AC,41,2027-07-18,22,3,3.950000000000003,6,11,43,73,99,131.09999999999945
AC,42,2027-07-25,21,2,3,5,11,41,73,105.04999999999995,145
AC,43,2027-08-01,20.5,2,3,5,10,38,67,95,124.02499999999986
AC,44,2027-08-08,20,2,4,5,10,37,67.10000000000014,93.04999999999995,130.02499999999986
AC,45,2027-08-15,20,2,3,5,10,36,63,91.04999999999995,128
AC,46,2027-08-22,20,2,3,5,11,39,67.10000000000014,96,134.04999999999973
AC,47,2027-08-29,21,2,3,5,11,39,68,99.04999999999995,132.02499999999986
AC,48,2027-09-05,22,2,3,6,11,42,71,98.04999999999995,133
AC,49,2027-09-12,25,3,4,7,13,45,80,113.04999999999995,177.02499999999986
AC,50,2027-09-19,28,3,5,7.900000000000006,14,53,91,122.04999999999995,171.0749999999996
AC,51,2027-09-26,34,4,5,8,17,61,105,145,197.02499999999986
AC,52,2027-10-03,38,5,7,10,20,69,126,172.04999999999995,242.02499999999986
AC,53,2027-10-10,46,5,8,12,24,85,151,209,260.02499999999986
AL,1,2026-10-11,107,13,18.950000000000003,27,54,227.25,419.3000000000004,610.0999999999999,974.2499999999986
AL,2,2026-10-18,103.5,10,15,26,49,205.25,410.10000000000014,561.1499999999999,916
AL,3,2026-10-25,91,9,14,21.900000000000006,45,183.25,354.40000000000055,576.1499999999999,943.8249999999955
AL,4,2026-11-01,86,9,15,21,42,175,346.2000000000003,519.05,807.0999999999995
AL,5,2026-11-08,81,8,12,19,41,161,338.10000000000014,532.2999999999997,728.0499999999997
AL,6,2026-11-15,74,8.975000000000001,13,18,36,152.25,312,470.04999999999995,664.1249999999993
AL,7,2026-11-22,69,7,11,16,33,136,274.3000000000004,427,589.1499999999992
AL,8,2026-11-29,65,7,10,16,31,132,262,433.14999999999986,644.174999999999
AL,9,2026-12-06,60,7,9.950000000000003,15,28.75,123,249.3000000000004,369.04999999999995,537.0749999999996
AL,10,2026-12-13,58,6,9,14,26,115,225,344.0999999999999,533.0249999999999
AL,11,2026-12-20,53,5,8,13,26,111,217.10000000000014,320.04999999999995,523.0249999999999
AL,12,2026-12-27,55,5,8,12.900000000000006,25,110.25,208,307.0999999999999,459.2749999999985
AL,13,2027-01-03,57,6,9,14,28,114,233.10000000000014,333.1999999999998,467.09999999999945
AL,14,2027-01-10,57,6,9,14,29,117.25,226.10000000000014,353.1999999999998,506.09999999999945
AL,15,2027-01-17,61,7,10,15,29,125.25,245.20000000000027,383.14999999999986,499
AL,16,2027-01-24,66,6.975000000000001,9,15,31,135,250,410.0999999999999,605.0999999999995
AL,17,2027-01-31,72.5,7,11,17,35,146,276.10000000000014,453,690.2999999999984
AL,18,2027-02-07,83,9,13,20,39,155,294.10000000000014,451.0999999999999,671.1999999999989
AL,19,2027-02-14,86,9,13,20.900000000000006,42,168,344,522.1499999999999,738.0499999999997
AL,20,2027-02-21,94,11,16,23,46,181.25,381.10000000000014,580.0999999999999,811.0499999999997
AL,21,2027-02-28,104,9,14,23,50,210,390,620,929.3499999999981
AL,22,2027-03-07,108,14,20,28,54.75,222.25,416.10000000000014,637.0999999999999,926.1499999999992
AL,23,2027-03-14,115,13,18,30,59,230,457,746.1499999999999,997.0749999999996
AL,24,2027-03-21,132,16,21,33,65,271,513.3000000000004,801,1173.1249999999993
AL,25,2027-03-28,137,15.975000000000001,23,35.900000000000006,69.75,283,524,774.1499999999999,1116.4499999999975
AL,26,2027-04-04,154.5,18,24,37,76,300,592.3000000000004,943.2499999999998,1355.174999999999
AL,27,2027-04-11,165,17.975,26,40,82,338.25,671.2000000000003,976.6999999999994,1464.5249999999971
AL,28,2027-04-18,180,24,30,44.900000000000006,89,370,747,1167,1664.2249999999933
AL,29,2027-04-25,197,22,32,49.900000000000006,95,416.25,766.2000000000003,1112.5999999999995,1782.5999999999967
AL,30,2027-05-02,211,23.975,35,50,101.75,433,815.2000000000003,1330.1999999999998,2063.2499999999986
AL,31,2027-05-09,230.5,25.975,37.95,59,116,463.25,938.8000000000011,1451,2069.2749999999987
AL,32,2027-05-16,241,28.975,42,67,123,476.25,976.2000000000003,1480.5499999999995,2447.84999999999
AL,33,2027-05-23,253,30.975,43,62,119,516,1057.6000000000008,1609.4499999999996,2342.2249999999985
AL,34,2027-05-30,254,31.975,42.95,68,127.75,533.75,985.4000000000005,1546.3499999999997,2334.374999999998
AL,35,2027-06-06,262.5,34,46,66,131.75,565.75,1138,1714.1499999999999,2908.374999999998
AL,36,2027-06-13,267.5,32,46,68,131,548.25,1083.9000000000012,1714.05,2533.774999999996
AL,37,2027-06-20,285.5,35,51,75,142,574.5,1094.1000000000001,1669.3499999999997,2665.924999999995
AL,38,2027-06-27,280,31,45,74,138,553,1132.6000000000008,1779.1,2487.9499999999944
AL,39,2027-07-04,269,35,48,72,137,577,1136.2000000000003,1829.049999999999,2625.249999999993
AL,40,2027-07-11,270,33.975,49.95,73,134,549.5,1034,1624.3999999999996,2601.0749999999944
AL,41,2027-07-18,259.5,31.975,45,68,127,540.25,1023,1495.1999999999998,2133.7999999999956
AL,42,2027-07-25,245.5,31,43,63,121.75,520.25,1032.4000000000005,1555.999999999999,2474.474999999992
AL,43,2027-08-01,235,32,41,59,120,460.25,909,1416,2120.6249999999964
AL,44,2027-08-08,214,24,36,53.900000000000006,107.75,444,863.4000000000005,1241.6499999999994,1805.0249999999999
AL,45,2027-08-15,195.5,22,35,51,98,408,801.5000000000007,1167.5999999999995,1722.2249999999988
AL,46,2027-08-22,178.5,22,31,47.900000000000006,90,359,724.700000000001,1197.1999999999998,1726.3999999999978
AL,47,2027-08-29,167.5,19,27,42.900000000000006,83,359.25,667.2000000000003,1013,1420.349999999998
AL,48,2027-09-05,154,18,28,39,77,330,666.2000000000003,1024.1,1609.2749999999985
AL,49,2027-09-12,137,16,24.950000000000003,37.900000000000006,69,295,570.4000000000005,854,1202.4499999999975
AL,50,2027-09-19,134,15,21,33,66,269,539,883,1240.1249999999993
AL,51,2027-09-26,125,15,21,31,61,258.25,486.3000000000004,713.4499999999996,980.0249999999999
AL,52,2027-10-03,118,16,21,31,57,234,436.10000000000014,660.1499999999999,960.6749999999963
AL,53,2027-10-10,108,12,17.950000000000003,26,51,232,427.2000000000003,673.2499999999998,918
AM,1,2026-10-11,60,12,17,22,36,98,162,225.14999999999986,317
AM,2,2026-10-18,59,15,18,24,36,94.25,157,214,292.02499999999986
AM,3,2026-10-25,63,14,18,23,37,99,157,219.04999999999995,287
AM,4,2026-11-01,62,13,17,23,38,100,164,232,290
AM,5,2026-11-08,66,15,19,26,40,103,167.20000000000027,230.14999999999986,303.0499999999997
AM,6,2026-11-15,68,16,20,27,42,112,176,232,300.02499999999986
AM,7,2026-11-22,71,17,22,29.900000000000006,44,113,182,243.04999999999995,318.1249999999993
AM,8,2026-11-29,76,19,24,31.900000000000006,48,122,191,261.0999999999999,336.02499999999986
AM,9,2026-12-06,80,20,25,32.900000000000006,50,127,204.10000000000014,272.04999999999995,348.1249999999993
AM,10,2026-12-13,85,20,26,35,53,135,216,284.0999999999999,376.09999999999945
AM,11,2026-12-20,91,21,26,36,57,144,227,295,396.02499999999986
AM,12,2026-12-27,98,24,30,41,63,155,244.10000000000014,314.04999999999995,407.09999999999945
AM,13,2027-01-03,108,27,34,45,68,169,263,361,460.0749999999996
AM,14,2027-01-10,118,31.975,38,51,75,185,284.10000000000014,370.14999999999986,503
AM,15,2027-01-17,129,33,41,56,83,202,312,404.1999999999998,512.2999999999984
AM,16,2027-01-24,137,36,46,57,89,216,329,413.14999999999986,550.2749999999985
AM,17,2027-01-31,143,38.975,48.95,64,97,225,344,443.04999999999995,566.0999999999995
AM,18,2027-02-07,150,41,49,64,97,231.25,360.2000000000003,485.0999999999999,640.2999999999984
AM,19,2027-02-14,152,42,53,65.9,97,240.5,367,489.04999999999995,623.0249999999999
AM,20,2027-02-21,156,41,50,65,103,242.25,381.10000000000014,516.05,622.174999999999
AM,21,2027-02-28,153,40.975,52,66,101,243,387.10000000000014,515.05,701.1249999999993
AM,22,2027-03-07,154,37,47,64,96,232,351.2000000000003,475,593.174999999999
AM,23,2027-03-14,146,37,47,60,94,223,347.2000000000003,462.1999999999998,595.0249999999999
AM,24,2027-03-21,141,36,47,60,91,223,341,447.0999999999999,603.0749999999996
AM,25,2027-03-28,130,34,44,55,86,207.25,318.10000000000014,414.04999999999995,540.0499999999997
AM,26,2027-04-04,126,32,39,53,82,197.25,301.10000000000014,391.04999999999995,514.0249999999999
AM,27,2027-04-11,119,31.975,39,49,75,192,295.10000000000014,386.04999999999995,475.0749999999996
AM,28,2027-04-18,114,29,36,47,72,173,277.3000000000004,367.04999999999995,482.0499999999997
AM,29,2027-04-25,98.5,25,32,42,64,160,249,319.0999999999999,447.1249999999993
AM,30,2027-05-02,98,23,30,40,61,157,238,316,416.09999999999945
AM,31,2027-05-09,88,20,27,35.900000000000006,56,144,224,307.04999999999995,391.02499999999986
AM,32,2027-05-16,82,20,24,31,51,132,203,257,327.0499999999997
AM,33,2027-05-23,75,19,23,32,48,121,179,242.04999999999995,300.02499999999986
AM,34,2027-05-30,71,15,20,27,45,113,175,228,286
AM,35,2027-06-06,66,15,19,24,39,106,159,201.0999999999999,256.09999999999945
AM,36,2027-06-13,59,13,17.950000000000003,23,37,98,152.10000000000014,198.19999999999982,249.09999999999945
AM,37,2027-06-20,60,14,18,24,37,93.25,146,200.04999999999995,256.02499999999986
AM,38,2027-06-27,56,12,17,22,34,89,137,180,227.02499999999986
AM,39,2027-07-04,55,12,15,21,34,87,134,169,218
AM,40,2027-07-11,53,12,16,21,33,86,130,174,231.02499999999986
AM,41,2027-07-18,50,10,14,19,31,83,131,173,221.04999999999973
AM,42,2027-07-25,49,11,14,19,30,79,121.10000000000014,157,203.04999999999973
AM,43,2027-08-01,48,10,13,18,29,80,124,171.04999999999995,218.04999999999973
AM,44,2027-08-08,48,10,13,18,29,75,111.10000000000014,147.04999999999995,203.02499999999986
AM,45,2027-08-15,48,11,14,18,29,77,118,152.04999999999995,192.04999999999973
AM,46,2027-08-22,47,11,14,18,30,76,126.10000000000014,167,230.0749999999996
AM,47,2027-08-29,50,11,14,20,31,81.25,123,166.04999999999995,216
AM,48,2027-09-05,52,11,15,19,31,84,131,178.04999999999995,228
AM,49,2027-09-12,52,11,15,20,33,87,143,190,259.02499999999986
AM,50,2027-09-19,57,12,16,22,35,96,151,214,282.17499999999905
AM,51,2027-09-26,56,13,17,22,34,95,159,217.04999999999995,310.0749999999996
AM,52,2027-10-03,59,13,16,22,35,99,152,212,287.0499999999997
AM,53,2027-10-10,60,14,18,24,39,100.25,163,234,321.02499999999986
AP,1,2026-10-11,10,0,0,1,3,26,64.10000000000014,112.04999999999995,190
AP,2,2026-10-18,9,0,0,1,3,24,62.100000000000136,121,184.24999999999864
AP,3,2026-10-25,8,0,0,1,3,23,57,92.04999999999995,149.04999999999973
AP,4,2026-11-01,7,0,0,1,3,20,53,86.04999999999995,145
AP,5,2026-11-08,7,0,0,1,2,18,43,80,122
AP,6,2026-11-15,6,0,0,0,2,15,44,72,118.04999999999973
AP,7,2026-11-22,5,0,0,0,2,14,35.100000000000136,60,99.02499999999986
AP,8,2026-11-29,5,0,0,0,2,14,35.100000000000136,64,111.02499999999986
AP,9,2026-12-06,5,0,0,0,2,14,36,63,100.02499999999986
AP,10,2026-12-13,6,0,0,0,2,15,38,70.04999999999995,102
AP,11,2026-12-20,6,0,0,1,2,16,41,77,112.02499999999986
AP,12,2026-12-27,8,0,0,1,3,21,55,96,160
AP,13,2027-01-03,10,0,0,1,3,25,66,111.04999999999995,181.12499999999932
AP,14,2027-01-10,12,0,1,1,5,34,84,146,253.0749999999996
AP,15,2027-01-17,14,0,1,2,5,38,94,187.19999999999982,320.0499999999997
AP,16,2027-01-24,17,0,1,2,6,47,116.10000000000014,198.04999999999995,340.1499999999992
AP,17,2027-01-31,19.5,1,1,3,7,48,127.10000000000014,206.04999999999995,370
AP,18,2027-02-07,20,0,1,3,8,54.25,141,243.04999999999995,401.09999999999945
AP,19,2027-02-14,22,0.9750000000000014,1,3,8,55,142.10000000000014,257.04999999999995,438.1499999999992
AP,20,2027-02-21,22,0,1,3,8,59.25,151,263.3499999999997,425.3999999999978
AP,21,2027-02-28,21,0,1,3,8,53.25,138,300.2999999999997,502.0499999999997
AP,22,2027-03-07,22,0,1,3,8,61,145.10000000000014,260.04999999999995,417.0499999999997
AP,23,2027-03-14,21,0,1,3,8,57,142,255,412.6249999999966
AP,24,2027-03-21,21,1,1,3,7,55,130,243,394.3249999999982
AP,25,2027-03-28,19.5,0,1,3,7,53,135.10000000000014,233.14999999999986,400.09999999999945
AP,26,2027-04-04,19,0,1,2,7,47,131.10000000000014,235.04999999999995,333.09999999999945
AP,27,2027-04-11,18,0,1,2,6.75,46,120,224,409.0749999999996
AP,28,2027-04-18,17,0,1,2,6,44,110.10000000000014,205,372
AP,29,2027-04-25,15,0,1,2,6,42,102.20000000000027,192.0999999999999,317.0749999999996
AP,30,2027-05-02,14,0,1,2,5,38.25,98.10000000000014,171,280
AP,31,2027-05-09,13,0,0,1.9000000000000057,5,35,93,152.14999999999986,262.02499999999986
AP,32,2027-05-16,12,0,0,1,4,32,86,144.04999999999995,223.02499999999986
AP,33,2027-05-23,11,0,0,1,4,30,72.10000000000014,127,224.02499999999986
AP,34,2027-05-30,10,0,0,1,4,28,70.10000000000014,116.04999999999995,214.0749999999996
AP,35,2027-06-06,10,0,0,1,3,26,71,136,208
AP,36,2027-06-13,9,0,0,1,3,25,62,122,198
AP,37,2027-06-20,9,0,0,1,3,25,64,111,187.09999999999945
AP,38,2027-06-27,9,0,0,1,3,23.25,57.100000000000136,102.09999999999991,169
AP,39,2027-07-04,9,0,0,1,3,25,62.100000000000136,105.04999999999995,170
AP,40,2027-07-11,10,0,0,1,3,24,59,112.04999999999995,175.14999999999918
AP,41,2027-07-18,10,0,0,1,3,25,65,116,178.02499999999986
AP,42,2027-07-25,9,0,0,1,3,26,68,117,191.0749999999996
AP,43,2027-08-01,11,0,0,1,4,28,78,136.19999999999982,228.04999999999973
AP,44,2027-08-08,11,0,0,1,4,30,74,133.04999999999995,260.02499999999986
AP,45,2027-08-15,12,0,0,1,4,32.25,79,129,221.02499999999986
AP,46,2027-08-22,12,0,0,1,4,35,89.10000000000014,162.24999999999977,285.09999999999945
AP,47,2027-08-29,13,0,0,1,4,34,84,147.14999999999986,238
AP,48,2027-09-05,12,0,1,1,4,32,82.10000000000014,150.04999999999995,224.0749999999996
AP,49,2027-09-12,11,0,0,1,4,31,75.10000000000014,136.19999999999982,246.24999999999864
AP,50,2027-09-19,11,0,0,1,4,28,75.10000000000014,127,226.1999999999989
AP,51,2027-09-26,11,0,0,1,4,28,71,138,240.04999999999973
AP,52,2027-10-03,10,0,0,1,4,27,68.10000000000014,122,211.02499999999986
AP,53,2027-10-10,9,0,0,1,3,27,66.10000000000014,123,188.12499999999932
BA,1,2026-10-11,300.5,96,113,143,200,472,762.3000000000004,1046.4499999999996,1309.6249999999966
BA,2,2026-10-18,311,100,116,145.9,204,479,763,1013.5999999999995,1328.2749999999985
BA,3,2026-10-25,306,100,117,143.9,205.75,486.25,742,1041.1499999999999,1307.0999999999995
BA,4,2026-11-01,317,97.975,117,147,206,493,733.2000000000003,958.0999999999999,1272.1249999999993
BA,5,2026-11-08,313.5,108,126.95,150.9,213.75,493.25,757.1000000000001,983.2499999999998,1414.2999999999984
BA,6,2026-11-15,322,104,125,153,211,500,770.1000000000001,1023.2999999999997,1369.2249999999988
BA,7,2026-11-22,335,108,127,158.9,227,514,779.3000000000004,1005,1314.2999999999984
BA,8,2026-11-29,346,115,135,163.9,232,538,823,1096,1519.2999999999984
BA,9,2026-12-06,349,117,138,167.9,235.75,529,856.4000000000005,1101.1999999999998,1389.4499999999975
BA,10,2026-12-13,361.5,119,138,170,236,557.25,881.2000000000003,1196.2499999999998,1581.174999999999
BA,11,2026-12-20,382,126.97500000000001,153.95,182.9,258,589.25,900.1000000000001,1189.4999999999995,1618.4249999999922
BA,12,2026-12-27,413,144,165.95,198,281.75,648,1016.5000000000007,1370.05,1693.0999999999995
BA,13,2027-01-03,483,162,189.9,233.9,329,736.25,1105,1440.1,2028.549999999997
BA,14,2027-01-10,554.5,188.95,229.95,277.9,378,845.5,1320.1000000000001,1713.3999999999996,2361.0749999999944
BA,15,2027-01-17,656.5,227,265,318.90000000000003,448.75,1017.5,1515.0000000000014,2022.199999999999,2750.2499999999986
BA,16,2027-01-24,774,285.95000000000005,327,392.9,529.75,1190.25,1808,2613.2499999999995,3510.349999999998
BA,17,2027-01-31,920,317.975,362,448.9,631,1404.5,2130.0000000000014,2912.8499999999995,3801
BA,18,2027-02-07,1066,365,433,526,720,1595.25,2441.2000000000016,3433.5499999999993,4756.724999999996
BA,19,2027-02-14,1240.5,416,490.75,604.9,828,1857,2898.500000000001,3731.7999999999984,4822
BA,20,2027-02-21,1374.5,479,570.95,680.9,941,2097.75,3350.500000000001,4282.349999999996,5799.9999999999945
BA,21,2027-02-28,1544,567.9250000000001,652,772.7,1053,2284.25,3624.9000000000015,4862.55,6371.999999999989
BA,22,2027-03-07,1671,579.775,680.9000000000001,825,1124.75,2518.5,3855.400000000002,5066.649999999998,6559.025
BA,23,2027-03-14,1802.5,617.975,742,893.8000000000001,1239.75,2700.5,4070.200000000003,5359.1999999999925,7348.3749999999645
BA,24,2027-03-21,1862.5,644.575,771.9,942,1267.5,2774.5,4111.200000000002,5315.9,6904.399999999998
BA,25,2027-03-28,1898,708,817,976.7,1328.75,2843.5,4420.200000000001,5834.549999999999,7682.05
BA,26,2027-04-04,1976.5,649.975,795,979.6,1334,2913.25,4520.4000000000005,5731.2,8015.699999999985
BA,27,2027-04-11,1919,678.6750000000001,811.95,960.9,1336,2963.5,4549.200000000002,6199.249999999996,7972.299999999998
BA,28,2027-04-18,1947.5,671.9,798.9499999999999,957,1345.5,2859,4314.1,5893.2,7184.724999999974
BA,29,2027-04-25,1864.5,684.975,779.9000000000001,935,1317.75,2736.25,4279.900000000002,5555.949999999999,7404.8749999999845
BA,30,2027-05-02,1831,660.95,776.8000000000001,912.9,1262,2738.5,4349.1,5738.049999999999,8047.124999999983
BA,31,2027-05-09,1718,645.9250000000001,743.85,874.9000000000001,1207,2594.25,4046.100000000003,5393.899999999999,6531.199999999993
BA,32,2027-05-16,1595.5,582.85,685.9000000000001,816,1123,2371.5,3654.2000000000016,4502.299999999998,5739.524999999997
BA,33,2027-05-23,1471,537.95,617.9499999999999,727.7,994.75,2261,3420.600000000001,4391.5999999999985,5915.4249999999975
BA,34,2027-05-30,1335,482.925,578.9,687.9,941.75,2006.75,2968.4000000000024,3750.05,4931.149999999999
BA,35,2027-06-06,1163.5,417.97499999999997,483,605.8000000000001,830,1776.25,2731.1000000000004,3662.3499999999995,4667.374999999987
BA,36,2027-06-13,1052,361.97499999999997,423.95,502.70000000000005,711.5,1555.25,2389.2,3203.3,4156.374999999998
BA,37,2027-06-20,885,333.85,382,454.90000000000003,618,1383.25,2106.4000000000005,2841.4499999999994,3679.5749999999966
BA,38,2027-06-27,799,279.925,330,390,544.5,1228.75,1816.4000000000005,2428.3499999999995,3222.075
BA,39,2027-07-04,725.5,258.95,301,358,502,1123,1704.0000000000014,2291,3039.1499999999987
BA,40,2027-07-11,636,224,260,314,435.75,986,1496.4000000000005,2025,2812.0499999999997
BA,41,2027-07-18,572.5,197.97500000000002,230.95000000000002,285,398,906.5,1379.1000000000001,1813.2999999999997,2426.699999999996
BA,42,2027-07-25,519,178,208.95,254,351,795.5,1253.6000000000008,1693.4999999999995,2197.5999999999967
BA,43,2027-08-01,471,153,187,228,315,741,1158.1000000000001,1594.3499999999997,2149.249999999999
BA,44,2027-08-08,433,146.95000000000002,168,206.9,295.75,688,1036,1427.05,1914.4249999999977
BA,45,2027-08-15,404,137.95,158,192,269,643,1020,1362.3499999999997,1830.174999999999
BA,46,2027-08-22,383,124,143,181,254,594.25,956.1000000000001,1247.9499999999991,1750.0499999999997
BA,47,2027-08-29,352,113.975,139,168,233.75,554,872,1155.05,1591.0749999999996
BA,48,2027-09-05,339,109.92500000000001,130,159,227,529.25,850.1000000000001,1117.1999999999998,1408.0499999999997
BA,49,2027-09-12,329,104,126,155,214,503,806.1000000000001,1074.1,1428.2249999999988
BA,50,2027-09-19,318,102.97500000000001,124.95,148,211,492,746.3000000000004,1002.05,1293.374999999998
BA,51,2027-09-26,303.5,97.975,115,140.9,203.75,479,764,1037.05,1445.2999999999984
BA,52,2027-10-03,298,102,116.95,142,203,469,754.1000000000001,1011.05,1401.0249999999999
BA,53,2027-10-10,303,99,115,143,202.75,476.25,757,1030.1499999999999,1344.299999999993
CE,1,2026-10-11,123,38,44,53,79,201.25,308.10000000000014,438,594.0749999999996
CE,2,2026-10-18,112,32,39,50,73.75,179,285,403,539.0999999999995
CE,3,2026-10-25,108.5,31,39,48,70,173.25,281.10000000000014,397.14999999999986,538.1499999999992
CE,4,2026-11-01,108,29.975,36.95,45,67.75,173,280,388.1999999999998,564.1249999999993
CE,5,2026-11-08,108,27.975,35,45,68,171,284,393.04999999999995,556.1499999999992
CE,6,2026-11-15,110,28,34.95,45,68,178,279.10000000000014,411,574.0249999999999
CE,7,2026-11-22,105,28,35,44,67,169,277.10000000000014,380.04999999999995,522.1249999999993
CE,8,2026-11-29,101,29.975,35.95,45,64,165,271,382.04999999999995,543
CE,9,2026-12-06,96,27,34,42,61,159,255,366,523
CE,10,2026-12-13,92,27,32,41,59,152,251,368.1999999999998,484.02499999999986
CE,11,2026-12-20,91,25,30,39,57,150,248.10000000000014,355.04999999999995,483.0499999999997
CE,12,2026-12-27,92.5,25,31,41,61,149,251.10000000000014,334,488.0749999999996
CE,13,2027-01-03,100.5,28,35,44,65,159,263,375.1999999999998,523.1999999999989
CE,14,2027-01-10,114,35,40.95,51,75,183,300,412.04999999999995,566.0249999999999
CE,15,2027-01-17,137.5,43,50,60,88,216,338,456.04999999999995,637.2999999999984
CE,16,2027-01-24,166,52,62,76,112,264,426,608.2499999999998,871.0499999999997
CE,17,2027-01-31,200,59,72,93,134,326,527.1000000000001,734.05,1003.1999999999989
CE,18,2027-02-07,247,74.97500000000001,90.95,114,167,385,611,849.1499999999999,1118.174999999999
CE,19,2027-02-14,295,88.94999999999999,108.95,138,195,464.25,758.1000000000001,1021.3499999999997,1413.724999999996
CE,20,2027-02-21,350,104.975,127,161,232,545.25,837.1000000000001,1175.2499999999998,1557.349999999998
CE,21,2027-02-28,409,122,145.95,187.9,267,631.25,1003.3000000000004,1341.3499999999997,1723.7999999999956
CE,22,2027-03-07,456,150.97500000000002,177,218,305,708.75,1137.1000000000001,1510.2999999999997,2066.6249999999964
CE,23,2027-03-14,514,162.97500000000002,195,245,346,802.5,1273.4000000000005,1779.05,2420.0249999999996
CE,24,2027-03-21,589.5,176.975,214,271.9,386,908.25,1406.1000000000001,1898.8999999999992,2778.0499999999997
CE,25,2027-03-28,646.5,201.975,243,297.9,426.75,975.25,1611,2317.4499999999994,2986.149999999999
CE,26,2027-04-04,733,223.95,272.9,335.8,478,1132.25,1803.9000000000012,2458.25,3246.0249999999996
CE,27,2027-04-11,753,253,299.95,372.9,511.75,1211,1939.3000000000004,2688.25,3401.2999999999874
CE,28,2027-04-18,835,257.97499999999997,309,389.9,567.75,1273,1972,2805.4499999999994,3879.4999999999973
CE,29,2027-04-25,852,275.97499999999997,336,407.9,570.75,1319.25,2090.600000000001,2821.3999999999996,3892.3749999999873
CE,30,2027-05-02,869,273.925,320,402,577,1312.25,1987.4000000000005,2717.2,3725.8749999999955
CE,31,2027-05-09,869.5,273.97499999999997,327,401,604,1327.25,2059.2000000000003,2704.3499999999995,3423.1499999999987
CE,32,2027-05-16,846,273,310.95000000000005,383,568.75,1287,2016.5000000000007,2715.3999999999996,3729.9749999999894
CE,33,2027-05-23,803,245.95000000000002,302.85,385.8,548.75,1251.5,1845.3000000000004,2556.399999999997,3392.199999999999
CE,34,2027-05-30,739,248.975,297,360,509,1135.5,1824.1000000000001,2387.3999999999996,3096.949999999995
CE,35,2027-06-06,717,225.875,277.75000000000006,343.9,493,1108.5,1687.2000000000003,2214.5999999999995,2921.099999999994
CE,36,2027-06-13,666,223.975,256,313,447,1043.25,1609.800000000001,2312,2934.2499999999986
CE,37,2027-06-20,624,185,228,287.9,407,959,1502,1933.1,2403.2749999999933
CE,38,2027-06-27,569,183.975,221,273,384,899.25,1378.4000000000005,1900.1499999999999,2532.075
CE,39,2027-07-04,520,159,191.95,232,337,815,1268.5000000000007,1669.2499999999998,2164.124999999999
CE,40,2027-07-11,481,153.975,182,219.8,320.75,751,1142.3000000000004,1581.2499999999998,2118.7999999999956
CE,41,2027-07-18,442,135.975,161,200,294,698,1103.4000000000005,1542,2026.2249999999988
CE,42,2027-07-25,407,119.92500000000001,151,187,271,642,1023.2000000000003,1437.1499999999999,1853.749999999996
CE,43,2027-08-01,364,107,136,169.8,245.75,587.25,933.4000000000005,1232.2999999999997,1639.6499999999965
CE,44,2027-08-08,337,100.975,126,153,224.75,555,839,1145.8999999999992,1564.0249999999999
CE,45,2027-08-15,314.5,95,113.95,146,209,494,789.1000000000001,1050.05,1481.2249999999988
CE,46,2027-08-22,273,76.94999999999999,99.95,124.9,176,428,668.2000000000003,889.0999999999999,1233.5749999999969
CE,47,2027-08-29,248,72.94999999999999,89,110,161,379.25,612,814.05,1048.4249999999977
CE,48,2027-09-05,213,62.975,78,99,141,346.25,568.4000000000005,746.05,950.0749999999996
CE,49,2027-09-12,187,53,67,84,124,304,483.10000000000014,658.0999999999999,876.0999999999995
CE,50,2027-09-19,165,49,59,77,108,263,419.2000000000003,580.05,740.0249999999999
CE,51,2027-09-26,148,41,51,64,95,231,383.10000000000014,517.0999999999999,725.0499999999997
CE,52,2027-10-03,137,39,48,60,87,219,339,451.0999999999999,680.4749999999974
CE,53,2027-10-10,121,35,41,51,77,191,308.10000000000014,423,576.1499999999992
DF,1,2026-10-11,105,5,7,13,39,268.25,599.1000000000001,987.2999999999997,1583.6749999999963
DF,2,2026-10-18,107,4,8,15,40,264.25,612.1000000000001,1057.9499999999991,1848.0749999999996
DF,3,2026-10-25,107,5,9,15,39.75,264.25,640,1126.3999999999996,1717.0499999999997
DF,4,2026-11-01,110,4,7,15,43,277.25,659,1125.5499999999995,1729.349999999998
DF,5,2026-11-08,113,5,9,16,43,294,686.1000000000001,1144.5499999999995,2014.2749999999985
DF,6,2026-11-15,127,5,9.950000000000003,17,47,317.75,750.700000000001,1190.9499999999991,1788.2249999999933
DF,7,2026-11-22,137,6,11,19,50.75,342,764.1000000000001,1352.999999999999,2267.0999999999995
DF,8,2026-11-29,151,7,11.950000000000003,20.900000000000006,56,358.25,862.2000000000003,1415,2098.349999999998
DF,9,2026-12-06,158.5,7,11.950000000000003,23,61,404.25,967.1000000000001,1718.4499999999996,2840.2999999999984
DF,10,2026-12-13,192,7,13,25,66.75,489.25,1125.2000000000003,1755.049999999999,2911.9749999999894
DF,11,2026-12-20,193.5,8.975000000000001,15.950000000000003,29.900000000000006,72,531,1192.800000000001,1938.1999999999998,3270.949999999995
DF,12,2026-12-27,250.5,10,17,30.900000000000006,90,611.75,1418.3000000000004,2471.15,4243.399999999992
DF,13,2027-01-03,280,13,22,40,104,734.75,1689.9000000000026,3011.5499999999984,4553.749999999996
DF,14,2027-01-10,323.5,13,25,43.900000000000006,122,835.25,1983.3000000000018,3327.05,5516.249999999998
DF,15,2027-01-17,410,18,31,58.900000000000006,151,1057.5,2449.7000000000007,4042.4999999999973,6795.899999999995
DF,16,2027-01-24,459.5,24,35.95,67,180,1269.25,2693,4496.4,7258.599999999991
DF,17,2027-01-31,555.5,28.975,45.95,78.9,195.75,1395.5,3163.1000000000026,5299.149999999999,8414.399999999992
DF,18,2027-02-07,619.5,31,50.95,90.9,234,1533.75,3500.300000000002,5481.999999999997,9266.77499999999
DF,19,2027-02-14,660.5,32.975,59,101,248,1671.25,3775.1000000000004,6236.899999999996,10152.149999999987
DF,20,2027-02-21,692,28.975,49.95,99,254.5,1764.25,3987.2000000000007,6835.699999999997,11975.449999999986
DF,21,2027-02-28,722,33.975,62.95,103,263.25,1894.5,4239.800000000003,7521.799999999999,12141.874999999985
DF,22,2027-03-07,736,31,51,106.9,281,1956.5,4315.000000000002,7531.5999999999995,12451.674999999941
DF,23,2027-03-14,803.5,33.975,55,114.9,311.75,1917.5,4298.300000000007,7331.949999999999,11768.749999999996
DF,24,2027-03-21,802.5,35.975,70,119.9,288.5,2118.75,5041.5000000000055,8706.549999999997,13270.074999999984
DF,25,2027-03-28,813,37,64.95,121,299,2064.75,5013.2,7828.799999999989,12565.474999999993
DF,26,2027-04-04,861.5,37,65,113,293,2175.5,4895.400000000002,8702.399999999996,14032.399999999976
DF,27,2027-04-11,841.5,42.95,65.95,116,301,2112.25,5041.4000000000005,8524.149999999998,13746.274999999987
DF,28,2027-04-18,822,36.975,68.95,116.9,315.75,2111,4567.1,8173.199999999995,12305.249999999987
DF,29,2027-04-25,834,42,69,115.9,315,2151,5053.700000000003,8534.55,13819.024999999978
DF,30,2027-05-02,827,35,56,108,314.75,2090,4748.400000000003,8070.499999999998,12777.59999999998
DF,31,2027-05-09,770.5,44,62,107,268,1873.25,4614.700000000002,7533.649999999998,12963.15
DF,32,2027-05-16,742.5,37.975,57,105.9,269,1866,4277.2,7365.649999999996,12411.474999999964
DF,33,2027-05-23,689,35,52,95,259.75,1736,4376.500000000002,6581.199999999994,10026.474999999986
DF,34,2027-05-30,613.5,24.975,40,84.9,227.75,1527.25,3532.900000000007,5943.35,9725.024999999994
DF,35,2027-06-06,521.5,23,39,70.9,188,1289.25,3049.5000000000073,5078.599999999998,7457.324999999999
DF,36,2027-06-13,431.5,18,32,62,158.75,1106,2652.500000000001,4279.25,6781.075
DF,37,2027-06-20,342,16,25,45,123.75,833,1988.0000000000014,3450.199999999997,6068.824999999995
DF,38,2027-06-27,260,11,19,40,99,682.25,1609.2000000000003,2614.2999999999997,4290.1
DF,39,2027-07-04,211.5,9,16,29.900000000000006,79,547.5,1278.1000000000001,2079.2999999999997,3100.6249999999964
DF,40,2027-07-11,175,7,13,24,64,436,947.1000000000001,1670.4999999999995,2820.974999999989
DF,41,2027-07-18,151.5,5.975000000000001,10,21,53,357,831,1395.8999999999992,2300.124999999999
DF,42,2027-07-25,130,5,9,18,46,322.25,721.2000000000003,1236.3999999999996,1915.2749999999985
DF,43,2027-08-01,110,5,9,17,42,296.25,647.4000000000005,1069.5999999999995,1629.5249999999971
DF,44,2027-08-08,97.5,4,8,14,37.75,252.25,566.1000000000001,985.05,1616.2749999999985
DF,45,2027-08-15,94.5,3.9750000000000014,6,12.900000000000006,35,247.25,566.1000000000001,955,1542.0749999999996
DF,46,2027-08-22,95,5,7,14,36,248.5,550.3000000000004,931.0999999999999,1485.6749999999963
DF,47,2027-08-29,94.5,4,7,13.900000000000006,37,247.25,542,975.05,1536.749999999996
DF,48,2027-09-05,93,4,6.950000000000003,14,35,251,570.1000000000001,930.4499999999996,1551.2249999999933
DF,49,2027-09-12,97,4,7,14,36,251.25,582.3000000000004,943.2999999999997,1445.0499999999997
DF,50,2027-09-19,100,4,8,14,40,251.25,566,972.8999999999992,1578.0499999999997
DF,51,2027-09-26,99.5,4,8,14.900000000000006,39,250,595.1000000000001,1041.1999999999998,1569.5749999999969
DF,52,2027-10-03,99,4,7,15,37,257.25,614.2000000000003,1088.4499999999978,1689.0999999999995
DF,53,2027-10-10,100,4,8,14,35,246,618.1000000000001,1018.4999999999995,1588.0249999999999
ES,1,2026-10-11,227,11,17.950000000000003,30,80,706.25,2114,5383.25,10508.274999999976
ES,2,2026-10-18,270.5,13.975000000000001,23,41,96,760.25,2264,4629.949999999999,11595.49999999993
ES,3,2026-10-25,315.5,12,22,40,105.75,921,2667.600000000003,5830.9,12019.224999999971
ES,4,2026-11-01,346.5,15,28.950000000000003,49,120.75,1013,3018.0000000000027,6556.099999999995,13985.674999999921
ES,5,2026-11-08,381,18,33,56.900000000000006,140,1180,3503.4000000000005,7008.4,15808.649999999921
ES,6,2026-11-15,425,20,35,62,161,1304.75,3956.200000000014,8192.449999999999,18211.549999999905
ES,7,2026-11-22,493.5,21.975,35,69,182,1446,4276.60000000002,10634.099999999999,21071.57499999988
ES,8,2026-11-29,550,25.975,45,82,195,1705.75,4655.400000000013,9961.15,21675.624999999975
ES,9,2026-12-06,618,27.975,47.95,83,217.75,1658.25,5350.800000000002,10863.249999999989,19816.12499999998
ES,10,2026-12-13,683.5,32.975,55.95,100,232,1982.25,5850.90000000001,12706.849999999966,24944.624999999996
ES,11,2026-12-20,708,36,54.95,90,249,2062.75,6332.900000000016,13621.5,25709.12499999993
ES,12,2026-12-27,742,40.95,62,105,285.75,2215,6927.2000000000135,13901.949999999966,28187.49999999995
ES,13,2027-01-03,754,34,61,120.80000000000001,273,2247.25,6892.500000000002,15163.75,33910.44999999986
ES,14,2027-01-10,874,41.975,70,121.9,288.75,2581,8213.4,17008.05,31617.37499999988
ES,15,2027-01-17,941.5,42.975,69.95,131,345,2572.5,7551.1,16878.349999999984,35052.94999999983
ES,16,2027-01-24,976,45.975,73.95,134.9,333,2885.25,8720.5,17451.699999999997,38464.624999999745
ES,17,2027-01-31,1003,54.975,88.95,164.9,356.75,2858,8684.80000000001,20988.499999999978,44758.49999999993
ES,18,2027-02-07,1050,55,92.95,154,387.75,3024.25,9490.600000000006,17657.749999999975,34232.27499999967
ES,19,2027-02-14,1107,57,93,158,391.75,3344.75,9258.400000000007,19839.199999999993,41830.199999999924
ES,20,2027-02-21,1168.5,63,96,173.9,439.75,3382,9626.1,19534.249999999993,38433.174999999974
ES,21,2027-02-28,1091.5,61.975,102,168.9,389.75,3416.25,10856.500000000018,21268.049999999996,47536.32499999978
ES,22,2027-03-07,1241,60.925000000000004,101,178.9,433,3469,9533.700000000012,21442.199999999964,55090.074999999975
ES,23,2027-03-14,1092.5,52.975,96.95,168.9,395.75,3200.25,10600.100000000008,20820.299999999992,46679.27499999989
ES,24,2027-03-21,1151.5,57.975,94,163,414.75,3344.75,9760.300000000007,21554.749999999996,49376.22499999998
ES,25,2027-03-28,1108,54.925000000000004,96.95,166.9,398.75,3142.25,9650.90000000002,19340.699999999997,39640.64999999998
ES,26,2027-04-04,1087.5,54.975,93,162,400.75,2941,8433.700000000003,19159.39999999998,40909.44999999978
ES,27,2027-04-11,1020.5,52.975,87.95,142.9,344.5,2904.5,8755.900000000001,18841.199999999997,47021.94999999957
ES,28,2027-04-18,950,51,82.95,143,338,2786.25,8223.6,15829.899999999996,34699.02499999998
ES,29,2027-04-25,910,41,66,124,322.5,2671.25,7842.4000000000015,18500.899999999998,39343.27499999979
ES,30,2027-05-02,849,40,67,117.9,297,2457.75,6860.100000000002,16559.349999999995,27170.07499999996
ES,31,2027-05-09,732.5,40,57.95,107.9,275.75,2174.5,6596.000000000013,13898.399999999996,26515.599999999828
ES,32,2027-05-16,717.5,36,59,107,264.75,2133,6000.200000000001,12944.2,24301.999999999938
ES,33,2027-05-23,639.5,35,59.900000000000006,103,243,1720.5,5511.100000000004,12553.799999999994,26601.87499999994
ES,34,2027-05-30,580.5,29.975,48,83,214,1730.25,4825.600000000006,9428.249999999989,20446.949999999968
ES,35,2027-06-06,513,22.975,40,78.80000000000001,189.75,1505,4291.600000000001,9217.049999999997,20327.149999999994
ES,36,2027-06-13,456,26.975,40,64,165,1303.25,3869.3,9007.55,18991.324999999993
ES,37,2027-06-20,403.5,21,34,63,145,1140.25,3350.300000000003,7597.8499999999985,15818.724999999986
ES,38,2027-06-27,357.5,20,29,49,131,1071.75,3120.1000000000017,6690.749999999998,13411.224999999999
ES,39,2027-07-04,328.5,16,25.950000000000003,45,111,921,2785.7000000000025,5242.549999999999,13198.799999999996
ES,40,2027-07-11,293,14.975000000000001,22,41,100,817.75,2317.5000000000005,4575.749999999999,10660.87499999999
ES,41,2027-07-18,246,12,21,36,90,695.75,2197.0000000000014,5038.399999999992,9878.149999999978
ES,42,2027-07-25,210,9,16,31,81,622.25,1823.6000000000008,3842.599999999996,8106.1749999999665
ES,43,2027-08-01,195.5,9,14.950000000000003,25,68,563,1766.3000000000004,3479.15,7493.799999999974
ES,44,2027-08-08,177,7.975000000000001,13,25,66,514,1534.1000000000001,3412.8499999999995,6673.824999999973
ES,45,2027-08-15,164,7.975000000000001,13.950000000000003,23,57,470.5,1330.1000000000029,2951.5,5858.849999999973
ES,46,2027-08-22,153,6,11,22,53,477,1250,2552.2,5469.299999999983
ES,47,2027-08-29,143,6,12,20,47,414.75,1258.3000000000004,2619.0999999999976,5000.374999999938
ES,48,2027-09-05,134.5,7,11,18.900000000000006,45,401.25,1186.800000000001,2434.6999999999994,5618.599999999997
ES,49,2027-09-12,140,5,9,19.900000000000006,50,418,1309.3000000000004,2719.3999999999996,5595.34999999996
ES,50,2027-09-19,155,7,13,22,53,457.75,1348.3000000000004,3146.049999999999,5867.1999999999825
ES,51,2027-09-26,166,7,11,24,64,528.25,1472.1000000000042,3219.2,7017.749999999996
ES,52,2027-10-03,200,8,14,27,69,547.25,1719.700000000001,3605.399999999998,7426.949999999978
ES,53,2027-10-10,221,11,17,32,76.75,639.25,2079.2000000000003,3896.349999999999,7744.949999999979
GO,1,2026-10-11,653,313,354,400,505.75,858.25,1118.1000000000001,1320,1532.0749999999996
GO,2,2026-10-18,670,316.975,359.95,416.9,517,873.25,1128.1000000000001,1370.05,1545.0749999999996
GO,3,2026-10-25,695,325.90000000000003,367,425,542,899.25,1178,1387.05,1541.0749999999996
GO,4,2026-11-01,732,348.95,395.95,456.9,560,977.5,1237,1469.05,1648.0999999999995
GO,5,2026-11-08,783.5,353.97499999999997,406.95000000000005,475.9,603.75,1022.25,1299.1000000000001,1550.1,1816.2499999999986
GO,6,2026-11-15,848.5,406.97499999999997,463,531.9,661.75,1108.25,1441.2000000000003,1670,1952.199999999999
GO,7,2026-11-22,939,419.92499999999995,480,560,712,1225,1542.2000000000003,1782.05,2061.149999999999
GO,8,2026-11-29,995.5,456.85,523.95,602.9000000000001,770,1272.5,1653.2000000000003,1883,2227.2999999999984
GO,9,2026-12-06,1028.5,482.975,550,627,802.75,1342,1747.5000000000007,2046.1499999999999,2441.1499999999996
GO,10,2026-12-13,1098.5,531.9499999999999,589.95,668.8,848,1429,1860.2000000000003,2249,2647.399999999998
GO,11,2026-12-20,1172,547.85,616,703.9,902.5,1529,1956,2246.05,2596.0999999999995
GO,12,2026-12-27,1325.5,623.975,715.9000000000001,821.8000000000001,1021,1747,2323.3000000000006,2723.3999999999996,3094.2999999999984
GO,13,2027-01-03,1645.5,748,847.95,1001.6999999999999,1271,2120.75,2761.900000000001,3334.25,3749.0999999999995
GO,14,2027-01-10,2028,963.975,1092,1229.9,1539.75,2617.25,3327.700000000001,3973.0999999999995,4431.099999999993
GO,15,2027-01-17,2436.5,1132.975,1307,1503,1915,3166.25,4117.800000000001,4894.499999999998,5685.374999999998
GO,16,2027-01-24,2868.5,1360.95,1566.8,1774.8999999999999,2230.75,3769,4797.2,5755.15,6684.374999999993
GO,17,2027-01-31,3344.5,1586.875,1797,2015.8,2581,4363,5559.700000000001,6650.15,7412.049999999994
GO,18,2027-02-07,3666,1783.9,1952.8500000000001,2284.4,2850.75,4892.75,6288.700000000001,7307.5,8388.549999999997
GO,19,2027-02-14,4062.5,1870.825,2121.95,2453,3119.75,5274,6897.5000000000055,8066.049999999999,9283.574999999997
GO,20,2027-02-21,4247,1953.9,2201.7000000000003,2584.2999999999997,3223,5467.5,7015,8324.449999999999,9725.624999999996
GO,21,2027-02-28,4426.5,2119.4500000000003,2382.9,2741.8,3471.75,5809.25,7406.000000000001,8743.999999999998,10391.025
GO,22,2027-03-07,4584.5,2098.85,2403.8500000000004,2797.5,3482,5984,7640.100000000003,9064.599999999999,10591.175
GO,23,2027-03-14,4749.5,2204.8,2518.8999999999996,2885.8,3607.25,6246.5,8205.4,9487.999999999998,11146.1
GO,24,2027-03-21,4819.5,2249.85,2526.4500000000003,2966.3,3729.75,6445.75,8228.1,9900.65,11763.674999999997
GO,25,2027-03-28,4931,2297.975,2620.55,2933.9,3799.5,6370.75,8370.000000000002,9803.05,11480.274999999992
GO,26,2027-04-04,5023.5,2323.875,2661.7999999999997,3060,3828.5,6492.25,8308.7,9891.3,11202.824999999995
GO,27,2027-04-11,4905.5,2349.75,2685.55,3099.8,3870.5,6376.5,8410.1,9972.55,11567.074999999999
GO,28,2027-04-18,5007,2282.975,2546.8,3061.7,3829.75,6492.75,8254.7,9777.75,11478.05
GO,29,2027-04-25,4763,2239,2579.7,2993.9,3724.5,6183.5,8035.4000000000005,9308.400000000001,11226.62499999998
GO,30,2027-05-02,4542,2166.825,2449.8999999999996,2845,3534.75,6031.75,7791.500000000003,9208.599999999999,10576.849999999984
GO,31,2027-05-09,4312,2039.875,2326.75,2654.9,3341.75,5701.75,7224.100000000004,8443.849999999997,9572.050000000001
GO,32,2027-05-16,3817.5,1768.95,2058.75,2346.3,2990.75,5054.25,6508.800000000001,7687.05,8766.175
GO,33,2027-05-23,3393.5,1644.825,1857.65,2109.9,2653.75,4420.25,5776.200000000002,6581.949999999998,7868.049999999999
GO,34,2027-05-30,2949,1321.475,1498.9,1756.9,2264,3790,4910.1,5673.5999999999995,6634.499999999998
GO,35,2027-06-06,2471,1178.95,1353.9,1550.8,1917.75,3257.25,4297.2,5157.4,5998.399999999998
GO,36,2027-06-13,2106.5,980.95,1111.9,1267,1621,2753.25,3551.0000000000014,4187.799999999999,4718.949999999994
GO,37,2027-06-20,1754,804.95,921,1078.9,1350.75,2304.25,2897,3407.05,3865.574999999997
GO,38,2027-06-27,1443,667.975,745,869.8000000000001,1099.5,1882.5,2502.2000000000003,2961.5999999999995,3417
GO,39,2027-07-04,1187.5,561,635.9000000000001,726.9000000000001,918,1565.25,2016.4000000000005,2413.0499999999997,2739.399999999998
GO,40,2027-07-11,990.5,466,538,618,768.75,1318,1718.1000000000001,2011,2253.0999999999995
GO,41,2027-07-18,864.5,406.84999999999997,447,527.9,674,1124.25,1469.800000000001,1767,2053.4499999999975
GO,42,2027-07-25,757.5,364.975,402.90000000000003,459,582.75,992,1261.2000000000003,1465.1,1747.2499999999986
GO,43,2027-08-01,690,328.975,370.95000000000005,418,533,907,1180.2000000000003,1405.05,1636.174999999999
GO,44,2027-08-08,656.5,317.975,357,406.90000000000003,510,865,1101.1000000000001,1277.1,1519.749999999996
GO,45,2027-08-15,633,278.97499999999997,324.95,374.90000000000003,481,811.25,1026.1000000000001,1236,1442.0749999999996
GO,46,2027-08-22,598,267,314,366,473,782,1016.1000000000001,1188.05,1395.0499999999997
GO,47,2027-08-29,593,268.975,307,355.9,451,773,997,1177.1,1321.8749999999952
GO,48,2027-09-05,588,278.97499999999997,311,362,460.75,769.25,999,1204.05,1390
GO,49,2027-09-12,600,279.975,317.95000000000005,366.90000000000003,462,781,1000,1155.05,1386.4249999999977
GO,50,2027-09-19,614.5,282.975,327.95,376,475,808.25,1030.2000000000003,1233.1,1416.199999999999
GO,51,2027-09-26,626,291,336,383,484,814.25,1056.3000000000004,1303.05,1452.0249999999999
GO,52,2027-10-03,639,295,338.85,394.90000000000003,493,826.25,1063,1259.1999999999998,1458.349999999998
GO,53,2027-10-10,645.5,298,345,400,503,845.25,1095.2000000000003,1268.05,1424
MA,1,2026-10-11,26,5,7,9,16,45,75,109.04999999999995,177.0749999999996
MA,2,2026-10-18,27,5,6,9,15,46,76,107.04999999999995,157.09999999999945
MA,3,2026-10-25,25,4.975000000000001,6,9,15,45,76.10000000000014,105,135.02499999999986
MA,4,2026-11-01,26,5,6.950000000000003,9,15,43.25,76,108.04999999999995,155.04999999999973
MA,5,2026-11-08,27,5,6.950000000000003,9,16,44,74.10000000000014,101,139.02499999999986
MA,6,2026-11-15,28,5,6,9,15,45,74,102,132.02499999999986
MA,7,2026-11-22,28,5,7,10,17,45,72.10000000000014,98.04999999999995,135.02499999999986
MA,8,2026-11-29,26.5,5,7,10,16,45,75.10000000000014,103,141.02499999999986
MA,9,2026-12-06,28,6,7,11,16,46,74,104,139
MA,10,2026-12-13,30,6,8,10,18,48,76,108,152.0749999999996
MA,11,2026-12-20,32,6,9,12,19,53,88,121.04999999999995,158.0749999999996
MA,12,2026-12-27,40,9,11,15,24,67,106,139.0999999999999,177.02499999999986
MA,13,2027-01-03,55,11,15,20,33,91,148.10000000000014,207.04999999999995,271.0749999999996
MA,14,2027-01-10,75,16,22,28,47,121.25,203,265.14999999999986,354.1999999999989
MA,15,2027-01-17,102,22.975,30,39,63,168,268,359,479.17499999999905
MA,16,2027-01-24,132,33,40.95,51,80,214,338,472.1999999999998,638.1249999999993
MA,17,2027-01-31,162,39.975,50,66,104,260,423.10000000000014,574.1499999999999,725.0249999999999
MA,18,2027-02-07,202,45,59,81.9,124,336,513.1000000000001,704.0999999999999,948
MA,19,2027-02-14,241,59,76,99,148,380.25,599,800.1999999999998,1017
MA,20,2027-02-21,261,61,82,107.9,167,428,692,924.05,1179.4749999999974
MA,21,2027-02-28,277,66,85,110.9,176,454,740.1000000000001,978.1499999999999,1278.0749999999996
MA,22,2027-03-07,286,70.97500000000001,89,117,183,479.25,764.1000000000001,1010.1499999999999,1249.0999999999995
MA,23,2027-03-14,297.5,68,88.95,118,184,469,739,1012.2499999999998,1281.4749999999974
MA,24,2027-03-21,291,66,85,118,187,459.75,742.1000000000001,975,1328.349999999998
MA,25,2027-03-28,283.5,65,85,110,175.75,466,758,981.0999999999999,1215.3249999999982
MA,26,2027-04-04,280,68.975,86.9,110.9,173,457.25,719.4000000000005,982.05,1337.0499999999997
MA,27,2027-04-11,263.5,63.975,81.95,105,161.75,442,682,885.3999999999996,1236.6249999999966
MA,28,2027-04-18,253,58,74,98,157.75,409.25,635.1000000000001,888.0999999999999,1184.0749999999996
MA,29,2027-04-25,234,57,71.95,92,148,378.25,634.1000000000001,848.4499999999996,1113.2999999999984
MA,30,2027-05-02,213,51,63,84,131,343.25,571.4000000000005,789.1499999999999,982.5249999999971
MA,31,2027-05-09,193.5,46,59,75.9,116,315.5,508.10000000000014,736.05,959.0499999999997
MA,32,2027-05-16,166,39,49,64,103.75,275,461.3000000000004,603.0999999999999,808
MA,33,2027-05-23,146.5,33,43.95,59,91,245,404,526.05,636.2749999999985
MA,34,2027-05-30,131,28,39,51.900000000000006,78,211,338.10000000000014,468.14999999999986,620.1999999999989
MA,35,2027-06-06,108,26.975,34,44,68,180.25,283,376.04999999999995,528.0999999999995
MA,36,2027-06-13,98,24,30,39,62,159,255.10000000000014,349.04999999999995,487.1499999999992
MA,37,2027-06-20,84,18,24,33,51,137,220.10000000000014,310.0999999999999,408.02499999999986
MA,38,2027-06-27,74.5,16,21,27,45,121.25,210,277.04999999999995,385
MA,39,2027-07-04,67,16,20,27,40.75,108,183.10000000000014,241.04999999999995,329.1249999999993
MA,40,2027-07-11,60,12,15.950000000000003,21,35,98,159,219,292
MA,41,2027-07-18,55,12,16,21,33,97,158,219,330.1249999999993
MA,42,2027-07-25,51,9,14,19,30,84,146.10000000000014,198.04999999999995,275.02499999999986
MA,43,2027-08-01,46,9,12,18,28,78,137,195.04999999999995,273
MA,44,2027-08-08,44,9,11,15,26,75,123,176.04999999999995,268.02499999999986
MA,45,2027-08-15,40.5,8,10,14,24,70,116,175.0999999999999,255.0749999999996
MA,46,2027-08-22,38,7,10,13,23,66.25,117,158.0999999999999,251.09999999999945
MA,47,2027-08-29,36,6,9,13,21,62,108,149.04999999999995,199.0749999999996
MA,48,2027-09-05,34,7,9,12,20,56,97,139.04999999999995,191.04999999999973
MA,49,2027-09-12,31,6,7.950000000000003,11,18,54.25,94,141,194.04999999999973
MA,50,2027-09-19,29,5,7,10,18,52,91,128.04999999999995,179.02499999999986
MA,51,2027-09-26,28,5,8,10,17,48.25,81,113.04999999999995,159.0749999999996
MA,52,2027-10-03,27,5,7,9,16,46,81,112,147
MA,53,2027-10-10,26,4,6,8,15,45.25,81,115.04999999999995,153.04999999999973
MG,1,2026-10-11,716,257.97499999999997,298.95000000000005,356,470.75,1195.25,2185.1000000000004,3534.1499999999996,5470.199999999999
MG,2,2026-10-18,767,273.97499999999997,312.95,381.9,515,1302,2447.6000000000013,3739.5999999999995,5576.474999999998
MG,3,2026-10-25,806.5,284.975,336,398,542,1328.25,2532.900000000003,4274.4,6138.674999999991
MG,4,2026-11-01,870.5,313,349.95000000000005,432,595,1423.25,2889.800000000001,4514.799999999999,6502.349999999988
MG,5,2026-11-08,958,337.97499999999997,394.95000000000005,462.90000000000003,638.5,1549,2948.7000000000007,4626.449999999997,6866.075
MG,6,2026-11-15,1035.5,372.9,425.95,502.90000000000003,711.5,1748,3276.7000000000007,4888.7999999999975,7456.774999999996
MG,7,2026-11-22,1155.5,412.95,479.95,557.9,770,1867.25,3639.9000000000024,5647.15,8504.749999999975
MG,8,2026-11-29,1318,445.975,529.9499999999999,641.9,879,2133.25,3993.4000000000033,6252.399999999999,9438.52499999999
MG,9,2026-12-06,1388.5,498.95,578.95,702.9000000000001,947.75,2250.25,3999.700000000001,6521.15,10004.974999999962
MG,10,2026-12-13,1553.5,564.975,661.95,775,1054.5,2517.75,4940.000000000002,7427.099999999997,11643.349999999977
MG,11,2026-12-20,1714,629,712.8000000000001,845,1163,2822,5153.700000000005,8219.749999999995,14963.624999999985
MG,12,2026-12-27,2031.5,714,839.95,1004.8,1371.75,3361.5,6281.100000000003,10004.099999999999,13586.249999999956
MG,13,2027-01-03,2502,949.95,1085.9499999999998,1258.2,1687.75,4010.5,7139.4000000000015,11430.449999999992,18518.324999999993
MG,14,2027-01-10,3171,1112.95,1278.95,1522.5,2145.75,5091.5,9122.500000000004,13149.8,19055.57499999998
MG,15,2027-01-17,3923,1472.8999999999999,1664,1949,2575.5,6107.25,10665.100000000006,16694.3,25608.774999999998
MG,16,2027-01-24,4739.5,1769.675,2016.8,2383.9,3190.75,7488.5,13882.100000000004,20688.2,32785.299999999996
MG,17,2027-01-31,5803,1999.725,2386.8,2850.3999999999996,3893,9336.75,16125.300000000003,23119,38296.274999999994
MG,18,2027-02-07,6722,2407.85,2908.25,3380.7000000000003,4593.5,10838.25,19361,29029.999999999975,43981.974999999926
MG,19,2027-02-14,7682.5,2878.25,3282.9,3880.7,5260.75,12274.75,21175.5,32194.799999999992,47340.57499999999
MG,20,2027-02-21,8388.5,3234.6,3703.8500000000004,4374.9000000000005,5843.5,13862.5,24805.00000000002,39088.39999999999,61127.92499999978
MG,21,2027-02-28,9482.5,3540.35,4093.25,4806.8,6551.75,15127.5,27424.500000000025,40445.34999999999,59276.22499999946
MG,22,2027-03-07,10268.5,3638.65,4285.8,5200.9,6914,16218.25,29158.70000000005,43839.25,58871.22499999972
MG,23,2027-03-14,11058.5,3971.475,4505,5392.4,7425.5,17525,31854.700000000023,49183.799999999974,73337.49999999968
MG,24,2027-03-21,11663,4159.575,4852.4000000000005,5755.700000000001,7685,18712,31402.800000000032,51899.799999999996,68619.77499999985
MG,25,2027-03-28,11762.5,4379.85,5103.6500000000005,6076.8,8096.5,19502,34029.9,54003.29999999999,74590.92499999983
MG,26,2027-04-04,12409,4297.450000000001,5097.700000000001,6119.799999999999,8260,19532.5,34939.40000000003,53210.79999999995,85144.04999999948
MG,27,2027-04-11,12039.5,4370.875,4989.950000000001,6005.8,8199.75,19584.5,37335.8,52642.49999999999,78741.375
MG,28,2027-04-18,11668,4236.375,4950.6,5849.700000000001,8132.5,19442.25,33799.40000000002,51704.299999999996,77590.9249999999
MG,29,2027-04-25,10837,3902.975,4611.85,5355.9,7431.75,17695.25,30227.600000000006,47241.34999999999,72623.22499999987
MG,30,2027-05-02,9930,3664.5,4298.8,5045.8,6887.75,15269.25,27915.600000000013,42999.45,62577.024999999645
MG,31,2027-05-09,8696.5,3164.9,3672,4305.6,5863,13229.5,23615.900000000027,37033.649999999994,57887.37499999996
MG,32,2027-05-16,7136.5,2732.825,3097.9,3722.9,4918.5,11438,20401.600000000002,32222.199999999997,50311.74999999981
MG,33,2027-05-23,5808.5,1980.95,2446.9,2922.2,4039.25,9045,16315.000000000002,25398.749999999996,36538.82499999982
MG,34,2027-05-30,4434.5,1608.75,1857.8000000000002,2258.6,3113.75,7141,12496.900000000016,18538.549999999992,32062.174999999974
MG,35,2027-06-06,3455,1269.925,1434.9,1718.8,2380,5353.25,9271.10000000001,13882.449999999999,20015.54999999998
MG,36,2027-06-13,2556,967.9749999999999,1130.85,1356.9,1782.75,4128,7179.900000000002,10725.649999999994,15644.324999999997
MG,37,2027-06-20,1983.5,729.675,826.95,996,1347.75,3101.5,5535.000000000003,8382.299999999983,12141.374999999938
MG,38,2027-06-27,1503,594,673,792.9,1063.75,2483.25,4164.6,6335.799999999999,8624.99999999994
MG,39,2027-07-04,1194,436.95,508.85,615.9,827,1917.25,3380.1000000000017,5037.949999999999,7009.724999999997
MG,40,2027-07-11,978.5,364.975,417.9,502.90000000000003,669,1540,2633.2,3727.05,5451.899999999995
MG,41,2027-07-18,801,293.95000000000005,344.9,408,550,1259.5,2122.500000000001,3239,4585.624999999996
MG,42,2027-07-25,705,252.95,285.90000000000003,343,465,1100.75,1904.1000000000001,2789.0499999999997,4414.299999999977
MG,43,2027-08-01,632.5,231,259,313,436,997.25,1723.1000000000001,2764.3499999999995,3978.5749999999803
MG,44,2027-08-08,563,211.975,247.95,286,385,919.25,1574.4000000000005,2252.2999999999997,3334.94999999999
MG,45,2027-08-15,550,196.975,232,273,371.75,844,1582.2000000000003,2365.5999999999995,3711.2749999999933
MG,46,2027-08-22,526,194.97500000000002,222,263.9,361,841.25,1490,2308.5999999999995,3420.7249999999904
MG,47,2027-08-29,539.5,190.97500000000002,223.95,261,364,856,1476.2000000000003,2327.3,3291.6249999999964
MG,48,2027-09-05,530.5,194,224.95,268,365,885.25,1616.1000000000001,2437.2,4009.025
MG,49,2027-09-12,565.5,201.975,232,280.9,380,942.5,1653.3000000000004,2597.2,3703.5749999999966
MG,50,2027-09-19,605,205,236.95,295.9,405.75,990,1807,2802.5999999999995,4167.4249999999975
MG,51,2027-09-26,643,219,264.95,314,431,1027.25,1845.5000000000007,3186.949999999999,4968.649999999996
MG,52,2027-10-03,687,243.975,281.95,328,453,1117,2130.500000000002,3334.1499999999996,4784.399999999998
MG,53,2027-10-10,692.5,253.97500000000002,286,343,481,1142,2074.500000000001,3276.3499999999995,4855.124999999989
MS,1,2026-10-11,87,14,20,28,47,164,306.10000000000014,471.0999999999999,677.8999999999951
MS,2,2026-10-18,95,18,24,31,53,188,368.2000000000003,563.1499999999999,856.0249999999999
MS,3,2026-10-25,107.5,18,24,34,61,208.25,396.10000000000014,639.05,934.2999999999984
MS,4,2026-11-01,122,24,30,39,66,233.25,451.2000000000003,697.1499999999999,993.1249999999993
MS,5,2026-11-08,138,23,32,44,76,269,511.10000000000014,807.2499999999998,1271.2749999999985
MS,6,2026-11-15,158,26,37,50,86,298,598.8000000000011,907.6499999999994,1311.174999999999
MS,7,2026-11-22,177,28.975,39,55,95,337.25,674.2000000000003,1044.2999999999997,1500.174999999999
MS,8,2026-11-29,193,37,44,60,105,375,778,1163.4999999999995,1865.0999999999995
MS,9,2026-12-06,200.5,38.975,50,64,111,386.25,780,1277.149999999999,2057.199999999999
MS,10,2026-12-13,225,39.975,52,71,122,434.25,862.5000000000007,1464.1499999999999,2306.124999999999
MS,11,2026-12-20,238.5,43,58,78,128,489.25,997.5000000000007,1442.1999999999998,2031.199999999999
MS,12,2026-12-27,276,52,64.95,87,143,523,1104.3000000000018,1852.1,2567.474999999997
MS,13,2027-01-03,327.5,59,80,105,178,619,1207.2000000000003,1991.2999999999997,2869.1499999999937
MS,14,2027-01-10,391,79,103,133,212.75,749.25,1539,2295.2,3416.624999999991
MS,15,2027-01-17,461.5,76,111.95,150,253,899,1770.7000000000023,2655.049999999998,3936.2249999999985
MS,16,2027-01-24,506,96.975,125,170.9,274,988.75,1963.3000000000004,2989.3999999999987,4170.399999999998
MS,17,2027-01-31,611.5,117.95,156,198.9,339.5,1133.5,2115.2000000000003,3296.5499999999993,4596.2249999999885
MS,18,2027-02-07,668.5,124.975,160.95,210,370,1258,2334.3,3676.8499999999985,5881.349999999993
MS,19,2027-02-14,741,143,173,240,394.75,1404,2588.000000000002,4025.5999999999995,5729.374999999998
MS,20,2027-02-21,779.5,137.95,183,250,412,1522.5,2866.500000000001,4148.299999999999,5360.474999999998
MS,21,2027-02-28,816,152,198.95000000000002,273,446,1567.25,2901.0000000000027,4379.499999999998,6212.149999999966
MS,22,2027-03-07,830,161,213,283,454.75,1648,3106.2000000000016,4685.149999999999,7119.5499999999965
MS,23,2027-03-14,877.5,169.975,215.9,291.9,482,1713.25,3268.9000000000015,4879.949999999999,7110.974999999989
MS,24,2027-03-21,887,151.925,205.9,283,487,1806.25,3345.7000000000007,5501.299999999999,8171.049999999999
MS,25,2027-03-28,928.5,162,222,295.9,504.75,1690.5,3367.800000000001,5105.5999999999985,8017.249999999999
MS,26,2027-04-04,891,155.975,198,286.80000000000007,486,1672,3261.6000000000004,5068.4,7805.624999999991
MS,27,2027-04-11,901,146,191,265.9,481.75,1761.5,3434.3,4845.8499999999985,7292.874999999989
MS,28,2027-04-18,829.5,137.975,193,269,438,1610.75,3170.1000000000004,4460.299999999996,6624.499999999997
MS,29,2027-04-25,779.5,139,183,242.9,416,1536.75,2918,4342.299999999998,6522.374999999987
MS,30,2027-05-02,714.5,120,159.9,213.9,375,1354,2583.300000000002,3832.5499999999993,5980.849999999995
MS,31,2027-05-09,600,105.975,143,196,334,1213.75,2386.2000000000003,3500.3499999999995,4950.0999999999985
MS,32,2027-05-16,522,95.975,117.95,168.9,287.75,1048.5,1987.3000000000004,3192.4999999999995,4433.724999999997
MS,33,2027-05-23,418,77,100.95,139,227,817.5,1581.9000000000012,2401.5999999999995,3862.2749999999987
MS,34,2027-05-30,360.5,65.975,86,112,196,692.5,1377.1000000000001,2102.749999999999,3060.2249999999985
MS,35,2027-06-06,293,48,63,87,158,564,1105.4000000000005,1749.8499999999983,2734.0749999999944
MS,36,2027-06-13,243,39.975,54,77,129.75,458,880.3000000000004,1371.1,2135.2999999999984
MS,37,2027-06-20,197,34.975,46.95,63,105,394.25,762,1140.1,1717.4999999999973
MS,38,2027-06-27,160,27,36,50.900000000000006,86,316.25,615,913.1499999999999,1296.4999999999973
MS,39,2027-07-04,135,22,29,41,70,262.25,534.6000000000008,838.05,1223.0499999999997
MS,40,2027-07-11,110,17.975,25,35,60,214,425.2000000000003,643.1999999999998,956.3249999999982
MS,41,2027-07-18,94,17,22,29,50.75,186,360.10000000000014,559.1999999999998,809.0249999999999
MS,42,2027-07-25,84,14,19,26,46,160.25,307.10000000000014,454.04999999999995,734.0999999999995
MS,43,2027-08-01,72,12,15,22,38,140,261.10000000000014,422.0999999999999,695
MS,44,2027-08-08,68,11,15,21,36,137,264,410,589.1999999999989
MS,45,2027-08-15,62,10,14,19,34,120,227.10000000000014,352.0999999999999,504.3499999999981
MS,46,2027-08-22,58,9,12,17,32,112,208.10000000000014,315.14999999999986,455.02499999999986
MS,47,2027-08-29,58,10,14,19,32,111,209.10000000000014,321.1999999999998,412.0499999999997
MS,48,2027-09-05,59,9,13,18,32,110,212,318.0999999999999,522.1249999999993
MS,49,2027-09-12,62,10,14,19,33,114.25,219.10000000000014,339.0999999999999,450.02499999999986
MS,50,2027-09-19,65,10,14,21,36,126,240.10000000000014,360.4499999999996,525.374999999998
MS,51,2027-09-26,70,12,16,22,37,133,265.10000000000014,391,541.374999999998
MS,52,2027-10-03,75,14,17.950000000000003,24,42,147,276.3000000000004,423.3499999999997,686.0499999999997
MS,53,2027-10-10,86,14.975000000000001,19,28,47,152,317.3000000000004,542.0999999999999,867.1249999999993
MT,1,2026-10-11,108,37,44,54,77,156,225,293.04999999999995,365.0499999999997
MT,2,2026-10-18,118,39,49,60,81,176,260.10000000000014,346.04999999999995,451.0749999999996
MT,3,2026-10-25,133,46,55,67,93,194.25,284.10000000000014,374.14999999999986,512.0249999999999
MT,4,2026-11-01,153,50,60.95,76,106,225.25,337.10000000000014,427.14999999999986,561.174999999999
MT,5,2026-11-08,177,57.975,69.95,85.9,121,256,379.10000000000014,495,664.0999999999995
MT,6,2026-11-15,206,64,80,100,144,300,456.10000000000014,573,770.0999999999995
MT,7,2026-11-22,232,77,91,112,159,346,524.1000000000001,721,919.0249999999999
MT,8,2026-11-29,263,89,105.95,132,186,383.25,596,825.1999999999998,984.2749999999985
MT,9,2026-12-06,292,95,114,144,205,440,657.2000000000003,869.1499999999999,1179.174999999999
MT,10,2026-12-13,329,116,134,166.9,229,483,727.1000000000001,958.0999999999999,1277.0249999999999
MT,11,2026-12-20,366,116.975,147,177,249,524,764,1028.7499999999993,1333.1249999999993
MT,12,2026-12-27,406,139,171,205,290,597.25,896.2000000000003,1157.1,1553.0999999999995
MT,13,2027-01-03,476,155,188.95,229.9,331.75,707,1050.3000000000004,1369.05,1799.1499999999992
MT,14,2027-01-10,546,209,236,279.9,396.75,783,1153.700000000001,1590.05,2105.075
MT,15,2027-01-17,645,225,274.95000000000005,334.90000000000003,461,921.25,1394.6000000000008,1779.1499999999999,2466.075
MT,16,2027-01-24,740,257.95,318,384,520.75,1066.25,1519.800000000001,2096.1,3053.224999999999
MT,17,2027-01-31,803.5,283,326.95000000000005,400.9,563.75,1160.25,1682.1000000000001,2176.2,2815.2999999999984
MT,18,2027-02-07,837,299.95000000000005,357.90000000000003,435.9,594,1246.5,1813.1000000000001,2393.3499999999995,2989.249999999999
MT,19,2027-02-14,864,299.975,371.95,448.9,616.25,1262,1903.2000000000003,2502.1499999999987,3226.2749999999933
MT,20,2027-02-21,846,325.975,363.9,435,611,1255.75,1878.5000000000007,2325.649999999999,3167.3999999999924
MT,21,2027-02-28,833.5,289.95,355.95,438,606.75,1249.75,1839.2000000000003,2357.2499999999995,3058.9249999999947
MT,22,2027-03-07,850,304.925,364,429.9,579.75,1217.25,1771.700000000001,2231.35,3012.2749999999987
MT,23,2027-03-14,812.5,280.875,341.85,424.79999999999995,577,1204.5,1796.3000000000004,2382.3999999999996,3115.0249999999996
MT,24,2027-03-21,810.5,282,328,416.7,561,1175.25,1711.1000000000001,2115.1,2996.199999999999
MT,25,2027-03-28,788,271,317.95000000000005,386,554,1155.25,1718.3000000000004,2212.05,2886.0499999999947
MT,26,2027-04-04,817,288.975,338,414.90000000000003,552,1180,1702.3000000000004,2203.35,2976.82499999999
MT,27,2027-04-11,792.5,276,323,399,557,1159,1689.1000000000001,2225.3999999999996,3112.374999999998
MT,28,2027-04-18,791.5,262.97499999999997,324.95,395,548.5,1189.5,1765.3000000000004,2287.05,2861.05
MT,29,2027-04-25,765,263.925,308,382.90000000000003,534,1136.25,1690.2000000000003,2207.25,2997.699999999996
MT,30,2027-05-02,748,259,308.95,374,521.75,1109,1643.5000000000007,2181.3499999999995,2741.1499999999996
MT,31,2027-05-09,703,247.975,294.95000000000005,350.90000000000003,488,1037.5,1552.9000000000012,2071.8499999999985,2704.075
MT,32,2027-05-16,668,224.975,264.8,325.9,459,970,1518.1000000000001,1966.3999999999996,2578.749999999996
MT,33,2027-05-23,606.5,203.95,243,303,419,885.5,1319,1725.2999999999997,2469.6749999999965
MT,34,2027-05-30,529.5,180,210,265,368,777,1206.2000000000003,1560.05,1914.8249999999955
MT,35,2027-06-06,453.5,155,183.95,227.9,317,666,998.6000000000008,1295.2999999999997,1691.0499999999997
MT,36,2027-06-13,386,140,161.95,193,266,581.25,892.1000000000001,1251.3499999999997,1630.4749999999974
MT,37,2027-06-20,339,114,137,166,232,511.25,769.1000000000001,949.05,1364.0249999999999
MT,38,2027-06-27,286,96.975,119,141.9,198.75,420,637,838,1104.1249999999993
MT,39,2027-07-04,246.5,89,102,122,170.75,363,556,781.3499999999997,1070
MT,40,2027-07-11,208.5,72.975,84.95,102,142,302,472,634.05,782.0499999999997
MT,41,2027-07-18,180,59,71,89,126,268,417.10000000000014,551.05,766.174999999999
MT,42,2027-07-25,155,55,65,77.9,107,236,343.10000000000014,449.2999999999997,632.0249999999999
MT,43,2027-08-01,135,49.975,58,69,93,206,312.3000000000004,428,554.0999999999995
MT,44,2027-08-08,125,41.975,50,63,88,183,277.10000000000014,381.04999999999995,500.09999999999945
MT,45,2027-08-15,115,40,45,57,78,172,252.10000000000014,318,410.02499999999986
MT,46,2027-08-22,108,35,43,52.900000000000006,73,160,240.20000000000027,311.04999999999995,412.1499999999992
MT,47,2027-08-29,101,33,39.95,49,72,148,222,284.04999999999995,358.1999999999989
MT,48,2027-09-05,94,31.975,38,48,65,140,209,282.0999999999999,347.0499999999997
MT,49,2027-09-12,93,31,38,46,65,136,203,253,313.02499999999986
MT,50,2027-09-19,94,31,36,46,65,139,201.10000000000014,276.04999999999995,351
MT,51,2027-09-26,94.5,33,38,46,65,138,212,270.1999999999998,333.2249999999988
MT,52,2027-10-03,101,33,41,50,71,148,217,290,384.2249999999988
MT,53,2027-10-10,106,38,44.95,56,74,158,228,295.04999999999995,396.0499999999997
PA,1,2026-10-11,63.5,20,24,30,43,92,131.10000000000014,171.0999999999999,233
PA,2,2026-10-18,64,19,24,31,42,95,135,175,212.04999999999973
PA,3,2026-10-25,63,20.975,25,31,44,94,138.10000000000014,172,220
PA,4,2026-11-01,67,22.975,26,32,45,99,139.10000000000014,173.04999999999995,230.02499999999986
PA,5,2026-11-08,71,24,30.950000000000003,36,50,103,148,187.04999999999995,229.04999999999973
PA,6,2026-11-15,76,24,30,36.900000000000006,53,110,163,204.0999999999999,261.02499999999986
PA,7,2026-11-22,83,27,33,40,57,122,177,223,280.02499999999986
PA,8,2026-11-29,87,29,35,43,60,129,183.10000000000014,224,276
PA,9,2026-12-06,92,29,34,43,62,131,194.20000000000027,245.04999999999995,315.09999999999945
PA,10,2026-12-13,91,31,35,44,64,137,198,259,324.1249999999993
PA,11,2026-12-20,97,32,38,47,66,141,198,241,295.1499999999992
PA,12,2026-12-27,108,34,43,50,73,155,228,307,375.02499999999986
PA,13,2027-01-03,131.5,43,54,66,92,193,297,371.04999999999995,463
PA,14,2027-01-10,169.5,55,69,86,117,247,352.10000000000014,453,569.0999999999995
PA,15,2027-01-17,221,69,85,107,150,321,451,567.05,716.3499999999981
PA,16,2027-01-24,262,83,102,130,177,382,538,707.0999999999999,896.0249999999999
PA,17,2027-01-31,299,102,121,154.9,211,435,641.4000000000005,833.05,975.0749999999996
PA,18,2027-02-07,319,111,136.95,163,222,469.5,666.3000000000004,871.05,1094.174999999999
PA,19,2027-02-14,327.5,108.975,131,167,228,479,696.2000000000003,900.1999999999998,1177.0749999999996
PA,20,2027-02-21,334.5,115,138,167,232.75,479.25,673.5000000000007,890.05,1161.1499999999992
PA,21,2027-02-28,331,108.975,134.95000000000002,166,231.75,481,695.1000000000001,856,1039.5749999999969
PA,22,2027-03-07,325,112.975,133,162.9,225.75,481.5,676.2000000000003,874.049999999999,1086.0249999999999
PA,23,2027-03-14,314,111,129,157,217.75,451,643.2000000000003,829.1499999999999,1012.0249999999999
PA,24,2027-03-21,297,93,117,147,209,437.25,644.1000000000001,828.2499999999998,1064.2249999999988
PA,25,2027-03-28,280.5,98.97500000000001,113,139,195.75,410,582.1000000000001,715.0999999999999,898.0999999999995
PA,26,2027-04-04,267,86.97500000000001,109,134.9,184,397.25,568.2000000000003,747.0999999999999,926.1499999999992
PA,27,2027-04-11,254,85,106,127,176,365.25,534,661.1499999999999,811.3999999999978
PA,28,2027-04-18,238,75.975,90,114,162.75,345.25,501,613.2499999999998,759.174999999999
PA,29,2027-04-25,221,73,87,107,154,320,459.3000000000004,581.05,762.0999999999995
PA,30,2027-05-02,209,67.975,81,103,146,304,433.10000000000014,563.1999999999998,694.2499999999986
PA,31,2027-05-09,195,62,75,94,133.75,276,403.10000000000014,502.0999999999999,657
PA,32,2027-05-16,170,59,69,82.9,118,249,352,453.04999999999995,571.1249999999993
PA,33,2027-05-23,151,49,59,75,105,226,328,416.14999999999986,510.1249999999993
PA,34,2027-05-30,131,45,53,64,91,191,278.10000000000014,365.04999999999995,440.1249999999993
PA,35,2027-06-06,121,39,48,59.900000000000006,83,176,255,327.0999999999999,408.0499999999997
PA,36,2027-06-13,106,34,41,50,73,157,231,297,356.1249999999993
PA,37,2027-06-20,94,34,39,47,66,139.25,207.10000000000014,268,343
PA,38,2027-06-27,87,28,35,43,60,125,187,233.0999999999999,302.02499999999986
PA,39,2027-07-04,80,26,32,40,55,118.25,169,214.04999999999995,277.09999999999945
PA,40,2027-07-11,75,24,28,36,52,111,165.10000000000014,205.0999999999999,256.0499999999997
PA,41,2027-07-18,74,25,29,36,50,106,161,202.04999999999995,246.02499999999986
PA,42,2027-07-25,75,25,30,36,50,110,154,196.19999999999982,263.0499999999997
PA,43,2027-08-01,73,24,29,34,49,108,165,215,279.02499999999986
PA,44,2027-08-08,73.5,23,28,34,49,111,159.10000000000014,204.04999999999995,263
PA,45,2027-08-15,74,23,27,34.900000000000006,50,109,158.10000000000014,204,246.02499999999986
PA,46,2027-08-22,71,21,26,34,48,104,155,205,261
PA,47,2027-08-29,68,21,26,32,47,102,150,190,262
PA,48,2027-09-05,67,21,26,32,45,100.25,149,192.04999999999995,247.04999999999973
PA,49,2027-09-12,66,21,25,31,45,97,145,188,228.09999999999945
PA,50,2027-09-19,65,20,25,31,45,96,139.10000000000014,178,235.0749999999996
PA,51,2027-09-26,64,19.975,24,29,43,95,133,168,213.0749999999996
PA,52,2027-10-03,62.5,20,24,30,42,91,132,173,229.09999999999945
PA,53,2027-10-10,61,20,25,30,42,93,139,187.0999999999999,244
PB,1,2026-10-11,120.5,29,36.95,49,77,196,301,395.04999999999995,509
PB,2,2026-10-18,111,26,33,43,69,175,274.10000000000014,353.04999999999995,429.02499999999986
PB,3,2026-10-25,107.5,25,31,43,66.75,166,246,333.04999999999995,420.17499999999905
PB,4,2026-11-01,100,21.975,29,39,61,155,234,305.0999999999999,382.1249999999993
PB,5,2026-11-08,93,21,28,37,57,150,230.10000000000014,311.04999999999995,385
PB,6,2026-11-15,90,21,28,37,59,147,221,287.04999999999995,351.02499999999986
PB,7,2026-11-22,91,21,27,36,55,143,225,289,351.02499999999986
PB,8,2026-11-29,87,19,25,33,54,136,206.10000000000014,284,359.1499999999992
PB,9,2026-12-06,82,19,25,34,52,133,200,251.04999999999995,308.0499999999997
PB,10,2026-12-13,83,19,26,35,53,132,206.3000000000004,261,323
PB,11,2026-12-20,86,20.975,26,34,54,139,206,269.04999999999995,363.02499999999986
PB,12,2026-12-27,90,21,27,37,58,136,209.10000000000014,279,350.02499999999986
PB,13,2027-01-03,98,23.975,30,40,60,151,233.3000000000004,326,427.0499999999997
PB,14,2027-01-10,108,30,36,46,70,170,256.10000000000014,333.0999999999999,418
PB,15,2027-01-17,123,32.975,40,51,78,194,289.10000000000014,373.04999999999995,466.0499999999997
PB,16,2027-01-24,142,34,44,58,91.75,218.25,322.10000000000014,426.04999999999995,539.0999999999995
PB,17,2027-01-31,165,42,51,68,104,261,395,521.05,667.0999999999995
PB,18,2027-02-07,195,46.975,60,77,124,307,453,590.05,771.2749999999985
PB,19,2027-02-14,227,58.975,70,92,141.75,362.25,549.1000000000001,702.1499999999999,904.0499999999997
PB,20,2027-02-21,268,66,86,112,172,420,633.1000000000001,813.0999999999999,984.0249999999999
PB,21,2027-02-28,305,72.975,93,123,194,462.25,718.1000000000001,934.05,1190.0999999999995
PB,22,2027-03-07,327.5,86,109,138,214,519.5,794.2000000000003,1026.1499999999999,1336.174999999999
PB,23,2027-03-14,359,87.95,111,149,223.75,564.25,831,1044.2499999999998,1370.5999999999967
PB,24,2027-03-21,370.5,88.975,112,148,235,598.25,916.5000000000007,1251.1,1491.1499999999992
PB,25,2027-03-28,401,97.95,128,167,255.75,628,959.5000000000007,1272.1,1625.6249999999966
PB,26,2027-04-04,418.5,106,135,178,270,655.25,1006,1294.1,1637.2499999999986
PB,27,2027-04-11,426,111,137,174,266,682,1049.4000000000005,1355.2999999999997,1758.0749999999996
PB,28,2027-04-18,443.5,107.975,138,183,275,712.25,1123,1461.1,1767.4499999999975
PB,29,2027-04-25,433.5,105,130.95,173,276.75,691.25,1075.1000000000001,1364.6499999999994,1754.5249999999971
PB,30,2027-05-02,451.5,111.95,147,194,291.75,695.5,1104.700000000001,1451.4499999999996,1814.199999999999
PB,31,2027-05-09,453,116.975,145,192.9,291,724,1126.3000000000004,1477.8999999999992,1844.1999999999935
PB,32,2027-05-16,433.5,116,143.95,186,279,675.25,1044.2000000000003,1368.05,1779.0999999999995
PB,33,2027-05-23,442.5,112.975,146.95000000000002,189.9,279,691.25,1056,1309.8999999999992,1597.5999999999967
PB,34,2027-05-30,418,111.975,139.95,179,268,660.5,971.1000000000001,1278.1499999999999,1621.0249999999999
PB,35,2027-06-06,398,96.975,124.95,165,258.5,647,960.4000000000005,1280.05,1598.0999999999995
PB,36,2027-06-13,382,98.97500000000001,125,158.9,240.75,596.25,893.1000000000001,1132.05,1507.0749999999996
PB,37,2027-06-20,356,89,113.95,147.9,226,562,852.1000000000001,1105.05,1495.0499999999997
PB,38,2027-06-27,343,91,115,146,215.75,536.25,814,1036.1,1270.374999999998
PB,39,2027-07-04,326.5,80,101,128.9,205,496.25,764.1000000000001,988,1219.4749999999974
PB,40,2027-07-11,298,82,99,128,194,471,702,933.1999999999998,1138.0499999999997
PB,41,2027-07-18,292.5,68,93.95,122,185,459,684.1000000000001,931.0999999999999,1128
PB,42,2027-07-25,271.5,68.975,88,113.9,172,430,651.1000000000001,839.05,1075.0499999999997
PB,43,2027-08-01,254.5,66.97500000000001,84,111,164.75,406.25,609.3000000000004,816.1499999999999,1074.174999999999
PB,44,2027-08-08,242,55,71,96,150.75,373.25,569,748.0999999999999,953.2999999999984
PB,45,2027-08-15,219,52.975,68,91,140,348.25,520.1000000000001,653.2999999999997,799.2499999999986
PB,46,2027-08-22,205.5,51,65,85,134,325,485,651.05,896.3499999999981
PB,47,2027-08-29,192,44.975,58,75,118,301,470,613.05,772.2499999999986
PB,48,2027-09-05,176,45,56,73,112,276,436,574.0999999999999,712.4499999999975
PB,49,2027-09-12,169,37,49,65,102.75,261,405.10000000000014,539.05,651.0249999999999
PB,50,2027-09-19,155,37,46.95,61,94,247.25,377.10000000000014,482.04999999999995,618.0249999999999
PB,51,2027-09-26,140,32.975,42,56,88,223,345,462,570
PB,52,2027-10-03,130,30,39.95,54,84,207.25,316,411.04999999999995,516.0249999999999
PB,53,2027-10-10,120,31,39.95,50,75,191,284,363.0999999999999,455
PE,1,2026-10-11,282.5,57,78,103.9,167.75,512,916,1271.1499999999999,1699.0749999999996
PE,2,2026-10-18,266,55,70.95,96,156,492.25,893.2000000000003,1271.05,1911.174999999999
PE,3,2026-10-25,271,55,71,93.9,155,474.25,850.1000000000001,1249.3999999999996,1706.2749999999876
PE,4,2026-11-01,262,52.975,67,91.9,152,484.25,821.3000000000004,1103.1499999999999,1552.1999999999935
PE,5,2026-11-08,254,53,66.95,91,149,445,775.700000000001,1170.05,1609.749999999996
PE,6,2026-11-15,257,52.975,65,87,148,433.25,742.3000000000004,1040.5999999999995,1551.549999999997
PE,7,2026-11-22,238,49.95,62,87,139,412.25,720,1009.05,1486.3999999999978
PE,8,2026-11-29,236.5,46.975,61,88.9,139,402,695,990.0999999999999,1355.374999999998
PE,9,2026-12-06,229,51,62,84.9,135,402.25,701,967,1391.1749999999936
PE,10,2026-12-13,225,47,60,82,129,389.25,643.4000000000005,926.05,1265.2499999999986
PE,11,2026-12-20,211,46,57,78,126,379,663.4000000000005,924.3499999999997,1318.3249999999982
PE,12,2026-12-27,213,42.975,59,81,126.75,379.5,663.4000000000005,900.05,1255.1249999999993
PE,13,2027-01-03,221.5,46,60,83,133.75,377.75,654.2000000000003,928.05,1261.7749999999958
PE,14,2027-01-10,234,51.975,67,87,135,407.25,706.2000000000003,974.3999999999996,1404.0499999999997
PE,15,2027-01-17,249,51,68.95,90.9,146,433.25,741,1093.2999999999997,1394.374999999998
PE,16,2027-01-24,271,56.975,79,99.9,162.75,471.25,857,1202,1547.0749999999996
PE,17,2027-01-31,300,68.975,88,112,182,539.25,902.6000000000008,1288.1499999999999,1729.0249999999999
PE,18,2027-02-07,345.5,74,91.95,119,202,596,973.700000000001,1390.1999999999998,1910.6499999999965
PE,19,2027-02-14,379.5,79,104,139.9,225,684,1181.6000000000008,1648.05,2201
PE,20,2027-02-21,422,97,129,165.9,260,731.25,1257,1707,2214.4249999999925
PE,21,2027-02-28,460,100,135,174,281,795.25,1349.700000000001,1972.1,2721.025
PE,22,2027-03-07,515,104,141,196,300.75,892.5,1417,2022.05,2872.075
PE,23,2027-03-14,535.5,121.975,152,203.9,323,933.5,1594,2269.3499999999995,2952.899999999995
PE,24,2027-03-21,581,142.875,170.95000000000002,225,353.75,1000.25,1711.700000000001,2436.0999999999995,3394.899999999995
PE,25,2027-03-28,617.5,138.97500000000002,176,232.9,371,1072.5,1785.0000000000014,2556.45,3313.4749999999976
PE,26,2027-04-04,665.5,152.95,195,255.9,396.75,1144.25,1868.5000000000007,2530.25,3584.374999999998
PE,27,2027-04-11,709.5,148.95,193,256.8,414.5,1200.75,1974.2000000000016,2739.5499999999997,3779.224999999993
PE,28,2027-04-18,713,167.925,217.9,284,432.75,1228.25,2029.800000000001,2735.149999999998,3684.9249999999947
PE,29,2027-04-25,723,152,207.9,278.9,460,1255.5,2120.3,3057.949999999999,3892.2749999999987
PE,30,2027-05-02,722,174,210,288,446.5,1204,2093.7000000000007,3000.899999999999,4134.574999999997
PE,31,2027-05-09,746,178.97500000000002,218.90000000000003,287.9,455,1261.5,2096.2000000000003,2884.45,3895.0249999999996
PE,32,2027-05-16,747.5,171.975,223.95,288.9,443,1258.25,2096,2979.6499999999987,4088.499999999992
PE,33,2027-05-23,710,167.95,216.95,272,437.75,1198.5,2040.2000000000003,2776.8499999999995,4342.024999999989
PE,34,2027-05-30,694.5,165.97500000000002,210.8,273.9,423.75,1179,1889.2000000000003,2677.5499999999993,3824.8999999999896
PE,35,2027-06-06,677,144,185,240,398,1166.75,1988.2000000000003,2644.4999999999995,3313.099999999983
PE,36,2027-06-13,636.5,148.975,192,256,381,1072,1821.4000000000005,2713.949999999999,3580.8499999999954
PE,37,2027-06-20,608,136,170,220.8,356,1032.5,1775.1000000000001,2628.6499999999987,3718.699999999996
PE,38,2027-06-27,558,125,163.95,212,338.5,968.25,1663,2344.1499999999996,3214.124999999999
PE,39,2027-07-04,532,104.975,137.95,193,316,917,1613.4000000000005,2277.2,2994.199999999999
PE,40,2027-07-11,504,106.97500000000001,136,179.9,296,895,1547,2233.1499999999987,2851.249999999998
PE,41,2027-07-18,484.5,102.97500000000001,132,175,283,811.5,1452.1000000000001,2094.999999999999,3033.2749999999987
PE,42,2027-07-25,453,88.975,118.9,165.9,268,803.5,1424,2063.949999999998,2802.324999999998
PE,43,2027-08-01,427,92.975,123.9,158.8,254,766,1400.6000000000008,2035.1999999999998,2731.9249999999947
PE,44,2027-08-08,396.5,85.975,107.95,141,232,757,1307.2000000000016,1884.1499999999999,2531.0499999999993
PE,45,2027-08-15,388,78.97500000000001,97.95,137.9,227,703.5,1223.800000000001,1782.1499999999999,2471.2749999999983
PE,46,2027-08-22,381,76,97.95,131,215.75,648.25,1141.1000000000001,1569.5499999999995,2264.4499999999975
PE,47,2027-08-29,359,73.975,96.95,130.9,210.75,631,1152.3000000000004,1634.1,2215.124999999999
PE,48,2027-09-05,350,69,90,121.9,196,626,1106.1000000000001,1584.3499999999997,2231.2749999999983
PE,49,2027-09-12,330,64.975,86,117.9,195.75,588.5,1039.1000000000001,1444.1,2008.6499999999965
PE,50,2027-09-19,320,64,85,113,183.75,568.25,1020.3000000000004,1490.9499999999991,2034.5999999999967
PE,51,2027-09-26,305,60,80,110,176.75,549,973.2000000000003,1427.1499999999999,2079.399999999998
PE,52,2027-10-03,298.5,59,77,103,171,535.25,946.2000000000003,1329.3499999999997,1907.3249999999982
PE,53,2027-10-10,294,61.95,80,105.9,166,524,924.6000000000008,1246.1999999999998,1769.5999999999967
PI,1,2026-10-11,24,4,6,8,14,41,66,86.04999999999995,109.02499999999986
PI,2,2026-10-18,22,4,6,8,12,38.25,63,85,118.02499999999986
PI,3,2026-10-25,21,4,5,7,13,37,63,84,114
PI,4,2026-11-01,21,3,5,7,12,35,57,81,105
PI,5,2026-11-08,21,3,5,7,12,37,60,84.04999999999995,114.02499999999986
PI,6,2026-11-15,22,4,5,7,13,37,59,79.04999999999995,108.02499999999986
PI,7,2026-11-22,22,3.9750000000000014,5,7,12,38,61,82.04999999999995,115.04999999999973
PI,8,2026-11-29,22.5,4,6,8,13,38.25,64,87,115.02499999999986
PI,9,2026-12-06,24,4,6,8,14,41,66,91,120.04999999999973
PI,10,2026-12-13,25,4,6,9,14,45,72.10000000000014,92.04999999999995,125.02499999999986
PI,11,2026-12-20,29,5,7,11,17,48,82,112,145.02499999999986
PI,12,2026-12-27,33,7,9,12,19,55,89,123,164.04999999999973
PI,13,2027-01-03,41,8,11,15,25,67,104,137,179
PI,14,2027-01-10,51,11,14,19,31,82,129.10000000000014,169.04999999999995,227.02499999999986
PI,15,2027-01-17,64,15,20,26,40.75,101,159,207.0999999999999,279
PI,16,2027-01-24,79,19.975,24,32,50.75,127,196.10000000000014,270,358.1999999999989
PI,17,2027-01-31,96,23,31.950000000000003,41,61,153.25,239,316.04999999999995,409.02499999999986
PI,18,2027-02-07,117,29,37,46,74.75,191,288,381,467.02499999999986
PI,19,2027-02-14,136,35,44,56,86,214,335.2000000000003,439.0999999999999,558.0249999999999
PI,20,2027-02-21,158,40,51.95,66,100,247,392.10000000000014,513,666.1249999999993
PI,21,2027-02-28,181,48,59,78,113,285,435,577.05,739.3249999999982
PI,22,2027-03-07,211,56.975,70,90,138.75,329.25,493.10000000000014,652.5999999999995,846.1249999999993
PI,23,2027-03-14,242.5,64,80.95,100,151,390.5,580.1000000000001,745,918.3249999999982
PI,24,2027-03-21,268,76.975,94,116,171,423.25,670,927.3499999999997,1217.4499999999975
PI,25,2027-03-28,295,84,104,132.9,191,468,738.1000000000001,992.05,1231.0749999999996
PI,26,2027-04-04,328,90.97500000000001,113,146,219,520,787.5000000000007,1039.05,1411.0999999999995
PI,27,2027-04-11,353,98,120,153,227,577.25,854,1131,1406.0999999999995
PI,28,2027-04-18,372,103,127,164.9,244.75,573.25,904.3000000000004,1193.4499999999996,1491.0999999999995
PI,29,2027-04-25,381.5,102,127.95,166,242.75,595,905,1224.05,1515.2749999999985
PI,30,2027-05-02,380,115,132.95,166,247.75,591.25,890,1187.1999999999998,1536.1499999999992
PI,31,2027-05-09,374.5,103,127.95,158.9,237,567,846.1000000000001,1126.1999999999998,1440.0999999999995
PI,32,2027-05-16,358.5,101.975,121.95,155,232.75,544,802.2000000000003,1054.05,1365.0499999999997
PI,33,2027-05-23,337.5,96.975,118,148,222,511,767.2000000000003,999.05,1267.0999999999995
PI,34,2027-05-30,302,84.975,104,131.9,193,464,708.1000000000001,929.0999999999999,1232.0499999999997
PI,35,2027-06-06,273,72,94,117,179,415.25,614.4000000000005,780.1499999999999,972.174999999999
PI,36,2027-06-13,240,68,84,108.9,157,374,571.1000000000001,768.1499999999999,971.1249999999993
PI,37,2027-06-20,206,59.975,71,94,136,328,494.2000000000003,662.0999999999999,926.0749999999996
PI,38,2027-06-27,182.5,53,62.95,78,120,291,466.10000000000014,623.0999999999999,794.1249999999993
PI,39,2027-07-04,161,42,55,71,102,254.25,395.10000000000014,531.1499999999999,678.0749999999996
PI,40,2027-07-11,140,34,43,59,91,218,352,459.14999999999986,600.0749999999996
PI,41,2027-07-18,124,32,41,53,79,196,313.10000000000014,430.0999999999999,531.0249999999999
PI,42,2027-07-25,109,31,37,47,71,177,277.3000000000004,366,472.1249999999993
PI,43,2027-08-01,101.5,24,30,40,62,161,254.20000000000027,348.0999999999999,481.02499999999986
PI,44,2027-08-08,91,22,28,36,57,147.25,229,312,434.1999999999989
PI,45,2027-08-15,79,21,26,32,50,125,196.10000000000014,265.04999999999995,351.0749999999996
PI,46,2027-08-22,67,16,21,27,41.75,106.25,172.10000000000014,240.04999999999995,321.02499999999986
PI,47,2027-08-29,58,13,17,23,36,94,144.10000000000014,198,284.0499999999997
PI,48,2027-09-05,48,11,14,19,30,77,121,165,218.04999999999973
PI,49,2027-09-12,41,9,11.950000000000003,16,25,66.25,104,146.04999999999995,196.04999999999973
PI,50,2027-09-19,34,7,10,13,21,55,84,121.04999999999995,158.02499999999986
PI,51,2027-09-26,30,6.975000000000001,9,12,19,52,83,115.04999999999995,149
PI,52,2027-10-03,27,5,7,9,16,45,72,94,131.04999999999973
PI,53,2027-10-10,23,4,6,8,14,39,62,87,110.02499999999986
PR,1,2026-10-11,268,32,44,68,131.75,568.5,1129.5000000000007,1844.7999999999984,3054.0249999999946
PR,2,2026-10-18,302,36,51,75,150,629.25,1360.4000000000005,2261.0499999999997,3693.7499999999964
PR,3,2026-10-25,335,42.95,56,84,161.75,737.25,1545.800000000001,2399.1000000000004,3710.0249999999996
PR,4,2026-11-01,369,42,60,92.9,176.75,771,1706,2591.999999999999,4228.049999999989
PR,5,2026-11-08,402.5,51,68,107,203,869.25,1853.3000000000004,2862.1499999999987,4516.224999999971
PR,6,2026-11-15,453,57.95,80,117,225.75,996.25,2160.1000000000004,3448.249999999999,5425.024999999994
PR,7,2026-11-22,516,61.975,88,125,250,1034,2154.2000000000003,3677.099999999999,6389.824999999995
PR,8,2026-11-29,544,67,98.95,145.9,264,1174,2440.300000000002,3729.4999999999986,5573.524999999991
PR,9,2026-12-06,597.5,72.975,99,153,289.5,1279,2678.9000000000055,4507.8499999999995,6776.075
PR,10,2026-12-13,634,76.975,102,159,310.75,1311.25,2663.500000000001,4468.299999999996,6833.349999999993
PR,11,2026-12-20,648,82,114,172,325.75,1442.25,2990.600000000002,5098.599999999997,8682.774999999947
PR,12,2026-12-27,766,99,143.95,200,381.75,1532,3459.2000000000016,5857.0999999999995,8874.124999999995
PR,13,2027-01-03,814.5,107.95,142.95000000000002,217.9,417.75,1827.5,4206.200000000001,6190.55,9982.599999999991
PR,14,2027-01-10,1038.5,132.975,189,286,510.75,2183.75,4535.50000000001,7467.299999999994,12416.249999999998
PR,15,2027-01-17,1258,154.97500000000002,216.95,336,624.75,2600.25,5467.800000000002,9242.55,14787.399999999949
PR,16,2027-01-24,1537.5,190.95000000000002,259,381.70000000000005,746.75,3345,6782.600000000002,10910.9,16668.774999999943
PR,17,2027-01-31,1827.5,229.95000000000002,309.90000000000003,460,914,3915.25,8397.300000000008,12965.05,19406.424999999985
PR,18,2027-02-07,2153.5,275.95,385,559,1089.75,4586.5,9749.500000000004,17081.899999999998,25300.39999999996
PR,19,2027-02-14,2634.5,321.9,453,676.9,1350,5474,11903.500000000007,19470.249999999993,34306.09999999974
PR,20,2027-02-21,2963.5,367.975,507,774.2,1489,6473.25,13663.400000000005,21981.54999999999,34524.52499999999
PR,21,2027-02-28,3600.5,448.975,609.9499999999999,936.8,1759.75,7419.5,15954.300000000008,25308.649999999998,37925.29999999997
PR,22,2027-03-07,4112.5,474.925,664.6500000000001,1024.5,2024,8879.25,17823.2,28499.149999999998,47092.97499999991
PR,23,2027-03-14,4604,517.9,785.35,1151,2233.75,9417,18691.600000000013,30257.79999999998,51181.57499999965
PR,24,2027-03-21,5030,649.95,865.65,1242.9,2432,10705.25,22222.300000000007,34190.44999999999,59256.99999999983
PR,25,2027-03-28,5425,643.9499999999999,917.6500000000001,1308.6,2550.5,11396.5,23194.9,40689.499999999985,65034.974999999766
PR,26,2027-04-04,5623.5,748.7500000000001,975.25,1443.8999999999999,2790.25,11659.25,25314.800000000017,41485.39999999998,62901.77499999999
PR,27,2027-04-11,5508.5,722.9,982.6,1442.8,2778.75,11303.75,24221.900000000012,38213.59999999999,60026.149999999936
PR,28,2027-04-18,5720.5,691.775,912.8000000000001,1426.4,2880.25,11664.25,23563.300000000003,37455.64999999997,63896.074999999844
PR,29,2027-04-25,5099.5,608.75,877.6500000000001,1239,2421.25,10772.5,22677.700000000023,37737.599999999955,60928.77499999998
PR,30,2027-05-02,4553,588.825,799,1126.9,2158,9756.5,19535.00000000002,36045.29999999999,53148.949999999844
PR,31,2027-05-09,3725.5,482.65000000000003,651.7,926.4000000000001,1782,7882.75,15863.400000000012,26747.649999999994,41550.87499999996
PR,32,2027-05-16,3000.5,382.92499999999995,543.9,767.2,1496.75,6625.5,14150.900000000001,22575.94999999999,34675.19999999997
PR,33,2027-05-23,2410.5,293.975,409.9,639.9,1186.5,5021.25,10269.80000000001,16572.399999999998,26491.274999999965
PR,34,2027-05-30,1815,217,317.90000000000003,459.6,898,4043.75,8163.600000000012,13851.199999999995,21296.424999999923
PR,35,2027-06-06,1326,176.9,236.95,369,654,2769.25,6228.1,9921.299999999997,15811.749999999956
PR,36,2027-06-13,994.5,125,174.95000000000002,273.9,508,2134.75,4571.0000000000055,7635.899999999997,11550.524999999996
PR,37,2027-06-20,799,102.95000000000002,146,217.9,389,1539.75,3325.4000000000005,5831.749999999996,8800.174999999994
PR,38,2027-06-27,612.5,80.975,106,157,303.75,1303.25,2679.800000000004,4331.799999999999,7432.674999999985
PR,39,2027-07-04,480,58.975,88.95,124,226,1022.25,1962.9000000000012,3162.2999999999984,4975.699999999996
PR,40,2027-07-11,368.5,46.975,63.95,89.9,175,806,1643.5000000000007,2758.05,4226.174999999999
PR,41,2027-07-18,302.5,36,51,79,145.75,649.25,1291.700000000001,2342.2499999999973,3792.574999999991
PR,42,2027-07-25,247.5,30,43.95,68,120,542.5,1114,1845.4499999999996,2990.0499999999997
PR,43,2027-08-01,213,27,37.95,56,107,449,965.1000000000001,1595.8999999999992,2557.399999999998
PR,44,2027-08-08,191,25,35,49,93,406.5,849.2000000000003,1383.05,2047.349999999998
PR,45,2027-08-15,182,21,29,45,86.75,383,762.2000000000003,1221.3999999999987,1977.5749999999969
PR,46,2027-08-22,173,21,30,43,84.75,352.25,776.1000000000001,1270.05,1876.1499999999937
PR,47,2027-08-29,168,19.975,28,42,81,361,734.3000000000004,1254.1,2122.8499999999954
PR,48,2027-09-05,169.5,19.975,29,43,82,361.25,780.2000000000003,1205.199999999999,1951.3999999999978
PR,49,2027-09-12,182.5,22,31,43.900000000000006,87,401.25,792.6000000000008,1241,2117.6749999999965
PR,50,2027-09-19,199,23,33,50,96,408,843.2000000000003,1395.1999999999998,2254.8749999999955
PR,51,2027-09-26,218.5,27.975,39,58,107,473,979,1611.7999999999993,2442.149999999999
PR,52,2027-10-03,237,28,39.95,58.900000000000006,116,516,1046.1000000000001,1670.1499999999999,2603.0249999999996
PR,53,2027-10-10,278,37,52,73,135,585.25,1298.1000000000001,2281.699999999999,4263.4249999999975
RJ,1,2026-10-11,98,4,8,15,40,261,616.5000000000007,1020.2999999999997,1718
RJ,2,2026-10-18,107,4,9,16,38,280.25,635.4000000000005,1070.4499999999996,1712.6249999999966
RJ,3,2026-10-25,110.5,5,9,17,43,286,705.2000000000003,1188.199999999999,1906.7749999999958
RJ,4,2026-11-01,120.5,5,9.950000000000003,16,44,301.5,768.1000000000001,1235.7999999999993,1751
RJ,5,2026-11-08,126.5,6,11,19,49,354,833.4000000000005,1380.8499999999992,2136.1749999999993
RJ,6,2026-11-15,129,6,10,20,50,349.25,852.4000000000005,1517.8499999999992,2337.249999999993
RJ,7,2026-11-22,149,8,14,24,60,375.25,896.9000000000012,1519.1,2317.299999999993
RJ,8,2026-11-29,167,7,13,25,62,413,984.1000000000001,1803.5499999999995,2739.3499999999976
RJ,9,2026-12-06,168.5,8,14,26.900000000000006,67,461.25,1081.2000000000003,1833.1999999999998,2698.699999999996
RJ,10,2026-12-13,187,8,14,26,77,479.25,1155.6000000000008,2083.1,3069.374999999998
RJ,11,2026-12-20,217,10.975000000000001,16,33,79,565.5,1303.400000000002,2358.9999999999973,3923.449999999992
RJ,12,2026-12-27,234.5,12,20,35.900000000000006,88,615,1442,2504.549999999999,3969.249999999999
RJ,13,2027-01-03,276.5,13.975000000000001,21,43,104,696.25,1638.3000000000004,2712.349999999999,4499.849999999995
RJ,14,2027-01-10,307.5,14,23,45,114,762.75,1926.1000000000001,3119.999999999998,4844.974999999989
RJ,15,2027-01-17,359.5,18,30,55,137,957.5,2304.1000000000004,3827.15,6210.82499999999
RJ,16,2027-01-24,418,20,30,60,158.75,1059.25,2420.1000000000004,4223.599999999997,6986.249999999987
RJ,17,2027-01-31,468.5,21,35,71,192,1146.5,2970.1000000000004,4780.699999999999,7283.3999999999705
RJ,18,2027-02-07,510.5,24.975,47,80.9,198.75,1324.75,3403.1000000000004,5551.65,8801.649999999965
RJ,19,2027-02-14,582,29,49,87.9,220,1433.25,3275.100000000004,5226.7999999999975,7932.974999999995
RJ,20,2027-02-21,630.5,29.975,49,90.9,253.75,1638,3637.7000000000007,5949.0999999999995,9056.174999999934
RJ,21,2027-02-28,662.5,30,56.95,103.9,257.5,1611,3766.1000000000004,6588.299999999999,10912.224999999977
RJ,22,2027-03-07,687,31,57,102,285,1767,4320.500000000002,7185.699999999994,10964.374999999993
RJ,23,2027-03-14,711.5,37.975,60.95,116,275,1875.75,4292.500000000001,7351.149999999998,11758.524999999981
RJ,24,2027-03-21,720,38,63.95,116.9,267.75,1854.75,4428.4000000000005,7529.049999999996,12274.374999999993
RJ,25,2027-03-28,750.5,35,61.95,107,281,1942.75,4504.200000000002,7956.5499999999965,12397.174999999983
RJ,26,2027-04-04,739,40,62,116,286,1955.25,4718.100000000005,8242.249999999993,12893.699999999995
RJ,27,2027-04-11,725,36.975,62,112,284.75,1912.25,4733.5,7995.75,12942.824999999957
RJ,28,2027-04-18,743.5,33.975,61.95,114.9,288.75,1914.25,4663.300000000001,7765.299999999996,11882.224999999993
RJ,29,2027-04-25,723,31,61.95,113,275,1729.75,4389.900000000002,7029.25,11014.37499999997
RJ,30,2027-05-02,641,33,55.95,103.9,260.75,1762.5,4073.7000000000007,7200.399999999997,11211.724999999991
RJ,31,2027-05-09,659.5,29,50,87,242,1622.25,4050.900000000004,6955.199999999997,10944.949999999995
RJ,32,2027-05-16,576.5,28.975,48.900000000000006,92.9,221,1541.25,3737.7000000000007,6212.0499999999975,9706.449999999986
RJ,33,2027-05-23,521.5,22,42,80,199,1272,3117.2000000000035,4955.449999999998,8330.124999999995
RJ,34,2027-05-30,451,18,35,70,171,1147.25,2845.5000000000036,5271.8499999999995,7947
RJ,35,2027-06-06,391,17,30,55,148,1025.5,2500.600000000001,4053.2999999999993,6295.199999999988
RJ,36,2027-06-13,336.5,15,27,50,128.75,894,2150.600000000002,3641.499999999999,6030.199999999988
RJ,37,2027-06-20,293,12,23.950000000000003,42,113,757.25,1630.4000000000005,2713.3499999999985,4421.174999999999
RJ,38,2027-06-27,233,11,19,34,94,593.5,1526.1000000000001,2634.25,4404.449999999987
RJ,39,2027-07-04,213,10,15.950000000000003,32,84,549.25,1323.6000000000008,2377.5499999999993,3944.0249999999996
RJ,40,2027-07-11,184,7,14,28,69,460.25,1147.7000000000023,1873.1,2972.1999999999935
RJ,41,2027-07-18,162.5,7.975000000000001,13,25.900000000000006,62,418.25,1069.1000000000015,1663.05,2598.2499999999986
RJ,42,2027-07-25,147,6,11,21,56,386,878.0000000000014,1616.1999999999998,2592.0249999999996
RJ,43,2027-08-01,128,6,9.950000000000003,19,49,335.25,824.0000000000014,1441.4499999999996,2326.6249999999964
RJ,44,2027-08-08,114,4.975000000000001,9,17,45,305.5,694.1000000000001,1129.4999999999995,1845.374999999998
RJ,45,2027-08-15,105,5,9,16,41,270,672.4000000000005,1064.1,1772.4249999999977
RJ,46,2027-08-22,96,4,8,16,39,255,603.1000000000001,1030.5499999999995,1604.6499999999965
RJ,47,2027-08-29,95,4,7,13,36,229,555.4000000000005,1007.5999999999995,1615.2999999999984
RJ,48,2027-09-05,87,3,6,12,35,231.25,568,923.0999999999999,1420.4499999999975
RJ,49,2027-09-12,88,4,7,14,35,216,527.1000000000001,923.0999999999999,1654
RJ,50,2027-09-19,86,4,6,13,33,227.25,537.3000000000004,940.1499999999999,1626.0249999999999
RJ,51,2027-09-26,90,4,6,13,35,228,552.1000000000001,946.6499999999994,1421.8499999999954
RJ,52,2027-10-03,96,4,8,15.900000000000006,36,243.25,580.5000000000007,991.1999999999998,1484.3249999999982
RJ,53,2027-10-10,109,5,8,16.900000000000006,39,270.25,604.1000000000001,1023.3999999999996,1625.5249999999971
RN,1,2026-10-11,118,19,27,38,67,212,380.2000000000003,562.1499999999999,759.0999999999995
RN,2,2026-10-18,111.5,18,26.950000000000003,37,61,196,345.10000000000014,494.4499999999996,686.0499999999997
RN,3,2026-10-25,106,16,25,35,59,198,334.10000000000014,493.14999999999986,686.374999999998
RN,4,2026-11-01,98,15,22,32,56,185.25,321,467.0999999999999,643.0499999999997
RN,5,2026-11-08,95,13.975000000000001,20,29,53,184,310.10000000000014,468.04999999999995,619.2749999999985
RN,6,2026-11-15,89,13,20,28,50,159,305,399.0999999999999,568.0749999999996
RN,7,2026-11-22,85,13,18.950000000000003,26,47,157,276.2000000000003,407.04999999999995,588.0249999999999
RN,8,2026-11-29,83,12,18,27,46,150,279,407,542.2249999999988
RN,9,2026-12-06,82,13,17,25,44,153,269,397.1999999999998,581.0499999999997
RN,10,2026-12-13,84.5,13,19,26,46,161,275,412,595
RN,11,2026-12-20,84,13,18,26,47,154.25,296.2000000000003,430.2499999999998,628.0499999999997
RN,12,2026-12-27,90,15,21,29,51,170,293.10000000000014,427.04999999999995,619.0249999999999
RN,13,2027-01-03,98,17,23,31,54.75,184,314.10000000000014,460,677.5249999999971
RN,14,2027-01-10,113,18,26,35,59,213.25,360.3000000000004,532.1499999999999,681.374999999998
RN,15,2027-01-17,128,22,28,38,68,241,429,602.1499999999999,889.7999999999956
RN,16,2027-01-24,156,26,35,49,88.75,296.25,531.2000000000003,738.0999999999999,1028.2249999999988
RN,17,2027-01-31,194,29,40,58.900000000000006,104,344.25,610.2000000000003,864.2499999999998,1168.1249999999993
RN,18,2027-02-07,230.5,35,49,69,125,407,752,1084.05,1600.0499999999997
RN,19,2027-02-14,261,46,60,83,141,478,826.6000000000008,1215.1,1590.199999999999
RN,20,2027-02-21,303,48.975,67.95,95,165,552.25,1014.1000000000001,1386.4499999999996,2040.349999999998
RN,21,2027-02-28,346.5,57.95,74,103.9,186,615,1097.3000000000004,1514.1,2143
RN,22,2027-03-07,380,62.975,82.95,113.9,207,668.25,1158,1659.7999999999993,2246.1749999999993
RN,23,2027-03-14,411,64,85.95,124,217,711.75,1255.2000000000003,1840.1999999999998,2648.2499999999986
RN,24,2027-03-21,417.5,71.975,95,137,228,773.5,1284.1000000000001,1903.1499999999999,2722.999999999989
RN,25,2027-03-28,423.5,74.95000000000002,96.95,141,242,788,1341.2000000000003,2017.2499999999998,2706.2749999999987
RN,26,2027-04-04,457.5,75,102,149.9,250.75,816.25,1484.800000000001,2112.05,2951.2999999999984
RN,27,2027-04-11,463.5,79,106,146.9,252,829.25,1384.1000000000001,2068,3036.099999999994
RN,28,2027-04-18,472,80,107.95,147,260,861,1519.5000000000007,2226.2,3470.7749999999905
RN,29,2027-04-25,485,69.975,102.9,152.8,259.75,844,1529.0000000000014,2224.3499999999995,3357.374999999998
RN,30,2027-05-02,492,77,103.95,153,275,881.25,1565.4000000000005,2229.2,3136.549999999997
RN,31,2027-05-09,470,77,105.95,155,262,839.25,1534.6000000000008,2247.05,3125.924999999995
RN,32,2027-05-16,457.5,79,110,150.8,259.75,830,1496.1000000000001,2173.2,2999.0249999999996
RN,33,2027-05-23,456,81,108.95,152.9,264,823.5,1405.3000000000004,1918.999999999999,2604.224999999993
RN,34,2027-05-30,445,81.95,101,147,242.75,809,1404.1000000000001,2023.1499999999999,2617.249999999999
RN,35,2027-06-06,422,74,94.95,138,234.75,762.5,1343.4000000000005,1871.199999999999,2684.075
RN,36,2027-06-13,389.5,64.95,90,124.9,222,718.25,1248.1000000000001,1762.05,2461.249999999999
RN,37,2027-06-20,370,64.975,85.95,119,201.75,687.25,1217.1000000000001,1780.2999999999997,2325.075
RN,38,2027-06-27,347.5,65,84,119,204.75,625,1086,1532,2410.0249999999996
RN,39,2027-07-04,346,60,79,113,188,624,1096.3000000000004,1568.5499999999995,2236.0499999999997
RN,40,2027-07-11,324,57,74.95,104,178.75,578,1025,1509.2499999999998,2053.349999999998
RN,41,2027-07-18,304.5,52,69,97,167,544.25,906.3000000000004,1352.4499999999996,1901.3249999999982
RN,42,2027-07-25,289,49,67.95,97,167.75,517,898.1000000000001,1234.1,1666.2749999999985
RN,43,2027-08-01,277.5,49,64,91,156,485,850.3000000000004,1203.1499999999999,1669.199999999999
RN,44,2027-08-08,252.5,46,62,82,146,451.25,774.1000000000001,1138.2499999999998,1649.0249999999999
RN,45,2027-08-15,234,39,55,78,131,421.5,736.1000000000001,1044.3999999999996,1379.374999999998
RN,46,2027-08-22,212,34,49,69,119,388,636.1000000000001,881.1499999999999,1265.0499999999997
RN,47,2027-08-29,200,34,46,63,111,353,592.1000000000001,841,1221.2499999999986
RN,48,2027-09-05,180,32,43,60,100,325,565.1000000000001,769.1499999999999,1129.4249999999977
RN,49,2027-09-12,162,27,36,51,89,295.25,501.2000000000003,717,1002.0249999999999
RN,50,2027-09-19,153,25.975,34,50,84.75,268,498,678,921.1499999999992
RN,51,2027-09-26,142,24,32,44,77,252,417.10000000000014,590.05,786.0999999999995
RN,52,2027-10-03,135,23,32,42,73,245,431,602.2499999999998,819.0999999999995
RN,53,2027-10-10,118,19,27,38,65,219.25,373,546.0999999999999,742.0499999999997
RO,1,2026-10-11,18,2,3,5,9,34,65,95.09999999999991,135
RO,2,2026-10-18,20,2,3,6,10,37.25,71,107.04999999999995,141
RO,3,2026-10-25,23,3,4,6,12,43,81,120.04999999999995,181
RO,4,2026-11-01,26,3,4,7,13,47,91,132,191.02499999999986
RO,5,2026-11-08,29,4,5,8,16,55.25,98.10000000000014,155,227.12499999999932
RO,6,2026-11-15,35,5,7,10,19,63,116.10000000000014,173.19999999999982,262.02499999999986
RO,7,2026-11-22,40,6,8,12,21,76,126,191.0999999999999,328.52499999999714
RO,8,2026-11-29,45,6,9,14,25,86.25,155,246.04999999999995,351.02499999999986
RO,9,2026-12-06,52,7.975000000000001,11,15,27,97.25,179.10000000000014,270.1999999999998,401
RO,10,2026-12-13,58,8,11,16,31,106,193,283,410.0749999999996
RO,11,2026-12-20,65,10,14,20,35,120,216,332.04999999999995,484.0749999999996
RO,12,2026-12-27,75.5,10,14.950000000000003,21,41,144,251.10000000000014,376.1999999999998,563
RO,13,2027-01-03,86,13.975000000000001,18.950000000000003,26,47.75,159.25,300.10000000000014,426.14999999999986,652.0999999999995
RO,14,2027-01-10,100,16,22,31,53,180,349.10000000000014,499.1999999999998,705
RO,15,2027-01-17,113,16,22.950000000000003,34,62,212,373.10000000000014,581.05,845.0499999999997
RO,16,2027-01-24,124,19,26,39,67,226,413,643,1058.199999999999
RO,17,2027-01-31,129,21,30,42,70,256.25,459,673.2999999999997,1001.3249999999982
RO,18,2027-02-07,135,21,30,42,74.75,263,464.3000000000004,693.0999999999999,1046.0749999999996
RO,19,2027-02-14,143,22,32,44,77,271.25,511,746.3499999999997,1148.749999999996
RO,20,2027-02-21,147,21,31,43,79,275,494,769.05,1023.174999999999
RO,21,2027-02-28,147,22,30.950000000000003,43.900000000000006,75,274,492.10000000000014,739.1499999999999,1155.2499999999986
RO,22,2027-03-07,137,24,32,42,75,259,485.10000000000014,703,1042.1499999999992
RO,23,2027-03-14,129,20,29,38.900000000000006,70,241,432,622.1999999999998,977.1499999999992
RO,24,2027-03-21,121.5,19,25,37,67,221,399.10000000000014,619.1499999999999,970.0749999999996
RO,25,2027-03-28,110,18,24,34,60,211,397,564.05,807.0499999999997
RO,26,2027-04-04,102,16,22,30.900000000000006,53,193,340.5000000000007,536.4999999999995,846.0749999999996
RO,27,2027-04-11,93,14,20,29,49,167,323.10000000000014,477.3499999999997,682.1499999999992
RO,28,2027-04-18,88,14,19,27,46,164.25,290,435.04999999999995,619.2749999999985
RO,29,2027-04-25,77,12,18,24,42,143,258,401.0999999999999,594.0749999999996
RO,30,2027-05-02,71,10,15,22,39,134,237,388,553.0749999999996
RO,31,2027-05-09,66,9.975000000000001,13,20,36,127,228.10000000000014,336,520.1499999999992
RO,32,2027-05-16,59,8.975000000000001,12,18,33,111,208.10000000000014,299.0999999999999,435.0499999999997
RO,33,2027-05-23,55,9,11.950000000000003,17,30,108,185.10000000000014,274.2499999999998,430.2249999999988
RO,34,2027-05-30,50,7,10,15,27,95,178,245.04999999999995,367.0499999999997
RO,35,2027-06-06,46,7,10,14,25,87,164,238,338.1499999999992
RO,36,2027-06-13,42,6,9,13,23,80,149.10000000000014,222,330
RO,37,2027-06-20,39,6,8,12,21,74,131,199.04999999999995,273.0499999999997
RO,38,2027-06-27,36,5,7.950000000000003,11,19,65,119.10000000000014,185.04999999999995,291.1499999999992
RO,39,2027-07-04,33.5,5,7,10,17.75,62.25,116,178,240.04999999999973
RO,40,2027-07-11,30,4,6,9,16,56,102.10000000000014,147.04999999999995,234.44999999999754
RO,41,2027-07-18,28,3,5,8,15,53,103,150,255
RO,42,2027-07-25,25,3,5,7,13,46,87,139,201
RO,43,2027-08-01,22,3,4,6,12,41,75.10000000000014,122,177.09999999999945
RO,44,2027-08-08,20,2,4,6,11,38,67,95,147.24999999999864
RO,45,2027-08-15,17.5,2,3,5,9,33,62,88,128.17499999999905
RO,46,2027-08-22,17,2,3,5,9,31,58,84.04999999999995,119
RO,47,2027-08-29,14.5,1.9750000000000014,3,4,8,29,52,79,115.07499999999959
RO,48,2027-09-05,14,2,2,4,7,27,50,73.09999999999991,109.07499999999959
RO,49,2027-09-12,15,1,2,4,7,26,49,79.04999999999995,121
RO,50,2027-09-19,14,2,3,4,8,28,52,74.09999999999991,130.02499999999986
RO,51,2027-09-26,15,2,2,4,8,28,53,83.04999999999995,114.04999999999973
RO,52,2027-10-03,17,2,3,5,9,31,58,89.04999999999995,129.02499999999986
RO,53,2027-10-10,18,2,3,5,9,33,63,90.09999999999991,134.0749999999996
RR,1,2026-10-11,4,0,0,0,1,10,23,38,55.024999999999864
RR,2,2026-10-18,4,0,0,0,1,10,23,37,60.024999999999864
RR,3,2026-10-25,4,0,0,0,1,10,22,33,54
RR,4,2026-11-01,4,0,0,0,1,10,21,35,53
RR,5,2026-11-08,3,0,0,0,1,9,21,35,55.024999999999864
RR,6,2026-11-15,3,0,0,0,1,9,19,30.049999999999955,56
RR,7,2026-11-22,3,0,0,0,1,8,20,33,53.024999999999864
RR,8,2026-11-29,3,0,0,0,1,8,18,29,44
RR,9,2026-12-06,3,0,0,0,1,8,17,29.049999999999955,48
RR,10,2026-12-13,3,0,0,0,1,7,18,29,41
RR,11,2026-12-20,3,0,0,0,1,8,17,27,42
RR,12,2026-12-27,3,0,0,0,1,8,16,28.049999999999955,48
RR,13,2027-01-03,3,0,0,0,1,7,17,26.049999999999955,39
RR,14,2027-01-10,3,0,0,0,1,8,17,27,41
RR,15,2027-01-17,3,0,0,0,1,7,16,26,45.024999999999864
RR,16,2027-01-24,3,0,0,0,1,8,18,28,42.024999999999864
RR,17,2027-01-31,3,0,0,0,1,8,17,28,45
RR,18,2027-02-07,3,0,0,0,1,8,18.100000000000136,29,47.024999999999864
RR,19,2027-02-14,3,0,0,0,1,8,17,31,45
RR,20,2027-02-21,3,0,0,0,1,8,18.100000000000136,31,49.024999999999864
RR,21,2027-02-28,3,0,0,0,1,8,18,30,46.024999999999864
RR,22,2027-03-07,3,0,0,0,1,8,19,29,46.024999999999864
RR,23,2027-03-14,3,0,0,0,1,9,20,33.049999999999955,52
RR,24,2027-03-21,3,0,0,0,1,9,20,34.049999999999955,50.024999999999864
RR,25,2027-03-28,3,0,0,0,1,9,20,32,48.04999999999973
RR,26,2027-04-04,3,0,0,0,1,9,21,34,51.04999999999973
RR,27,2027-04-11,3,0,0,0,1,9,21,32,44.024999999999864
RR,28,2027-04-18,4,0,0,0,1,9,20,33,52
RR,29,2027-04-25,4,0,0,0,1,10,23,38,60.024999999999864
RR,30,2027-05-02,4,0,0,0,1,10,21,38.049999999999955,68.02499999999986
RR,31,2027-05-09,4,0,0,0,1,10,22,38,66
RR,32,2027-05-16,4,0,0,0,1,11,26,45,66
RR,33,2027-05-23,4,0,0,0,1,11,26,42,66.02499999999986
RR,34,2027-05-30,4,0,0,0,1,11,26,41.09999999999991,65.02499999999986
RR,35,2027-06-06,4,0,0,0,1,11,26,42,62
RR,36,2027-06-13,5,0,0,0,1,11.25,27,43,69
RR,37,2027-06-20,4,0,0,0,1,13,27,44,67
RR,38,2027-06-27,4,0,0,0,1,12,26,45.049999999999955,65.02499999999986
RR,39,2027-07-04,4,0,0,0,1,12,29,45,71.02499999999986
RR,40,2027-07-11,5,0,0,0,1,12,27,46,64
RR,41,2027-07-18,5,0,0,0,1,12,29,47,84.02499999999986
RR,42,2027-07-25,5,0,0,0,2,12,28,44.049999999999955,70.02499999999986
RR,43,2027-08-01,5,0,0,0,2,12,28,45.049999999999955,67
RR,44,2027-08-08,5,0,0,0,2,13,29,45,67.02499999999986
RR,45,2027-08-15,5,0,0,0,1,13,28,47,74.04999999999973
RR,46,2027-08-22,5,0,0,0,2,14,31,51.049999999999955,74
RR,47,2027-08-29,5,0,0,0,2,13,29,46,67
RR,48,2027-09-05,5,0,0,0,1,13,28,47,76.02499999999986
RR,49,2027-09-12,5,0,0,0,2,13,28,45,63
RR,50,2027-09-19,5,0,0,0,1,13,30,47,77
RR,51,2027-09-26,4,0,0,0,1,12,27,41.049999999999955,65
RR,52,2027-10-03,4,0,0,0,1,10,23.100000000000136,42,57.024999999999864
RR,53,2027-10-10,4,0,0,0,1,11,24.100000000000136,40.049999999999955,59
RS,1,2026-10-11,22,2,2,4,9,58,172,392.04999999999995,783.1249999999993
RS,2,2026-10-18,23,1,2,4,10,65,177,385.14999999999986,851.3999999999978
RS,3,2026-10-25,25,2,3,5,11,67,192.10000000000014,399,1000.0749999999941
RS,4,2026-11-01,28,2,4,5,11,71,193.10000000000014,434.2499999999998,1231.2749999999985
RS,5,2026-11-08,29.5,2,3,6,13,76.25,220.10000000000014,500.0999999999999,1002.9999999999891
RS,6,2026-11-15,34,3,4,6.900000000000006,14,89,253,563.3999999999996,1282.199999999999
RS,7,2026-11-22,37,3,4.950000000000003,7,15.75,95,280.10000000000014,639.1499999999999,1505.2749999999985
RS,8,2026-11-29,43,3,5,8,18,114,325,699.3499999999997,1598.0999999999995
RS,9,2026-12-06,49,3.9750000000000014,6,10,20,129,367.2000000000003,847.05,2028.174999999999
RS,10,2026-12-13,51,4,6,9,20,137,401.5000000000007,999.0999999999999,1995.5749999999969
RS,11,2026-12-20,54,5,7,10,22,144,434.2000000000003,996.05,2561.8249999999844
RS,12,2026-12-27,58,5,7,12,23,154,441.10000000000014,918,2212.2749999999987
RS,13,2027-01-03,64,5,8,13,27,172.25,500.3000000000004,1021.3499999999997,2319.0499999999893
RS,14,2027-01-10,69,6,10,15,31,180,460.2000000000003,1181.6999999999994,3052.524999999997
RS,15,2027-01-17,79,7,10,16,33,209.25,571.4000000000005,1144.5499999999986,2318.6249999999964
RS,16,2027-01-24,94,9,13,19,41,243.25,665.2000000000003,1446.1,3877.0499999999884
RS,17,2027-01-31,117,10,15,26,52,314.5,905,1896.149999999999,3788.549999999997
RS,18,2027-02-07,156.5,15,21,33,66.75,397,1125.9000000000026,2650.1499999999987,5550.049999999956
RS,19,2027-02-14,209,19.975,29,46,90,556,1439.700000000001,3574.4999999999995,7687.174999999993
RS,20,2027-02-21,297.5,28,38,63,125.75,818.25,2132.600000000002,4517.899999999998,9440.999999999989
RS,21,2027-02-28,425,38,56,82,175,1195.5,3040.4000000000005,6535.5999999999885,12761.099999999968
RS,22,2027-03-07,586.5,53,78.95,116,237,1574.75,4166.700000000006,10233.599999999997,19138.125
RS,23,2027-03-14,774.5,74,101.95,147.9,316.75,2139.75,5885.200000000011,12742.55,24738.99999999986
RS,24,2027-03-21,1000,104.875,142.90000000000003,218,434,2738.25,8224.700000000008,18288.899999999994,37865.69999999936
RS,25,2027-03-28,1286,120.94999999999999,172.95,254.8,521,3577.5,9906.500000000007,24223.549999999977,51675.47499999992
RS,26,2027-04-04,1512.5,128.975,185.95,285.9,630,4315.25,12203.200000000008,29010.69999999999,62728.424999999996
RS,27,2027-04-11,1716.5,144,202.95000000000002,317.8,688.5,4483.25,13157.000000000002,28003.449999999993,69847.54999999983
RS,28,2027-04-18,1663.5,147,208,332.7,697.5,4888.75,14001.800000000001,33342.49999999997,72524.04999999993
RS,29,2027-04-25,1654,142.97500000000002,199,306,644.25,4845.25,14405.300000000003,30538.899999999994,67198.04999999983
RS,30,2027-05-02,1420.5,121.975,168,272,561.75,4097.25,12509.20000000001,31210.549999999977,64039.32499999992
RS,31,2027-05-09,1152.5,90.92500000000001,130.9,203,463.5,3339.25,10435.199999999999,21324.75,46756.92499999975
RS,32,2027-05-16,817.5,75,103,159,324.75,2377.5,7511.100000000013,17393.799999999996,40594.47499999967
RS,33,2027-05-23,642,53.975,72,112,245.75,1813.25,5445.300000000003,14524.149999999998,33272.37499999977
RS,34,2027-05-30,421.5,33.975,46.95,72.9,169.75,1166.25,4170.500000000011,9583.749999999998,20552.17499999983
RS,35,2027-06-06,291.5,23,34,53.900000000000006,109,865.75,2644.1000000000004,5631.05,14062.849999999995
RS,36,2027-06-13,217.5,16,23,36,80,587.5,1901.700000000001,4350.9,10759.449999999812
RS,37,2027-06-20,151,11,17.950000000000003,26,58,478.25,1337.3000000000004,3232.2999999999997,7427.774999999996
RS,38,2027-06-27,110,8,13,19,44,325,1039.5000000000007,2287,4525.774999999996
RS,39,2027-07-04,77,6,9,15,31,233.25,759,1623.7999999999984,3764.774999999996
RS,40,2027-07-11,57,5,7,11,23,164,541,1279.1499999999999,3001.124999999988
RS,41,2027-07-18,45,3,5,8,17,132.25,426.10000000000014,942.6499999999994,2046.1499999999992
RS,42,2027-07-25,37,2,4,7,14,110.25,326.20000000000164,783.3999999999996,1712.3249999999873
RS,43,2027-08-01,31,2,3,6,12,88.25,266.3000000000004,657.5999999999995,1391.3999999999978
RS,44,2027-08-08,27,2,3,5,10,80,229.10000000000014,488.3499999999997,1365.1999999999935
RS,45,2027-08-15,25,1,2,4,10,70,218.20000000000027,445.49999999999955,977.0249999999999
RS,46,2027-08-22,21,1,2,4,9,60,188.10000000000014,427.0999999999999,950.6249999999966
RS,47,2027-08-29,21,1,2,4,8,60.25,186.10000000000014,402.7999999999993,1107.7749999999958
RS,48,2027-09-05,21,1,2,4,8,55,184,474.04999999999995,1015.2999999999984
RS,49,2027-09-12,21,1,2,4,8,55,179.40000000000055,370.49999999999955,924.7999999999956
RS,50,2027-09-19,21,1,2,3,8,56,176.40000000000055,413.14999999999986,948.6499999999855
RS,51,2027-09-26,21,1,3,4,9,58,164,339.0999999999999,783.8249999999955
RS,52,2027-10-03,22,1,2,4,9,59,182.10000000000014,421.1999999999998,929.9749999999947
RS,53,2027-10-10,23,1,2,4,9,61,182.40000000000055,409.1999999999998,858.0499999999997
SC,1,2026-10-11,42,3,4.950000000000003,8,17,115,353.10000000000014,826.6999999999994,2022.6249999999966
SC,2,2026-10-18,44,3,5,8,18,121.25,434,846.6499999999994,1950.9499999999948
SC,3,2026-10-25,48,3,5,9,20,132.25,451.9000000000012,975,2222.1499999999883
SC,4,2026-11-01,51,4,6,9,20,154,516.3000000000004,1080,2970.8499999999954
SC,5,2026-11-08,55,4,6,10,22,165.25,527.9000000000012,1258.05,2301.099999999994
SC,6,2026-11-15,59,4,7,12,24.75,173,570,1388.4999999999977,2890.0499999999997
SC,7,2026-11-22,67,5,8,13,27,184.25,578.4000000000005,1420,2880.974999999995
SC,8,2026-11-29,75.5,5,9,14,32,214,679.700000000001,1529.1,2963.9249999999843
SC,9,2026-12-06,88,6,10,17,38,246.25,805.3000000000004,1885.8999999999983,3789.9749999999835
SC,10,2026-12-13,95,8,12,19,40,270.25,810.5000000000007,1787.149999999998,3968.1749999999934
SC,11,2026-12-20,105,9,13,20,42,285,966.2000000000016,2360.1,5238.499999999992
SC,12,2026-12-27,115,10,14,23,47,333.25,1100.9000000000026,2105.8999999999983,4938.824999999979
SC,13,2027-01-03,123,10,14,25,50,349.25,1178.4000000000046,2464.05,5330.599999999942
SC,14,2027-01-10,133.5,11,17,25,54,395,1409,3177.5999999999995,6432.499999999985
SC,15,2027-01-17,145,12,18.950000000000003,28,60,450.25,1441.9000000000012,4031.6499999999996,7898.8749999999845
SC,16,2027-01-24,171,13,20,33,69,490.5,1648.800000000001,3300.3999999999987,7538.249999999976
SC,17,2027-01-31,203.5,16,24,40,84,619.25,2051.0000000000014,4751.949999999999,9078.399999999987
SC,18,2027-02-07,252,22,32,50.900000000000006,107,736.75,2438.600000000005,5671.4,12092.949999999917
SC,19,2027-02-14,330,30.975,43,70,134,980.75,3390.700000000002,7070.349999999991,16095.674999999937
SC,20,2027-02-21,422,42,56,82.9,172,1250.25,4035.300000000006,9420.89999999999,24610.27499999996
SC,21,2027-02-28,542,47.975,67,100,215,1555.25,5811.100000000008,12744.599999999999,26802.52499999987
SC,22,2027-03-07,705,60,88,135.9,288.75,2025,7617.900000000015,18502.549999999996,44305.149999999754
SC,23,2027-03-14,898,76,110.95,175,355,2698.25,8618.20000000001,21948.049999999992,50141.924999999836
SC,24,2027-03-21,1208,99.95,137,217.8,446.5,3487.25,11503.800000000001,27342.85,67398.94999999997
SC,25,2027-03-28,1399.5,119.975,171.9,259,592.5,3944.25,14249.600000000039,33547.19999999993,81865.67499999951
SC,26,2027-04-04,1636,148,218,328,679.5,4849,15353.800000000007,39060.89999999998,88308.025
SC,27,2027-04-11,1883,156,241.8,350.80000000000007,773,5643.5,19362.500000000007,46743.29999999997,125925.54999999983
SC,28,2027-04-18,1909.5,160,239.95,400,776.75,5584,20007.000000000033,51496.89999999995,126891.32499999947
SC,29,2027-04-25,1978.5,162.97500000000002,242,358,784,5933.25,22610.7,52268.34999999993,114507.1999999995
SC,30,2027-05-02,1814.5,164,239.95,365.6,765,5935.75,18296.30000000001,48301.74999999997,110891.99999999939
SC,31,2027-05-09,1607,142.97500000000002,200.89999999999998,301.9,656.75,4899.25,17255.800000000017,43147.09999999999,131428.37499999945
SC,32,2027-05-16,1376.5,108.925,172.75,251.9,530.25,4412,14590.400000000003,36871.04999999996,80491.12499999943
SC,33,2027-05-23,1069,88.975,128.9,195.9,417.75,3204.25,11692.60000000001,25064.649999999998,84131.32499999975
SC,34,2027-05-30,830,67,100.95,159.8,330.5,2489,8111.500000000018,20251.249999999975,65173.37499999984
SC,35,2027-06-06,620,49,73,107.9,239.75,2007.25,7098.0999999999995,16890.749999999975,54202.124999999985
SC,36,2027-06-13,475.5,38,55.95,91.9,185.75,1507.25,5185.100000000009,12681.299999999996,40773.62499999999
SC,37,2027-06-20,338,27,38,61.900000000000006,129,1085.25,3777.4000000000033,9157.649999999967,30923.89999999951
SC,38,2027-06-27,239.5,24,29,46,98,769.25,2659.0000000000055,6918.499999999994,15590.62499999986
SC,39,2027-07-04,178,12.975000000000001,19.950000000000003,32,68,557.75,1977.4000000000005,4663.05,16304.099999999999
SC,40,2027-07-11,127.5,11,16,24,51,401.5,1464.3000000000004,4033.749999999999,8419.899999999923
SC,41,2027-07-18,96,7,11,19,40,299,1038.700000000001,2982.0999999999985,6519.274999999928
SC,42,2027-07-25,76,5,9,14,31,240.25,859.5000000000007,1925.149999999999,4090.424999999981
SC,43,2027-08-01,63,4,7,11,24,195,650.2000000000016,1670.1,4785.224999999993
SC,44,2027-08-08,50,4,6,9,21,161,530.6000000000008,1291.6999999999985,3434.8249999999953
SC,45,2027-08-15,44,3,5,8,18,134,427.8000000000011,1113.05,2886.2749999999987
SC,46,2027-08-22,44,3,5,7.900000000000006,16,121,425.40000000000055,1006.1999999999998,2779.624999999986
SC,47,2027-08-29,37,2,4,7,15,114,385.10000000000014,876.4999999999977,2499.224999999988
SC,48,2027-09-05,38,2,4,6,15,108,327.2000000000003,863.1499999999999,2378.8499999999954
SC,49,2027-09-12,39,3,4,7,15,112.25,355.10000000000014,828.1499999999999,2126.6499999999965
SC,50,2027-09-19,38,2,4,7,15,107,371.10000000000014,916.05,2079.124999999999
SC,51,2027-09-26,39,3,4,7,16,117,371.40000000000055,857.0999999999999,1789.299999999993
SC,52,2027-10-03,39,2,4,7,16,117.25,395,890.7499999999993,1860.3499999999926
SC,53,2027-10-10,39,3,4,7,15,113,379,920,1642.3999999999978
SE,1,2026-10-11,26,1,2,4,10,63,134.10000000000014,214.04999999999995,342.1999999999989
SE,2,2026-10-18,25,1,2,4,10,59,133,225.4499999999996,367.17499999999905
SE,3,2026-10-25,25,1,2,3,10,61.25,130,221.04999999999995,328.17499999999905
SE,4,2026-11-01,26,1,2,4,10,61,144,233.0999999999999,383.0749999999996
SE,5,2026-11-08,25,1,2,4,10,60,136,222.04999999999995,339.02499999999986
SE,6,2026-11-15,22,1,2,4,9,56.25,122.30000000000041,188.14999999999986,315.0499999999997
SE,7,2026-11-22,21,1,1,3,8,54,121.10000000000014,194,317.29999999999836
SE,8,2026-11-29,20,0.9750000000000014,1,3,8,48.25,103,165,258.09999999999945
SE,9,2026-12-06,19,0,1,3,7,42,99.10000000000014,159,241.14999999999918
SE,10,2026-12-13,17,0,1,2,6,42,89,139.0999999999999,213
SE,11,2026-12-20,14,0,1,2,6,37,80,124.09999999999991,203.17499999999905
SE,12,2026-12-27,14,0,1,2,5,32.25,74,124.09999999999991,193.02499999999986
SE,13,2027-01-03,14,0,1,1.9000000000000057,5,33,65.10000000000014,110.04999999999995,170.02499999999986
SE,14,2027-01-10,13,0,1,2,5,32,68,116.04999999999995,186.0749999999996
SE,15,2027-01-17,13,0,1,2,5,32,72,112.04999999999995,177
SE,16,2027-01-24,14,0,1,2,5,34,74,114,167.02499999999986
SE,17,2027-01-31,15,0,1,2,6,36,78.10000000000014,122,217
SE,18,2027-02-07,16,0,1,2,6,39,78.10000000000014,122.04999999999995,183.22499999999877
SE,19,2027-02-14,16,0,1,2,6,39,85.10000000000014,132,203.02499999999986
SE,20,2027-02-21,18,0,1,3,7,42,91.10000000000014,151.04999999999995,232.0749999999996
SE,21,2027-02-28,19,1,1,3,8,45,96,155,250.04999999999973
SE,22,2027-03-07,20,0,1,3,7.75,46,99.10000000000014,157,247.0749999999996
SE,23,2027-03-14,19,1,1,3,8,48,101,164.0999999999999,266
SE,24,2027-03-21,20,1,1,3,8,50,112,174,267.0499999999997
SE,25,2027-03-28,22,0,2,3,9,54,117.10000000000014,191.0999999999999,344.0749999999996
SE,26,2027-04-04,22,1,2,3,9,54,124.10000000000014,187.0999999999999,277.1249999999993
SE,27,2027-04-11,23,1,2,3,9,58,117,180,295
SE,28,2027-04-18,27,1,1,3,10,61,126,224.04999999999995,356.2749999999985
SE,29,2027-04-25,27,1,2,4,10,65,143,228.19999999999982,385.1249999999993
SE,30,2027-05-02,31,1,2,5,12,75,154,252.14999999999986,442
SE,31,2027-05-09,30,1,2,5,12,77.25,171,268.14999999999986,417.1999999999989
SE,32,2027-05-16,33,1,3,5,13,77,167,301.0999999999999,468.3499999999981
SE,33,2027-05-23,38,2,3,6,15,92,198,306.14999999999986,483.0749999999996
SE,34,2027-05-30,39,2,3,6,15,92,235,356.0999999999999,568.1499999999992
SE,35,2027-06-06,42,2,3,7,17,100,205,324.04999999999995,526.174999999999
SE,36,2027-06-13,42,2,3,7,17,107.25,236.10000000000014,372.1999999999998,609.0749999999996
SE,37,2027-06-20,46,2,4,8,18,118.25,243.10000000000014,395.04999999999995,608.0249999999999
SE,38,2027-06-27,48.5,2,4,7.900000000000006,19,113,262,398.0999999999999,531.0499999999997
SE,39,2027-07-04,50,2,3.950000000000003,7,18,121.25,248.10000000000014,401.14999999999986,579.0749999999996
SE,40,2027-07-11,49.5,2,4,7,18,117,257.10000000000014,429.2499999999998,704.0999999999995
SE,41,2027-07-18,48,2,4,7,18,116,256.10000000000014,395.04999999999995,653.0999999999995
SE,42,2027-07-25,45,2,4,7,18,111,252.3000000000004,413.0999999999999,581.3249999999982
SE,43,2027-08-01,44,2,4,7,17.75,105,228.20000000000027,390.1999999999998,640.1999999999989
SE,44,2027-08-08,41,1,3,6,15,103,237,356.14999999999986,572.1999999999989
SE,45,2027-08-15,40,1,3,5,15,96,217,369.7499999999993,553
SE,46,2027-08-22,33,1,3,5,13.75,83,193.10000000000014,320,507.09999999999945
SE,47,2027-08-29,32,1,3,5,14,77,159.10000000000014,263.04999999999995,454.09999999999945
SE,48,2027-09-05,30,1,2,4,12,71,155,289.1999999999998,470.1999999999989
SE,49,2027-09-12,27,1,2,4,10,67,147.10000000000014,227.19999999999982,374.02499999999986
SE,50,2027-09-19,26,1,2,4,10.75,65,135.10000000000014,221.0999999999999,344.09999999999945
SE,51,2027-09-26,26,1,2,4,10,65,135,222.19999999999982,362.09999999999945
SE,52,2027-10-03,25,1,2,4,10,62,134.10000000000014,229.14999999999986,328.1499999999992
SE,53,2027-10-10,26,1,2,3.9000000000000057,10,67,140,226.04999999999995,353
SP,1,2026-10-11,1302.5,405.95000000000005,480.6,612.8,839,2183.25,4078.2000000000003,6283.75,8755.524999999998
SP,2,2026-10-18,1372,431.925,516,614.8000000000001,894.75,2366.75,4197.200000000002,6091.949999999999,8432.424999999997
SP,3,2026-10-25,1472,471,557.95,668,947.25,2446.25,4333.6,6531.399999999996,9213.62499999998
SP,4,2026-11-01,1572,487.975,575,699.9,1006.75,2638,4834.4,6925.0999999999995,9412.974999999984
SP,5,2026-11-08,1669,519.95,607.8,745.9,1065,2889.75,5071.700000000003,7515.45,11316.774999999969
SP,6,2026-11-15,1801.5,587.875,684.95,815.9,1164.75,3001.5,5376.800000000001,8018.249999999991,11499.224999999999
SP,7,2026-11-22,1921.5,616,722.85,858.7,1250.75,3280,5811.500000000001,8605.249999999998,12777.599999999986
SP,8,2026-11-29,2113.5,627.975,771.9499999999999,957.8000000000001,1385.5,3568.75,6364.900000000003,9682.199999999999,13990.199999999983
SP,9,2026-12-06,2244,717.775,837,1013.5000000000001,1442,3861.25,6761.100000000001,10309.999999999996,14024.04999999998
SP,10,2026-12-13,2509.5,793.65,921.6,1139.8,1595.75,4222.25,7304.700000000001,10740.649999999998,15552.199999999972
SP,11,2026-12-20,2831,832.95,1014.75,1237,1791.75,4723.75,8747.600000000002,12944.449999999995,19222.19999999999
SP,12,2026-12-27,3268.5,982,1198.75,1479.9,2077.75,5369,9547.700000000023,14652.85,22207.424999999992
SP,13,2027-01-03,3952.5,1195.95,1423.9,1721.2,2498,6843.75,11314.500000000005,18403.6,25155.574999999957
SP,14,2027-01-10,4674.5,1410.7,1734.7,2066.3,3047,8195.75,15156.4,24471.149999999998,33569.19999999997
SP,15,2027-01-17,5851,1714.9750000000001,2037.6000000000001,2597.4,3625.75,9743.25,18485.000000000004,28223.599999999984,42636.04999999997
SP,16,2027-01-24,7262.5,2183.7250000000004,2595.2000000000003,3138,4475,12409.75,22983.40000000004,35294.34999999997,52845.22499999995
SP,17,2027-01-31,8498.5,2475,2967.5,3726.7000000000003,5319.5,14643.5,26830.4,42067.149999999994,56924.07499999992
SP,18,2027-02-07,9940,3005.775,3481.9,4335.9,6277,16321.25,29137.60000000003,45871.099999999984,67939.89999999979
SP,19,2027-02-14,11204,3491.5499999999997,4196.6,5072.9,7257,19195.25,35478.9,53744.34999999999,85757.32499999997
SP,20,2027-02-21,12729,4054.3,4733.05,5699.3,8149.75,21691.5,39368.1,57564.549999999974,79314.59999999999
SP,21,2027-02-28,14089,4564.9,5427.25,6476,9168.5,23898,41695.90000000004,59191.29999999999,91257.02499999989
SP,22,2027-03-07,15978,5041.7,5884.6500000000005,7101.8,9901.75,26436.5,47453.900000000016,68854.79999999999,102134.52499999986
SP,23,2027-03-14,17738.5,5758.975,6688.9000000000005,7965.1,11427.75,29755,52447.20000000001,77894.6,110562.04999999996
SP,24,2027-03-21,19410,6023.725,7366,8807,12302.75,31884.25,55649.10000000002,83819.09999999999,125136.09999999992
SP,25,2027-03-28,20694,6250.575,7598.5,9550.199999999999,13329.25,34809,60820.80000000001,91597.4,121870.07499999981
SP,26,2027-04-04,21450.5,7022.45,8322.2,9925.5,13924,37388.25,63266.50000000001,96947.64999999995,138430.0499999998
SP,27,2027-04-11,22262.5,7400.175,8566,10548.300000000001,14473.25,36343.75,67333.90000000001,105218.04999999999,144190.47499999992
SP,28,2027-04-18,21930.5,7190.7249999999995,8450.7,10023.5,14257.75,36979,64083.800000000025,99594.69999999998,137037.49999999997
SP,29,2027-04-25,21543,6570.625,7911.1,9654.5,13924.5,35040,60754.00000000004,97576.4,126292.12499999983
SP,30,2027-05-02,19286.5,6567.625,7476.8,9045.8,12450.75,32276,56314.30000000001,79007.65,121384.5749999999
SP,31,2027-05-09,16909.5,5410.8,6536.95,7791.9,10939,28150.75,49514.90000000001,77226.09999999998,116493.84999999986
SP,32,2027-05-16,14412.5,4566.4749999999995,5383.4,6563.9000000000005,9245.5,24579,41714.90000000002,62391.799999999996,86255.87499999987
SP,33,2027-05-23,11700,3595.7999999999997,4368.9,5337.700000000001,7490.5,19133.5,32541.300000000003,49282.39999999998,68313.42499999992
SP,34,2027-05-30,8797.5,2811.975,3364.7,4096.9,5875.75,14694.75,24916.000000000007,37704.89999999998,56345.32499999997
SP,35,2027-06-06,6892,2173.9,2618.85,3268.6,4570.75,11155.5,19552.3,28194.399999999998,41106.42499999993
SP,36,2027-06-13,5390.5,1669.9499999999998,2026.9,2526.7,3482.5,8945.5,15404.500000000033,23033.549999999996,33748.74999999993
SP,37,2027-06-20,4041.5,1259,1561.3,1905.7,2648.25,6672.25,11978,17973.75,26112.72499999998
SP,38,2027-06-27,3270.5,1002.875,1176.8999999999999,1493.7,2056.75,5406,9113.800000000008,13001.699999999997,19882.1
SP,39,2027-07-04,2493,818,940,1161,1644.75,4176.25,7039.300000000008,10683.549999999997,15674.949999999984
SP,40,2027-07-11,2005.5,641.85,765.7,928.7,1295.75,3408.5,5978.900000000002,9061.649999999998,13873.874999999967
SP,41,2027-07-18,1683,525,618.95,747.9,1079.75,2848.25,5003.600000000005,7684.049999999999,11398.449999999997
SP,42,2027-07-25,1448.5,467.95,530.9,649,943.5,2441.5,4375.1,6232.25,8731.574999999997
SP,43,2027-08-01,1244,373.975,453,559.8,812.75,2073.75,3620.4000000000024,5465.2,7499.249999999998
SP,44,2027-08-08,1143,354.95,425.95,515,743,1865.75,3246.800000000001,5012.15,6999.699999999974
SP,45,2027-08-15,1068,340.975,391,466.80000000000007,677,1788.75,3168.500000000001,4400.749999999998,6661.949999999983
SP,46,2027-08-22,1016,319.95,381.95000000000005,462.90000000000003,651,1713.25,2930.1000000000004,4464.299999999999,6466.624999999997
SP,47,2027-08-29,1007.5,305.925,373.95000000000005,460,638,1710.75,2969.5000000000005,4314.0999999999985,6314.374999999998
SP,48,2027-09-05,1041,305.95,353,444,655,1744.25,2933,4499.649999999998,6586.399999999992
SP,49,2027-09-12,1063,305.925,383,469,681.75,1812,3134.300000000003,4731.15,6582.924999999995
SP,50,2027-09-19,1119,341.875,402.85,503,703.75,1872,3302.3,4975.35,6850.749999999985
SP,51,2027-09-26,1213.5,358.95,432.9,515,750,1981.25,3318.500000000005,5187.2,7217.024999999989
SP,52,2027-10-03,1272.5,386.95,454.90000000000003,558.9000000000001,798.75,2140.25,3571.2000000000016,5333.649999999999,8587.89999999999
SP,53,2027-10-10,1293,394.975,485.95000000000005,600.9,842.75,2156.25,3621.8000000000025,5106.299999999999,7652.924999999989
TO,1,2026-10-11,25,4,5,8,14,41,66,92,128.0749999999996
TO,2,2026-10-18,28,4,6,9,16,47,79,107,141.02499999999986
TO,3,2026-10-25,31,5,7,10,18,54,88,121.04999999999995,157
TO,4,2026-11-01,38,6,9,12,21,66,109,150.04999999999995,203.04999999999973
TO,5,2026-11-08,44,7.975000000000001,11,15.900000000000006,26,76,127,165.0999999999999,238
TO,6,2026-11-15,54.5,9.975000000000001,14,19,31,92,155,214.0999999999999,290
TO,7,2026-11-22,64,11,15,22,36,110,185,246.04999999999995,343.0749999999996
TO,8,2026-11-29,73,16,20,26,42,124.25,203.10000000000014,284.2499999999998,389.09999999999945
TO,9,2026-12-06,83,14,21.950000000000003,28,46,146,246,325.14999999999986,441.1999999999989
TO,10,2026-12-13,88,16,21.950000000000003,30,48,151,263,371,462
TO,11,2026-12-20,94,18,25,32.900000000000006,53,161,269.10000000000014,375,460.09999999999945
TO,12,2026-12-27,100,19,24,34.900000000000006,58,178,280.10000000000014,392.14999999999986,549.0999999999995
TO,13,2027-01-03,112,25,31,41,65,196.25,331.2000000000003,454.04999999999995,589.0249999999999
TO,14,2027-01-10,130,25,34,45,74,230.25,358,519.1999999999998,689.1249999999993
TO,15,2027-01-17,152,30,41,57,88,258,436.10000000000014,590,776.2249999999988
TO,16,2027-01-24,182,36,46,62,105,306,523,704.0999999999999,988.374999999998
TO,17,2027-01-31,201.5,39,52,72,116,333.25,565.1000000000001,779.3999999999996,1078.6499999999965
TO,18,2027-02-07,209.5,41,55,74,120,364.25,602.1000000000001,835.1499999999999,1078.0499999999997
TO,19,2027-02-14,214,42.975,59,77,125,369,611.2000000000003,860,1078.2499999999986
TO,20,2027-02-21,223,44,59.95,81,134,385,641.700000000001,905.05,1199.924999999995
TO,21,2027-02-28,223,41,57,78,131,381.25,651.4000000000005,874.05,1109.2999999999984
TO,22,2027-03-07,217.5,45,59.95,81,127,371.25,617,848.05,1076.5999999999967
TO,23,2027-03-14,222,45.975,59,76,130,367,614.2000000000003,816.0999999999999,1058.5249999999971
TO,24,2027-03-21,218,42.975,57.95,76,123,372.25,595.700000000001,798.2999999999997,1187.0749999999996
TO,25,2027-03-28,220,44.975,59,80,124,365,592,813.0999999999999,1086.4749999999974
TO,26,2027-04-04,212.5,43.975,56,77.9,125,355,597.1000000000001,828.0999999999999,1146.4499999999975
TO,27,2027-04-11,217,47,59,78,125,370,594.2000000000003,792.3499999999997,1097.6499999999965
TO,28,2027-04-18,212.5,46,57,76,121.75,347.25,596.1000000000001,815.05,1095
TO,29,2027-04-25,204,41,53.95,73,120,347,570.1000000000001,777,1010.1249999999993
TO,30,2027-05-02,193.5,38,48,65,110,332.25,571,776.05,954.3249999999982
TO,31,2027-05-09,183.5,34,47.95,64,110,313.25,515.1000000000001,693.1499999999999,909.0499999999997
TO,32,2027-05-16,159,31,42,58,96,274,462.2000000000003,654.2499999999998,859.0499999999997
TO,33,2027-05-23,141,27,36,49,78,234.25,399.2000000000003,551.3499999999997,776.0749999999996
TO,34,2027-05-30,119,24,30,43,71,200,318.3000000000004,467.04999999999995,600.0999999999995
TO,35,2027-06-06,102,19,25,35,58,168,278.10000000000014,392.04999999999995,534.0749999999996
TO,36,2027-06-13,85.5,15,19.950000000000003,29,50,144,235.10000000000014,321.2999999999997,452.17499999999905
TO,37,2027-06-20,70.5,13,17,24,42,121.25,204.10000000000014,287,363.0749999999996
TO,38,2027-06-27,58,10,14,20,34,102,168,230.04999999999995,293.02499999999986
TO,39,2027-07-04,52,10,13,18,30,88,147,194.14999999999986,282.1499999999992
TO,40,2027-07-11,44,8,11,16,26,76,124.10000000000014,176.04999999999995,230.0749999999996
TO,41,2027-07-18,42,8,10,14,24,68,117,155,213.04999999999973
TO,42,2027-07-25,36,6,9,12,21,65,104,142,186
TO,43,2027-08-01,35,6,9,12,20,58,100,137.04999999999995,178.04999999999973
TO,44,2027-08-08,32,6,8,11,18,54,90,124.04999999999995,169
TO,45,2027-08-15,29,5,7,10,17,50,83,109,151
TO,46,2027-08-22,28,5,7,9.900000000000006,16,49,79,110,153
TO,47,2027-08-29,27,4,6,9,15,47,75.10000000000014,103,136.02499999999986
TO,48,2027-09-05,24,4,6,8,14,42,73,102.04999999999995,131.02499999999986
TO,49,2027-09-12,23,4,5,8,13,41,67,92,125.02499999999986
TO,50,2027-09-19,22,4,5,7,13,39,66,93,121
TO,51,2027-09-26,22,4,5,8,13,38,63,87,117.04999999999973
TO,52,2027-10-03,24,3,5,7,13,39,63,84,126
TO,53,2027-10-10,26,3,5,7,14,44,69,94,133.04999999999973
BR,1,2026-10-11,7236.5,4185.95,4552,4880.8,5809,10058.5,15527.200000000015,22973.799999999996,31411.999999999953
BR,2,2026-10-18,7624,4412.925,4736.95,5119.9,6011.25,10376,15362.1,20871.45,30813.449999999866
BR,3,2026-10-25,8035.5,4572.85,4901.3,5339,6303.5,11008.5,16672.800000000017,24592.999999999996,35894.74999999997
BR,4,2026-11-01,8625.5,4813.925,5211.950000000001,5663.1,6673.75,11682,18223.9,26424.099999999973,37939.524999999936
BR,5,2026-11-08,9052.5,5107.4000000000005,5511.55,6017.9000000000005,7177.5,12538.5,19355.700000000008,27902.29999999999,43007.02499999998
BR,6,2026-11-15,9875.5,5524.8,5894.95,6448,7762.75,13492.25,20885.4,29226.85,47504.674999999916
BR,7,2026-11-22,10407,5903.825000000001,6320.3,7009,8253.75,14888.5,23710.500000000007,34260.95,57653.44999999996
BR,8,2026-11-29,11430.5,6483.6,6858.5999999999995,7495,8860,16132.5,24864.90000000001,37252.700000000004,55010.274999999994
BR,9,2026-12-06,12063,6800.925,7335.35,8000.5999999999995,9548.25,17044.25,25698.600000000017,35981.85,58216.67499999996
BR,10,2026-12-13,13159,7142.675,7792.85,8594.2,10238.75,18700.5,29528.700000000008,43784.6,65296.79999999994
BR,11,2026-12-20,14273,7768.7750000000005,8461,9428.4,11096.5,20565.75,33859.30000000002,44174.549999999996,67130.42499999978
BR,12,2026-12-27,16165,9039.475,9629.5,10572.900000000001,12613.75,22975.25,37146.50000000002,53506.65,79514.32499999997
BR,13,2027-01-03,18806.5,10149.6,10996.7,12179.7,14695,26840,41026.200000000004,59456.599999999984,95113.04999999994
BR,14,2027-01-10,22549.5,12508.5,13390.400000000001,14710.800000000001,17441.5,31636.75,48075.400000000016,68495.09999999998,106982.04999999987
BR,15,2027-01-17,26594,14544.224999999999,15758.85,17492.6,20943,37340.75,56804.7,84368.99999999996,125905.62499999997
BR,16,2027-01-24,32050.5,17470.375,18585.149999999998,20688,24821,44770,67896.2,97974.89999999998,153529.04999999976
BR,17,2027-01-31,36625,20548.7,21875.15,24176,29014.5,52267.25,78733.80000000002,115065.94999999998,172485.14999999973
BR,18,2027-02-07,42068,23313.625,25347.899999999998,27488.8,33085.5,58779,87353.5,129512.79999999999,205117.87499999997
BR,19,2027-02-14,47807,26190.699999999997,28556.850000000002,31061.7,37094.25,66736.25,102092.40000000002,148262.8,215422.29999999976
BR,20,2027-02-21,52746.5,28595.649999999998,30874.050000000003,34957.5,41485,76004.75,113932.60000000005,157957.59999999992,250273.37499999936
BR,21,2027-02-28,59423.5,31550.575,34387.3,37711.5,45759,82660.75,122658.90000000005,187021.84999999995,276834.57499999844
BR,22,2027-03-07,64810,33948.799999999996,36794.95,40468,49386,91520,140605.70000000007,207406.59999999998,320028.44999999995
BR,23,2027-03-14,69092.5,36910.625,40152.5,44846.9,53286.75,101292.75,161789.40000000017,230281.1999999999,359508.87499999994
BR,24,2027-03-21,76445.5,38212.325,42056.6,47494.700000000004,58827.25,108162.25,170638.9000000001,265628.14999999997,401612.8749999986
BR,25,2027-03-28,80604.5,41575.375,44778.9,49832.899999999994,60606.25,119134,186347.60000000006,275836.6,485242.19999999955
BR,26,2027-04-04,83548.5,43527.924999999996,47173.200000000004,52114.4,63365.25,123597,195600,303333.55,483692.324999999
BR,27,2027-04-11,85299,42748.174999999996,47831.75,53145.8,64819,125370,205650.6,329984.64999999997,542372.8749999983
BR,28,2027-04-18,85536.5,43579.15,47250.75,52528.7,64824.75,121967.5,204184.40000000002,295756.8499999998,465814.1749999998
BR,29,2027-04-25,82564,42105.875,45621.3,51031.5,62060.25,119758,192713.7,286040.7999999999,470377.0499999994
BR,30,2027-05-02,76058,38181.025,42045.6,46683,57138.75,107941.25,180400.20000000016,285695.44999999984,447350.8999999999
BR,31,2027-05-09,66431.5,34964.875,37550.549999999996,41767,50835.25,96147.5,159532.50000000012,258994.44999999992,459044.02499999816
BR,32,2027-05-16,58349,30462.95,33031.65,36013.9,44346,82343.5,131651.6,204553.19999999995,411078.0749999996
BR,33,2027-05-23,47668,25621.975,27757.45,30602,36825.5,68551.5,111271.90000000001,177660.14999999994,313969.64999999985
BR,34,2027-05-30,38875,21695.375,23478.85,25397.699999999997,30223.75,54103.75,86467.90000000001,127445.34999999996,236568.62499999953
BR,35,2027-06-06,31620.5,17819.55,19029.9,20872,24605,44340.25,68440.3,102800.04999999993,194797.77499999903
BR,36,2027-06-13,25998,14623.725,15596,17064,20403.25,36628,57019.1,85528.74999999996,145027.89999999962
BR,37,2027-06-20,21206,11977.95,12879.7,14239.6,16811,28881.25,44821.600000000006,73005.7,107870.84999999958
BR,38,2027-06-27,17699,10132.65,10965.2,11862.800000000001,13986.5,23730.25,35146.400000000016,52054.89999999999,78113.99999999968
BR,39,2027-07-04,14606,8606.574999999999,9315.949999999999,10024.099999999999,11870,19591,30264.600000000002,43332.55,70395.92499999984
BR,40,2027-07-11,12560,7282.9749999999995,7852.9,8623.7,10099.75,16568,24655.900000000005,34688.84999999999,55253.449999999866
BR,41,2027-07-18,10923.5,6483.875,6893,7549.8,8820.75,14803,21097.2,31757.449999999986,47775.0499999999
BR,42,2027-07-25,9756,5807.9000000000005,6161.75,6703,7862.5,12707,18944.2,26082.749999999993,40148.42499999991
BR,43,2027-08-01,8758,5231.95,5576.95,6045,7026,11746,16632.900000000005,23749.04999999999,34433.324999999924
BR,44,2027-08-08,7973.5,4787.55,5142.950000000001,5588.9000000000005,6497.75,10521,15283.500000000004,22564.949999999997,28645.47499999992
BR,45,2027-08-15,7440,4488.75,4838.65,5257.7,6107.25,9797,13955.200000000012,19774.949999999997,28308.52499999999
BR,46,2027-08-22,7099.5,4296.85,4595.85,4991.9,5791.75,9281,13118.300000000003,18157.149999999994,28465.47499999976
BR,47,2027-08-29,6869.5,4039.9750000000004,4299.65,4718.5,5507,8962,12696.800000000001,17240.249999999996,23901.774999999987
BR,48,2027-09-05,6689.5,3986,4268.9,4611.9000000000005,5387.75,8827,12816.2,17339.35,27006.899999999954
BR,49,2027-09-12,6686,3912.975,4201.9,4529.8,5338.25,8698.75,12784.5,16896.099999999995,22361.399999999998
BR,50,2027-09-19,6695.5,3939,4230.9,4606.700000000001,5384.25,8922.75,12972.400000000005,17972.149999999998,25081.72499999991
BR,51,2027-09-26,6844,3971.8250000000003,4278.95,4668,5478,9083.5,13678.000000000002,18957.499999999993,28970.64999999999
BR,52,2027-10-03,7056,4068.9750000000004,4421.8,4784.9,5619,9551.25,13939.400000000003,18780.2,25483.07499999998
BR,53,2027-10-10,7252,4124,4433.8,4870.8,5757.75,9823.75,14298.1,20243.19999999999,28842.999999999967
